id_eleve,sexe,pcs,retard,academie,type_etab,ressources_num,age,score_lecture
1,F,Ouvrier,0,Paris,Prive,0.37470710184319467,12,60.68
2,M,Professions_intermediaires,0,Marseille,Public,0.48881619733809173,10,88.52
3,M,Professions_intermediaires,0,Bordeaux,Prive,0.5913528913888204,10,79.76
4,F,Agriculteur,0,Toulouse,Prive,0.6963206969884536,11,78.79
5,F,Professions_intermediaires,0,Lyon,Prive,0.6869389616935347,10,71.75
6,M,Employe,0,Lille,Public,0.5585389169462116,12,49.03
7,F,Cadre,0,Lyon,Prive,0.5111247064750621,10,100.0
8,M,Cadre,1,Paris,Prive,0.43510257569335753,10,67.01
9,F,Retraite,0,Toulouse,Prive,0.4504811590987505,13,78.85
10,F,Professions_intermediaires,0,Paris,Prive,0.3439413501490861,12,61.43
11,M,Professions_intermediaires,0,Nancy,Prive,0.4143081396197311,10,81.17
12,M,Agriculteur,0,Toulouse,Prive,0.5707653317938456,13,72.16
13,M,Cadre,0,Lille,Prive,0.8080706321982205,12,100.0
14,M,Retraite,0,Lyon,Public,0.47005464288988696,13,68.56
15,M,Agriculteur,0,Marseille,Prive,0.33846357057165855,12,62.39
16,M,Retraite,1,Bordeaux,Public,0.6938508263341199,13,50.79
17,M,Agriculteur,0,Bordeaux,Public,0.09951690783232392,13,56.01
18,F,Professions_intermediaires,1,Marseille,Public,0.7086298948346675,11,67.62
19,M,Ouvrier,0,Lille,Prive,0.21343238192392022,10,46.53
20,F,Professions_intermediaires,0,Nantes,Public,0.6314319236070985,13,72.07
21,M,Ouvrier,1,Nancy,Prive,0.40478215769992076,12,36.46
22,F,Professions_intermediaires,1,Bordeaux,Prive,0.5641818868926017,13,62.45
23,F,Agriculteur,0,Nancy,Prive,0.9166299053418328,10,79.15
24,M,Professions_intermediaires,0,Toulouse,Public,0.3324446757036444,11,67.37
25,M,Employe,0,Nancy,Public,0.2998898267624807,10,72.1
26,M,Ouvrier,0,Nantes,Prive,0.5156423576757457,11,66.975
27,F,Agriculteur,0,Paris,Public,0.8050655915462932,13,72.08
28,M,Agriculteur,0,Paris,Public,0.5358330090336962,10,59.41
29,M,Cadre,0,Toulouse,Public,0.5089231428637311,11,82.62
30,F,Agriculteur,0,Nancy,Prive,0.5338159881422021,13,64.63
31,F,Agriculteur,1,Lyon,Public,0.2990656044160256,11,38.13
32,F,Professions_intermediaires,0,Nancy,Prive,0.5358455219070962,12,83.03
33,F,Ouvrier,0,Paris,Public,0.42143386676475075,11,69.92
34,M,Retraite,0,Lyon,Prive,0.7644923481255277,10,69.28
35,M,Cadre,1,Toulouse,Public,0.659597558502216,13,67.46
36,F,Agriculteur,0,Paris,Prive,0.23525298006032785,13,57.02
37,M,Retraite,1,Bordeaux,Public,0.4433733438183748,11,33.18
38,M,Cadre,0,Nancy,Prive,0.6055971877346714,13,93.48
39,F,Professions_intermediaires,0,Nancy,Public,0.3036944557659329,11,59.75
40,M,Ouvrier,0,Nancy,Public,0.28414545638448374,12,49.68
41,F,Retraite,0,Bordeaux,Prive,0.4076039406942277,11,57.6
42,M,Ouvrier,1,Bordeaux,Public,0.5688882113406449,11,45.33
43,M,Professions_intermediaires,0,Bordeaux,Public,0.7074304721447267,13,76.79
44,F,Cadre,0,Lyon,Prive,0.5464148712147792,10,81.39
45,F,Ouvrier,0,Bordeaux,Prive,0.9924672629541137,11,84.57
46,M,Cadre,1,Lyon,Public,0.3646479077439056,13,75.69
47,F,Retraite,0,Paris,Public,0.6480703156059268,11,66.975
48,M,Employe,0,Lille,Prive,0.2781805519538827,13,63.41
49,M,Employe,0,Lyon,Public,0.822195363512439,11,69.56
50,M,Employe,1,Paris,Public,0.7718822507668373,12,52.82
51,M,Ouvrier,1,Marseille,Prive,0.642301551847003,13,32.29
52,F,Employe,1,Lille,Public,0.15273329609018277,12,49.76
53,F,Professions_intermediaires,0,Nantes,Public,0.6404482488449902,13,66.975
54,F,Agriculteur,0,Bordeaux,Prive,0.33617345321432046,10,59.71
55,F,Agriculteur,1,Lyon,Prive,0.5907244157663687,13,48.51
56,F,Agriculteur,1,Bordeaux,Public,0.20907059874012185,12,49.46
57,M,Agriculteur,0,Nantes,Public,0.5539964550169187,13,66.88
58,F,Cadre,0,Marseille,Prive,0.4292892277384024,11,76.86
59,M,Retraite,1,Marseille,Prive,0.34435314110914106,12,21.77
60,M,Employe,0,Nantes,Prive,0.6185203794752026,13,68.91
61,M,Agriculteur,0,Lyon,Prive,0.4897400786467204,11,71.15
62,M,Ouvrier,1,Lille,Public,0.4590078430548634,11,34.68
63,F,Agriculteur,0,Toulouse,Public,0.6474385278122847,12,65.6
64,M,Ouvrier,0,Bordeaux,Public,0.8807916241063609,10,58.25
65,F,Employe,0,Marseille,Prive,0.5551347310960946,12,66.33
66,F,Cadre,0,Bordeaux,Public,0.1388053002295982,10,66.975
67,M,Agriculteur,1,Lille,Public,0.18834403081792744,12,31.06
68,F,Ouvrier,0,Toulouse,Prive,0.5137829384360922,13,57.49
69,F,Employe,0,Lyon,Public,0.7052940923591627,13,89.97
70,F,Cadre,0,Paris,Prive,0.526941610682231,13,100.0
71,M,Agriculteur,0,Lille,Public,0.6023131156437652,11,80.85
72,F,Retraite,1,Lille,Prive,0.48823608540424407,13,51.04
73,F,Professions_intermediaires,0,Bordeaux,Public,0.6924191285289656,12,62.29
74,F,Professions_intermediaires,0,Paris,Public,0.6233211649734562,11,100.0
75,M,Cadre,0,Lille,Prive,0.29608463594561074,12,83.04
76,F,Agriculteur,0,Toulouse,Public,0.5895603486660786,12,61.58
77,F,Ouvrier,0,Lyon,Public,0.19147334668296373,10,78.89
78,F,Ouvrier,0,Marseille,Public,0.5896047909778227,12,62.59
79,M,Employe,0,Lille,Prive,0.4434997004827702,12,73.27
80,M,Employe,0,Nantes,Public,0.5321387947103859,10,64.88
81,M,Cadre,0,Nancy,Prive,0.5648031249536071,10,66.975
82,F,Retraite,0,Bordeaux,Prive,0.5563274226126064,10,72.92
83,F,Professions_intermediaires,0,Nantes,Prive,0.7834949226671708,13,89.48
84,M,Cadre,0,Bordeaux,Prive,0.5068159472051075,11,95.7
85,M,Employe,0,Marseille,Prive,0.5377834568130293,11,69.23
86,M,Professions_intermediaires,1,Paris,Public,0.765963341224466,11,61.74
87,F,Employe,0,Paris,Prive,0.8793601645350138,12,76.41
88,F,Retraite,0,Lyon,Prive,0.4964581343022522,11,56.03
89,M,Cadre,0,Nantes,Public,0.39758289532243424,13,73.6
90,M,Professions_intermediaires,0,Paris,Public,0.40749718135648166,11,69.19
91,F,Retraite,0,Lyon,Prive,0.5901444075973874,13,78.84
92,M,Employe,0,Lille,Prive,0.4593224749653377,12,70.34
93,M,Cadre,0,Toulouse,Public,0.15014987019318699,12,75.46
94,F,Professions_intermediaires,0,Lyon,Prive,0.7246097498253516,13,78.07
95,M,Employe,0,Nantes,Public,0.6630777602245771,13,60.08
96,F,Ouvrier,1,Lille,Prive,0.7293286269903969,13,38.46
97,F,Employe,0,Nancy,Prive,0.7688251016174024,13,75.81
98,M,Ouvrier,0,Paris,Public,0.5381225242742163,11,60.91
99,M,Agriculteur,1,Bordeaux,Public,0.5521105867133356,13,56.15
100,F,Ouvrier,0,Nantes,Public,0.7013316625732852,11,63.98
101,M,Employe,0,Lille,Prive,0.25699084888235757,11,66.76
102,F,Retraite,0,Nancy,Public,0.42950510519752444,10,50.17
103,M,Professions_intermediaires,0,Lille,Prive,0.48813521823839756,11,65.19
104,F,Agriculteur,0,Nantes,Public,0.684387452319416,12,75.93
105,M,Agriculteur,0,Lyon,Public,0.3922784684903865,13,65.78
106,M,Employe,0,Bordeaux,Prive,0.3575701529877277,10,70.51
107,M,Professions_intermediaires,0,Bordeaux,Prive,0.4138065080867582,12,82.68
108,M,Employe,0,Nantes,Prive,0.5939260530126419,13,80.06
109,F,Professions_intermediaires,0,Nancy,Prive,0.48634484503424563,13,89.47
110,M,Agriculteur,1,Bordeaux,Prive,0.2098530303547294,11,58.0
111,F,Retraite,0,Nancy,Prive,0.24928462499515197,11,56.78
112,M,Retraite,0,Marseille,Public,0.5273207576389961,12,85.3
113,M,Ouvrier,1,Toulouse,Public,0.5339805101126389,12,66.75
114,F,Employe,1,Lille,Public,0.5055169966807507,11,36.9
115,M,Professions_intermediaires,0,Nantes,Public,0.40585759606594773,12,66.63
116,M,Employe,0,Bordeaux,Prive,0.6575294905619171,10,73.71
117,F,Professions_intermediaires,0,Marseille,Public,0.5737961178029369,11,79.21
118,F,Retraite,1,Lyon,Public,0.5669821554258738,13,31.79
119,F,Employe,0,Marseille,Prive,0.5740794369153119,11,61.58
120,F,Retraite,0,Marseille,Public,0.8194829353553975,11,74.48
121,F,Retraite,0,Lille,Prive,0.29514554449319647,13,59.03
122,M,Retraite,0,Nancy,Public,0.41578591365252726,11,67.74
123,M,Ouvrier,0,Toulouse,Public,0.43273145393757595,11,76.12
124,F,Employe,0,Lille,Prive,0.7515331631428999,13,62.83
125,M,Ouvrier,0,Marseille,Prive,0.4252492934800194,13,79.18
126,M,Ouvrier,0,Nantes,Public,0.34150812778607487,11,73.44
127,F,Ouvrier,1,Bordeaux,Public,0.47883824646046297,10,25.5
128,M,Cadre,0,Marseille,Prive,0.5209148482258267,12,73.72
129,M,Ouvrier,0,Lille,Prive,0.7392764860306386,10,61.63
130,M,Employe,0,Bordeaux,Public,0.4240627064313861,12,56.75
131,M,Retraite,0,Lille,Public,0.36250980077648426,11,66.21
132,M,Retraite,0,Paris,Prive,0.3180307389694087,13,65.71
133,F,Retraite,0,Marseille,Prive,0.4311429467788909,11,65.26
134,M,Ouvrier,0,Marseille,Prive,1.0127309264186108,13,74.65
135,M,Professions_intermediaires,0,Bordeaux,Prive,0.5764834032633898,10,74.48
136,F,Professions_intermediaires,0,Nantes,Prive,0.6196556285903806,10,81.7
137,M,Ouvrier,0,Paris,Prive,0.4999418512215614,11,77.21
138,F,Retraite,0,Lyon,Public,0.527476653213702,12,44.62
139,F,Cadre,0,Bordeaux,Prive,0.6573022907388906,10,66.975
140,F,Retraite,0,Marseille,Public,0.6125357492607745,12,72.16
141,M,Ouvrier,0,Bordeaux,Prive,0.5698311685056813,12,60.65
142,F,Professions_intermediaires,1,Paris,Public,0.5032239789028924,10,58.39
143,F,Ouvrier,0,Nancy,Public,0.4295387437818968,13,70.74
144,F,Retraite,0,Paris,Public,0.5848681861970254,13,62.72
145,M,Professions_intermediaires,0,Lille,Prive,0.5167115832265696,11,94.25
146,M,Ouvrier,0,Lyon,Public,0.9265531762538426,11,56.02
147,F,Employe,1,Lyon,Prive,0.710119011088498,11,58.71
148,F,Cadre,1,Paris,Prive,0.3651437939440555,12,62.41
149,M,Ouvrier,0,Lyon,Prive,0.26608977106015413,12,57.19
150,F,Ouvrier,1,Toulouse,Public,0.42035724650095263,11,46.6
151,M,Retraite,0,Nancy,Prive,0.28335366336448986,12,66.975
152,F,Retraite,1,Lille,Prive,0.40833771697104915,10,53.4
153,M,Professions_intermediaires,1,Lille,Public,0.30608590911332345,11,67.51
154,F,Retraite,0,Paris,Prive,0.4345939929973013,11,61.45
155,F,Professions_intermediaires,0,Toulouse,Prive,0.43697582029216425,11,69.45
156,M,Ouvrier,0,Nantes,Prive,0.529434469491483,10,72.04
157,F,Agriculteur,0,Lyon,Prive,0.45862450832758633,10,77.43
158,M,Ouvrier,0,Bordeaux,Prive,0.3195408573303594,13,41.94
159,M,Agriculteur,0,Toulouse,Prive,0.7429801368371582,11,78.32
160,M,Cadre,0,Lyon,Public,0.5805976601407863,12,92.75
161,M,Ouvrier,0,Paris,Public,0.3911072404711674,13,57.11
162,M,Employe,0,Marseille,Public,0.3227746667831205,10,76.61
163,F,Agriculteur,0,Paris,Prive,0.2065543165736321,11,48.61
164,F,Retraite,0,Lyon,Public,0.19190581576872612,11,39.37
165,F,Professions_intermediaires,0,Nancy,Prive,0.7094917129756689,12,89.69
166,M,Ouvrier,0,Nantes,Prive,0.6882558974214572,13,56.82
167,F,Retraite,0,Nancy,Public,0.3831481334933705,12,62.62
168,F,Agriculteur,0,Bordeaux,Public,0.7732360447890287,12,65.31
169,F,Cadre,0,Paris,Prive,0.6233528007976525,10,95.88
170,F,Professions_intermediaires,0,Marseille,Public,0.5406507050752846,11,79.46
171,F,Retraite,0,Bordeaux,Public,0.6723879308251204,12,154.33953289402461
172,F,Cadre,0,Paris,Prive,0.6236921725944969,12,77.11
173,M,Ouvrier,0,Nancy,Public,0.5307354870614466,12,59.23
174,M,Ouvrier,1,Lyon,Public,0.4519913907389167,11,41.95
175,M,Professions_intermediaires,0,Toulouse,Public,0.4785609295512076,11,68.74
176,F,Retraite,1,Bordeaux,Prive,0.17840504447317573,11,33.95
177,M,Agriculteur,0,Lille,Public,0.33985408084589175,11,64.57
178,F,Professions_intermediaires,0,Paris,Prive,0.860032241129203,10,89.48
179,M,Employe,0,Nancy,Prive,0.3345079706659946,12,67.17
180,M,Cadre,0,Nancy,Public,0.12986864577049423,12,86.44
181,M,Ouvrier,0,Paris,Public,0.6807927020265144,13,63.17
182,F,Cadre,0,Nancy,Prive,0.5497228378692887,10,95.71
183,F,Professions_intermediaires,0,Paris,Public,0.5609745102340237,11,66.35
184,M,Retraite,0,Bordeaux,Public,0.46849529106776205,11,66.89
185,F,Retraite,1,Lyon,Public,0.6821522830745559,13,52.61
186,F,Agriculteur,0,Lyon,Public,0.805934968629064,13,97.45
187,F,Ouvrier,0,Paris,Prive,0.3957103014437314,11,53.17
188,F,Agriculteur,0,Toulouse,Prive,0.6265763357614722,11,61.48
189,F,Employe,0,Lyon,Prive,0.723699266303581,10,66.49
190,F,Professions_intermediaires,0,Toulouse,Public,0.38444720743225747,11,67.27
191,M,Retraite,0,Lille,Prive,0.8019156023058528,10,74.33
192,M,Retraite,0,Nantes,Prive,0.7230334415504394,11,57.56
193,M,Professions_intermediaires,0,Nantes,Prive,0.25159766456130067,11,71.64
194,F,Employe,0,Toulouse,Prive,0.818995581272867,10,75.83
195,M,Professions_intermediaires,0,Paris,Prive,0.26208418344850615,13,77.0
196,F,Agriculteur,0,Toulouse,Prive,0.36251110051089785,12,72.05
197,F,Professions_intermediaires,1,Paris,Public,0.636732800531819,12,65.96
198,F,Cadre,0,Paris,Public,0.7082919381927951,12,94.5
199,F,Cadre,0,Marseille,Public,0.5197356561046728,11,96.44
200,M,Professions_intermediaires,0,Bordeaux,Public,0.37402634795214623,11,57.81
201,F,Ouvrier,0,Nantes,Prive,0.4479773836591008,13,47.26
202,M,Retraite,0,Nancy,Public,0.4243031456260833,11,62.15
203,F,Ouvrier,0,Marseille,Public,0.6682443349475471,12,65.96
204,M,Retraite,0,Bordeaux,Public,0.4188245552059482,12,53.0
205,F,Ouvrier,0,Lille,Prive,0.36963066974258696,10,63.67
206,F,Professions_intermediaires,0,Bordeaux,Public,0.2045507537263846,13,57.26
207,M,Cadre,0,Nantes,Public,0.38115400733943183,10,78.97
208,M,Professions_intermediaires,1,Lille,Public,0.47632600438373335,11,53.32
209,F,Cadre,0,Bordeaux,Public,0.2739200877163596,13,85.67
210,M,Retraite,0,Lille,Prive,0.15105513461752912,12,51.79
211,F,Ouvrier,0,Marseille,Prive,0.6959917106048329,13,76.75
212,M,Retraite,0,Marseille,Public,0.29991648403552496,13,74.72
213,M,Agriculteur,0,Lyon,Prive,0.23813367420965492,12,76.08
214,F,Agriculteur,0,Lyon,Public,0.8139049539502511,11,92.68
215,M,Ouvrier,0,Nancy,Public,0.6697545980918032,10,73.33
216,F,Ouvrier,0,Lille,Prive,0.705097134031249,12,71.55
217,F,Cadre,0,Lyon,Public,0.6010401344892867,11,80.98
218,F,Employe,0,Bordeaux,Public,0.7622746902434263,12,69.19
219,F,Agriculteur,0,Paris,Public,0.6766806458002645,12,81.93
220,M,Retraite,0,Lille,Public,0.4311119509762099,10,46.46
221,F,Cadre,0,Nancy,Public,0.28699034269844814,11,92.73
222,F,Agriculteur,0,Toulouse,Public,0.24337084540111215,13,66.975
223,M,Ouvrier,0,Marseille,Prive,0.47206046983204875,11,54.58
224,F,Agriculteur,0,Lille,Public,0.28000127732154634,13,71.64
225,M,Ouvrier,0,Toulouse,Public,0.3404635088465327,12,59.01
226,F,Agriculteur,0,Paris,Public,0.46954139441123466,11,65.05
227,M,Cadre,0,Nancy,Prive,0.7795760557573637,13,81.95
228,M,Cadre,0,Nancy,Public,0.19788449110277573,12,63.84
229,M,Employe,0,Bordeaux,Public,0.505945088555654,12,47.66
230,F,Cadre,0,Toulouse,Public,0.2497133787415367,11,93.16
231,F,Retraite,0,Marseille,Prive,0.3887313635887977,13,61.1
232,M,Agriculteur,1,Paris,Public,0.6859703087399742,11,44.09
233,F,Cadre,0,Lille,Prive,0.3303330613766293,12,88.53
234,M,Employe,0,Lyon,Public,0.4473258915059182,13,58.83
235,F,Professions_intermediaires,0,Marseille,Public,0.5282044360822993,12,69.28
236,M,Agriculteur,1,Lyon,Prive,0.6402355795968946,12,61.79
237,M,Employe,0,Lyon,Prive,0.39042151044704587,10,71.26
238,F,Agriculteur,0,Paris,Prive,0.7521560011490402,11,76.7
239,F,Retraite,0,Marseille,Prive,0.41097367085867365,11,58.55
240,M,Retraite,0,Lille,Public,0.5968706260501293,13,68.23
241,F,Professions_intermediaires,0,Lyon,Prive,0.46201708932038776,13,79.89
242,M,Employe,0,Lille,Prive,0.6481810907246386,11,72.58
243,F,Employe,0,Bordeaux,Prive,0.9055015166943909,11,66.975
244,M,Agriculteur,1,Lille,Prive,0.44448002525458835,10,37.77
245,M,Cadre,1,Nancy,Public,0.4967968921175862,11,61.61
246,F,Ouvrier,1,Lille,Prive,0.41359449604861026,10,44.61
247,M,Agriculteur,0,Nancy,Public,0.38281049737408857,10,60.27
248,F,Ouvrier,0,Nantes,Public,0.3601406386959415,13,67.0
249,M,Retraite,0,Paris,Prive,0.4962706333910319,12,76.0
250,F,Cadre,0,Lille,Public,0.3446043331953581,11,82.62
251,F,Cadre,0,Paris,Public,0.35067311518563093,11,85.66
252,F,Ouvrier,0,Lyon,Public,-0.13310022482581907,11,45.69
253,F,Employe,1,Bordeaux,Public,0.7769902474610153,13,51.96
254,F,Retraite,0,Marseille,Prive,0.8287604442664955,12,84.28
255,M,Professions_intermediaires,0,Paris,Prive,0.6297515647021152,12,69.33
256,F,Retraite,0,Nantes,Prive,0.3252235916106194,12,69.1
257,M,Retraite,0,Nancy,Prive,0.24730249755310563,12,54.0
258,F,Ouvrier,0,Toulouse,Prive,0.18709957839772562,11,47.01
259,F,Cadre,0,Marseille,Public,0.6278319375048091,13,97.38
260,M,Retraite,0,Bordeaux,Public,0.7530595039578272,13,75.83
261,M,Cadre,0,Marseille,Public,0.5332174253940831,11,78.85
262,F,Professions_intermediaires,1,Nancy,Prive,0.6715655796958062,11,57.76
263,F,Professions_intermediaires,0,Lyon,Public,0.5889693531063889,13,76.34
264,M,Agriculteur,0,Marseille,Prive,0.3458237141149322,10,66.72
265,M,Retraite,0,Paris,Public,0.7018934716870253,11,64.04
266,M,Retraite,0,Marseille,Prive,0.6891142168182915,13,83.79
267,F,Professions_intermediaires,0,Toulouse,Prive,0.3019032250143183,12,61.16
268,F,Professions_intermediaires,0,Bordeaux,Prive,0.6614211289808193,10,65.41
269,M,Cadre,0,Nantes,Public,0.47047877083360856,11,82.3
270,M,Ouvrier,0,Nancy,Public,0.4478221875335413,13,40.96
271,F,Agriculteur,0,Lille,Public,0.5781216885543867,12,64.23
272,F,Ouvrier,0,Marseille,Public,0.5719425991281021,13,57.39
273,F,Agriculteur,0,Toulouse,Public,0.6777371095369449,13,73.55
274,M,Cadre,0,Nancy,Prive,0.3301392170618167,13,78.49
275,F,Agriculteur,0,Lyon,Prive,0.6131198144148896,12,74.11
276,F,Retraite,1,Toulouse,Public,0.26800569609565383,10,33.38
277,F,Professions_intermediaires,0,Lille,Public,0.46424924816297286,11,71.31
278,M,Professions_intermediaires,0,Toulouse,Prive,0.4775844178884284,10,78.72
279,F,Cadre,1,Lille,Prive,0.6940092502744649,11,49.34
280,F,Cadre,1,Bordeaux,Prive,0.5018526343327745,10,69.33
281,F,Ouvrier,0,Lyon,Public,0.4476318680762523,12,41.05
282,F,Ouvrier,0,Toulouse,Prive,0.7851858708377062,11,67.87
283,M,Agriculteur,1,Marseille,Prive,0.41420067415402406,13,66.975
284,F,Retraite,0,Lille,Public,0.405769535715654,13,66.2
285,F,Ouvrier,0,Marseille,Prive,0.12470091370371095,10,47.66
286,M,Employe,0,Toulouse,Prive,0.45662680925959964,11,68.36
287,F,Professions_intermediaires,1,Bordeaux,Prive,0.3120632770434604,11,42.88
288,M,Agriculteur,0,Lille,Public,0.44985413263486385,10,79.34
289,M,Agriculteur,0,Nancy,Public,0.5479916546401813,12,76.54
290,F,Agriculteur,0,Nantes,Prive,0.2829794117920773,10,56.18
291,M,Ouvrier,0,Paris,Public,0.3354039778939355,13,68.77
292,F,Employe,0,Lille,Public,0.1801081947934593,11,63.21
293,M,Cadre,0,Lyon,Public,0.3980374346551589,11,71.59
294,F,Ouvrier,0,Nantes,Prive,0.31110318385358626,10,67.85
295,M,Cadre,1,Nancy,Public,0.9288383448922819,12,88.23
296,M,Cadre,0,Nancy,Prive,0.8008076893631914,13,88.32
297,M,Retraite,0,Paris,Public,0.7683682616078169,11,73.2
298,F,Employe,0,Nancy,Prive,0.24104298911066108,10,62.68
299,F,Retraite,0,Paris,Prive,0.464526946841484,13,69.93
300,F,Agriculteur,1,Nancy,Prive,0.25936196650711296,11,51.36
301,F,Agriculteur,0,Toulouse,Public,0.8685644344957175,12,86.48
302,M,Agriculteur,0,Lyon,Public,0.6662166112238946,13,55.03
303,F,Retraite,0,Toulouse,Prive,0.28948284239323296,12,56.2
304,M,Employe,0,Lyon,Prive,0.5738947378801582,12,77.31
305,M,Cadre,0,Paris,Public,0.20348752465273556,12,71.19
306,F,Professions_intermediaires,0,Paris,Prive,0.4727033302485466,13,78.02
307,F,Retraite,0,Marseille,Prive,0.4648874160076657,12,56.48
308,M,Ouvrier,1,Bordeaux,Prive,0.6479295040091617,13,49.36
309,F,Cadre,0,Nancy,Public,0.6975679420134007,11,90.18
310,F,Employe,0,Paris,Public,0.5040647954504015,10,74.03
311,M,Employe,0,Toulouse,Public,0.4551998731043156,10,69.57
312,M,Agriculteur,1,Nancy,Public,-0.14705229030230327,10,21.12
313,F,Employe,0,Lyon,Prive,0.8124247758469523,11,94.23
314,F,Agriculteur,0,Lyon,Public,0.3684818029506345,13,54.84
315,F,Retraite,0,Lyon,Prive,0.52042934131983,10,88.32
316,M,Agriculteur,0,Paris,Public,0.9518184779665768,12,58.5
317,M,Employe,0,Lyon,Prive,0.26118896146856674,13,62.36
318,M,Ouvrier,0,Nancy,Prive,0.5042542795966631,13,47.43
319,M,Cadre,0,Nantes,Prive,0.5993716896444505,13,100.0
320,M,Professions_intermediaires,0,Nantes,Prive,0.7184923208737324,10,69.68
321,F,Agriculteur,0,Bordeaux,Prive,0.50024400478686,10,59.65
322,F,Cadre,0,Marseille,Public,0.735116467616903,13,90.98
323,M,Employe,0,Lille,Prive,0.41687183458320326,10,78.04
324,M,Retraite,0,Lille,Prive,0.6087035017590054,13,77.49
325,M,Retraite,1,Marseille,Prive,0.582791340689551,13,43.82
326,F,Professions_intermediaires,0,Paris,Public,0.48177822561373246,11,72.21
327,F,Agriculteur,0,Toulouse,Public,0.5647000232004308,13,66.975
328,F,Retraite,0,Toulouse,Prive,0.325086921284792,10,61.13
329,F,Cadre,0,Bordeaux,Prive,0.44027005893267884,10,84.91
330,M,Ouvrier,0,Lyon,Public,0.24262391571141995,11,53.06
331,M,Professions_intermediaires,1,Nancy,Prive,0.4116880121314001,10,57.55
332,F,Cadre,0,Marseille,Public,0.7276364191661792,11,94.57
333,F,Agriculteur,0,Toulouse,Prive,0.5840828367664842,11,85.04
334,M,Agriculteur,0,Paris,Public,0.5615861528337859,11,63.62
335,F,Cadre,0,Nancy,Prive,0.18022397695776743,11,72.65
336,M,Cadre,0,Paris,Public,0.5640103176618873,10,84.57
337,M,Cadre,0,Nantes,Public,0.48744491805579193,12,81.9
338,F,Professions_intermediaires,0,Bordeaux,Prive,0.6074831504029421,13,85.63
339,F,Professions_intermediaires,1,Lille,Prive,0.7766433163011925,11,52.09
340,M,Professions_intermediaires,0,Bordeaux,Prive,0.418215973634564,10,83.63
341,M,Professions_intermediaires,0,Lille,Prive,0.4368788361899202,13,70.05
342,F,Retraite,1,Lyon,Public,0.6836262665186723,13,60.17
343,M,Employe,0,Paris,Prive,0.37931608251422844,11,87.13
344,M,Employe,0,Lille,Prive,0.517478416167636,11,76.62
345,M,Agriculteur,0,Bordeaux,Public,0.10068230232385839,12,64.84
346,F,Retraite,1,Bordeaux,Public,0.43838888143357724,13,54.19
347,M,Professions_intermediaires,0,Marseille,Prive,0.7610042227325516,10,77.09
348,M,Cadre,0,Marseille,Prive,0.5670873078852637,11,87.84
349,F,Cadre,0,Bordeaux,Prive,0.6798834871748721,13,83.41
350,F,Cadre,0,Toulouse,Public,0.6912629736636741,10,84.23
351,M,Ouvrier,0,Paris,Public,0.7698517078642926,10,68.71
352,F,Professions_intermediaires,0,Marseille,Prive,0.43056646178005775,13,74.83
353,F,Employe,1,Toulouse,Prive,0.68845614371641,13,56.53
354,F,Employe,0,Nantes,Prive,0.9495237575064472,11,79.6
355,M,Professions_intermediaires,0,Marseille,Prive,0.4947374919041577,13,71.34
356,M,Retraite,0,Toulouse,Prive,0.2360673702737563,11,66.51
357,F,Employe,0,Nancy,Public,0.3810090971313066,10,60.32
358,M,Retraite,0,Lyon,Public,0.5936673545252185,11,68.32
359,F,Professions_intermediaires,0,Nancy,Public,0.1676582665062203,12,78.52
360,M,Retraite,0,Lyon,Public,0.34758307139196076,12,67.03
361,M,Cadre,1,Lille,Prive,0.43404343035418824,11,62.29
362,M,Retraite,0,Marseille,Public,0.5219716083217875,12,48.32
363,F,Professions_intermediaires,0,Marseille,Prive,0.8593020029672229,10,80.34
364,M,Agriculteur,1,Toulouse,Prive,0.6375627616726358,10,70.15
365,F,Professions_intermediaires,0,Marseille,Public,0.27722742782793025,10,68.37
366,M,Cadre,1,Nancy,Prive,1.2735214591337587,13,80.97
367,F,Professions_intermediaires,0,Bordeaux,Public,0.4966959413587612,12,76.95
368,F,Retraite,0,Lille,Prive,0.16391556098450166,10,61.95
369,F,Agriculteur,0,Lille,Prive,0.2923237800631224,10,59.03
370,M,Ouvrier,0,Marseille,Prive,0.2935077174801783,13,62.28
371,F,Agriculteur,1,Nancy,Prive,0.23040375845638833,12,47.25
372,M,Retraite,0,Marseille,Public,0.6025925381951983,12,50.75
373,F,Agriculteur,1,Nantes,Prive,-0.03338365401571053,11,14.87
374,F,Cadre,0,Paris,Public,0.6964501894587205,11,84.99
375,M,Cadre,0,Lille,Public,0.6628816466389693,10,76.69
376,F,Agriculteur,0,Marseille,Prive,0.4087041656801134,12,70.28
377,M,Professions_intermediaires,1,Bordeaux,Prive,0.6831425588516571,12,54.66
378,M,Cadre,0,Bordeaux,Public,0.28145147384528024,12,66.975
379,F,Cadre,0,Marseille,Public,0.3315353769599164,13,86.14
380,F,Cadre,1,Lille,Prive,0.6099099128421195,12,58.87
381,F,Ouvrier,0,Marseille,Public,0.4580917515010293,13,57.3
382,M,Ouvrier,0,Bordeaux,Public,0.374978649466433,12,52.27
383,M,Ouvrier,1,Lille,Prive,0.4772931302907391,10,47.9
384,F,Cadre,1,Paris,Prive,0.7637528852537185,12,69.72
385,F,Professions_intermediaires,0,Lille,Public,0.7559990647758099,13,92.39
386,F,Cadre,0,Lille,Public,0.58522527112738,12,99.13
387,F,Retraite,0,Toulouse,Prive,0.42891374094570167,10,62.72
388,M,Employe,0,Nantes,Prive,0.604282564994425,10,63.96
389,M,Cadre,0,Paris,Public,0.32751052975477657,10,72.32
390,F,Employe,0,Lyon,Prive,0.7337896588691977,12,80.03
391,M,Employe,0,Nantes,Public,0.6900849755119309,11,70.28
392,F,Professions_intermediaires,0,Lille,Public,0.8863179810595294,11,77.44
393,F,Employe,1,Lyon,Public,0.339564632334424,13,53.04
394,M,Employe,0,Bordeaux,Public,0.31474048975606034,13,71.16
395,M,Agriculteur,0,Paris,Prive,0.6102648344828773,10,61.89
396,M,Agriculteur,1,Nantes,Prive,0.44524753917008,13,50.05
397,F,Employe,1,Lille,Public,0.6998638325123845,13,58.2
398,F,Ouvrier,0,Toulouse,Prive,0.7635420070868264,10,82.61
399,F,Employe,1,Paris,Public,0.8405609412835245,13,54.51
400,F,Professions_intermediaires,0,Lyon,Public,0.5116796595379587,13,75.76
401,M,Retraite,0,Nancy,Public,0.6760769235821471,11,73.82
402,M,Ouvrier,0,Nantes,Prive,0.39660809978780837,12,69.15
403,F,Ouvrier,0,Nancy,Public,0.5434430002254402,10,66.06
404,M,Professions_intermediaires,0,Toulouse,Public,0.48931260048138725,12,75.79
405,F,Retraite,0,Nancy,Prive,0.47864530788798965,11,59.98
406,M,Professions_intermediaires,1,Lille,Public,0.8647833400368515,11,59.11
407,F,Retraite,0,Nantes,Prive,0.23158401588005334,13,58.25
408,F,Professions_intermediaires,0,Lyon,Prive,0.49900435410770055,13,81.79
409,M,Ouvrier,0,Lyon,Prive,0.5107541036213528,11,64.28
410,F,Cadre,0,Marseille,Prive,0.6286601585661789,10,82.13
411,F,Agriculteur,1,Marseille,Prive,0.280565537313848,12,52.32
412,F,Professions_intermediaires,0,Bordeaux,Public,0.44020297152541654,13,72.66
413,F,Employe,0,Lille,Public,0.3808466538303618,13,64.49
414,F,Employe,0,Nancy,Public,0.04961764260473084,11,65.5
415,F,Professions_intermediaires,0,Lille,Prive,0.7324956082322192,12,88.65
416,M,Cadre,0,Toulouse,Public,0.20601353416200802,10,80.65
417,M,Professions_intermediaires,0,Bordeaux,Prive,0.17935623909238063,11,83.79
418,F,Cadre,1,Bordeaux,Prive,0.6895256046083503,12,52.8
419,F,Cadre,0,Marseille,Public,0.4330289820369874,13,92.72
420,M,Professions_intermediaires,0,Bordeaux,Prive,0.4399431876295936,11,63.68
421,M,Ouvrier,0,Nancy,Public,0.4437560198005652,13,58.61
422,M,Cadre,0,Nancy,Prive,0.7148741364509806,11,88.95
423,M,Cadre,0,Marseille,Prive,0.3896357844560102,12,81.13
424,M,Agriculteur,0,Marseille,Public,0.6190131368513836,12,62.49
425,F,Agriculteur,0,Nantes,Prive,0.2717647826012743,12,52.33
426,F,Cadre,0,Nancy,Public,0.5660090223536406,11,69.73
427,M,Employe,1,Lyon,Public,0.6805383307098435,12,49.18
428,M,Employe,0,Nancy,Prive,0.7810192787065114,10,74.48
429,F,Employe,0,Nancy,Prive,0.19017411262406814,13,67.11
430,M,Employe,0,Nantes,Public,0.4406606243160297,12,76.22
431,F,Agriculteur,0,Nantes,Prive,0.8196726909765482,11,84.17
432,M,Ouvrier,0,Bordeaux,Public,0.6843737817231703,11,73.03
433,M,Ouvrier,1,Paris,Public,0.4601976041239843,10,30.2
434,F,Professions_intermediaires,0,Toulouse,Public,0.5007618152938401,10,85.53
435,F,Employe,0,Lyon,Public,0.5594037443546431,11,73.25
436,F,Agriculteur,0,Paris,Prive,0.4254036642439686,10,56.24
437,M,Agriculteur,0,Lille,Prive,0.6094300624495625,12,66.975
438,M,Agriculteur,0,Lyon,Prive,0.5981017663060546,11,62.3
439,F,Cadre,1,Lyon,Public,0.27704383421788037,10,51.35
440,F,Cadre,0,Marseille,Prive,0.4020455989993046,12,97.31
441,M,Cadre,0,Toulouse,Prive,0.4091826031913729,12,84.23
442,F,Employe,1,Nancy,Public,0.4488954737961275,11,38.07
443,F,Professions_intermediaires,0,Marseille,Prive,0.5539752740146815,12,71.92
444,F,Retraite,0,Nantes,Prive,0.5360948186645234,13,75.89
445,M,Employe,1,Lyon,Prive,0.3560488417201029,12,33.1
446,M,Ouvrier,0,Lille,Public,0.7680549450278242,11,64.7
447,F,Professions_intermediaires,0,Nantes,Prive,0.5010112335644762,12,74.32
448,M,Cadre,0,Nancy,Public,0.7927238126558107,13,100.0
449,M,Agriculteur,1,Paris,Prive,0.7880373380830534,12,41.29
450,F,Retraite,0,Bordeaux,Prive,0.2881593669136002,11,48.17
451,M,Retraite,0,Bordeaux,Prive,0.40193226822317724,10,56.81
452,M,Cadre,0,Nancy,Prive,0.4165469310264857,12,66.975
453,F,Retraite,1,Marseille,Public,0.5626621080003922,13,47.26
454,F,Ouvrier,0,Toulouse,Public,0.6452818004073873,12,60.52
455,M,Cadre,0,Toulouse,Prive,0.52938526867786,12,92.34
456,M,Employe,1,Nancy,Prive,0.3898190261785126,10,45.44
457,F,Retraite,0,Marseille,Public,0.8303207369576626,13,64.15
458,M,Professions_intermediaires,0,Toulouse,Prive,0.41231468708958846,11,70.0
459,M,Cadre,0,Lille,Prive,0.6483657073310527,13,84.91
460,F,Ouvrier,0,Toulouse,Prive,0.49256747936712814,12,71.71
461,M,Agriculteur,0,Nancy,Public,0.48696662404926944,12,75.58
462,F,Professions_intermediaires,0,Lille,Prive,0.6347504669140638,11,84.97
463,M,Retraite,0,Lille,Prive,0.8086005287943641,11,64.33
464,F,Cadre,0,Nancy,Prive,0.5609983002056432,11,89.75
465,F,Ouvrier,0,Marseille,Prive,0.4022332611337726,11,49.07
466,M,Cadre,0,Paris,Prive,0.7960145038953992,12,96.47
467,F,Professions_intermediaires,1,Nantes,Prive,0.5987689063618646,10,68.71
468,M,Employe,0,Nancy,Public,0.5340725463854646,12,49.06
469,F,Ouvrier,0,Nancy,Prive,0.7055349245703095,10,65.36
470,M,Agriculteur,0,Lille,Prive,0.5644437492709726,12,68.74
471,M,Professions_intermediaires,0,Marseille,Prive,0.9913905041823395,11,93.11
472,M,Cadre,0,Paris,Prive,0.5003714344740573,12,78.84
473,F,Professions_intermediaires,0,Bordeaux,Prive,0.7299306249994771,11,75.26
474,F,Agriculteur,1,Lille,Prive,0.5883976369486267,13,53.05
475,M,Ouvrier,0,Lyon,Public,0.5877369309619718,13,67.57
476,M,Cadre,0,Lille,Prive,0.4275846174230843,12,84.43
477,M,Employe,0,Nancy,Public,0.4285771315959444,10,73.54
478,F,Ouvrier,0,Nancy,Prive,0.5993263424797557,12,70.06
479,M,Ouvrier,0,Lille,Public,0.326347738576073,12,51.71
480,F,Cadre,0,Marseille,Prive,0.3848902413724823,10,83.36
481,F,Professions_intermediaires,0,Bordeaux,Public,0.5030596610813427,12,80.7
482,M,Professions_intermediaires,0,Paris,Prive,0.7480745532073156,10,72.52
483,F,Agriculteur,0,Bordeaux,Public,0.5161064243435438,10,63.93
484,M,Cadre,0,Paris,Public,0.5129382642121959,12,71.35
485,F,Professions_intermediaires,0,Paris,Public,0.28827693362464446,11,81.66
486,F,Agriculteur,1,Toulouse,Public,0.8391374687505524,12,76.68
487,F,Professions_intermediaires,0,Marseille,Public,0.7214231944220042,11,74.48
488,M,Retraite,0,Nantes,Prive,0.7439409686569165,11,74.76
489,M,Employe,0,Lille,Public,0.2094692132762362,10,72.06
490,M,Agriculteur,1,Lille,Prive,0.5703105838907969,12,39.26
491,M,Agriculteur,0,Nancy,Public,0.3123490704119424,12,67.23
492,M,Professions_intermediaires,0,Lyon,Prive,0.6543258840902518,10,89.57
493,M,Ouvrier,1,Bordeaux,Public,0.5643384367950014,10,39.28
494,M,Professions_intermediaires,0,Toulouse,Prive,0.6037660649610386,13,75.82
495,F,Retraite,0,Nancy,Public,0.35667786592705747,13,75.05
496,F,Professions_intermediaires,0,Nancy,Prive,0.292031108694446,11,67.4
497,F,Ouvrier,0,Lille,Public,0.3718544071001376,13,53.81
498,F,Employe,0,Toulouse,Prive,0.5615600846684421,12,68.49
499,M,Professions_intermediaires,0,Lille,Prive,0.4515541376212731,12,89.64
500,F,Agriculteur,0,Nancy,Prive,0.5506320057019842,13,78.13
501,F,Cadre,0,Bordeaux,Prive,0.2952057410671023,12,86.19
502,M,Retraite,1,Lille,Prive,0.4986927943976604,12,49.07
503,M,Agriculteur,0,Nantes,Prive,0.7790206145771293,10,64.47
504,M,Employe,1,Toulouse,Prive,0.5664671870499177,12,53.92
505,F,Employe,0,Lyon,Prive,0.5789815060531445,11,66.85
506,F,Retraite,0,Lyon,Public,0.5805820348216333,10,66.01
507,M,Professions_intermediaires,1,Marseille,Prive,0.397614061135311,12,50.03
508,F,Retraite,0,Bordeaux,Prive,0.8263480067952328,10,81.69
509,F,Retraite,0,Nantes,Prive,0.5714048056928772,13,84.09
510,F,Cadre,0,Paris,Public,0.5354401852591738,13,78.63
511,M,Ouvrier,0,Toulouse,Public,0.6373946764742531,12,73.25
512,M,Retraite,0,Lille,Prive,0.6881387733160966,13,67.41
513,M,Professions_intermediaires,1,Nantes,Public,0.2508791808229902,13,56.27
514,M,Ouvrier,0,Lille,Public,0.511272622653936,13,63.88
515,M,Professions_intermediaires,0,Lille,Public,0.9470362732590192,10,79.25
516,F,Ouvrier,0,Paris,Prive,0.8310626870718649,13,64.06
517,M,Employe,0,Bordeaux,Prive,0.4787195025666504,10,65.57
518,F,Cadre,0,Nancy,Public,0.6455998526662323,10,92.91
519,F,Cadre,0,Toulouse,Public,0.43467829699522625,13,89.51
520,M,Professions_intermediaires,0,Nantes,Prive,0.570732863564458,13,100.0
521,F,Retraite,0,Lille,Prive,0.40833686210519776,12,69.39
522,F,Cadre,0,Toulouse,Prive,0.40494361989363814,10,72.75
523,F,Agriculteur,0,Bordeaux,Prive,0.3816290778253358,11,79.24
524,M,Retraite,0,Toulouse,Public,0.8364642614630728,12,77.8
525,F,Agriculteur,0,Bordeaux,Prive,0.4039102559838289,12,66.96
526,F,Employe,0,Lille,Public,0.7283541684215922,12,64.59
527,M,Agriculteur,0,Nantes,Prive,0.413667449343782,10,141.43311304657382
528,F,Employe,0,Lyon,Prive,0.39077204762466067,12,77.68
529,M,Cadre,0,Nantes,Prive,0.5778810839236813,10,91.25
530,M,Professions_intermediaires,0,Nancy,Public,0.2402534069262811,11,81.55
531,M,Employe,1,Nancy,Public,0.6329332930358729,10,62.71
532,F,Ouvrier,1,Paris,Prive,0.47277403880564406,13,43.81
533,F,Retraite,0,Toulouse,Prive,0.38984812058502066,11,35.78
534,F,Agriculteur,1,Marseille,Prive,0.34690316111608743,12,39.06
535,M,Ouvrier,0,Paris,Public,0.8942672326319063,10,55.85
536,F,Cadre,0,Nantes,Prive,0.493137932418807,13,99.15
537,F,Employe,0,Lyon,Prive,0.4847043131713832,11,73.84
538,F,Retraite,0,Bordeaux,Public,0.6745902976642183,11,68.43
539,M,Retraite,0,Bordeaux,Public,0.33167085359143084,11,56.64
540,F,Agriculteur,1,Nancy,Prive,0.7268595181766051,11,65.28
541,M,Cadre,0,Nantes,Prive,0.4928516049402679,11,76.78
542,F,Ouvrier,0,Paris,Prive,0.22324603907093726,13,44.82
543,F,Employe,0,Paris,Prive,0.3939013157155276,10,54.8
544,F,Ouvrier,0,Nantes,Public,0.28096848482885717,13,58.67
545,M,Agriculteur,0,Lyon,Prive,0.516230727727228,11,62.03
546,F,Ouvrier,0,Marseille,Prive,0.341281781479964,10,67.99
547,F,Agriculteur,0,Bordeaux,Prive,0.3192597761152948,13,66.38
548,M,Retraite,0,Nancy,Public,0.5584402796335737,11,53.61
549,M,Employe,0,Lyon,Prive,0.5087868188667033,13,65.87
550,M,Agriculteur,0,Lyon,Prive,0.7418313657143347,10,65.34
551,M,Retraite,0,Nantes,Public,0.7329700663040005,10,68.75
552,F,Cadre,0,Nancy,Public,0.5122734077710086,13,96.31
553,M,Cadre,0,Lille,Public,0.5999296466611833,11,85.51
554,F,Employe,0,Nancy,Public,0.21849445585547717,11,56.97
555,M,Cadre,0,Bordeaux,Public,0.6392081888989112,10,91.71
556,M,Retraite,0,Marseille,Public,0.5821403002694809,11,62.6
557,M,Professions_intermediaires,1,Paris,Prive,0.6908159222636588,12,63.63
558,M,Employe,0,Nancy,Prive,0.43875458902070885,10,69.22
559,M,Professions_intermediaires,0,Bordeaux,Public,0.4404971923027621,13,63.81
560,M,Agriculteur,1,Toulouse,Prive,0.44174623230515336,11,35.5
561,M,Ouvrier,0,Nantes,Public,0.7869168419832608,13,63.57
562,F,Agriculteur,1,Bordeaux,Public,0.5565845776325287,11,55.02
563,F,Employe,0,Nancy,Prive,0.2008078996291981,12,78.06
564,F,Employe,1,Nancy,Public,0.6288762643912411,13,41.7
565,M,Cadre,0,Lyon,Public,0.40734036605516627,12,73.42
566,F,Professions_intermediaires,1,Lille,Prive,0.7169161570769909,13,69.54
567,F,Retraite,0,Paris,Public,0.6077501978996112,12,70.06
568,F,Employe,0,Paris,Public,0.7480888498036844,11,72.78
569,M,Employe,0,Nantes,Prive,0.7077718666024231,13,78.04
570,M,Cadre,0,Paris,Prive,0.6874733919932968,13,99.71
571,M,Retraite,0,Nancy,Prive,0.7268948850486164,13,78.75
572,F,Retraite,1,Lyon,Prive,0.6630118432357548,13,43.18
573,F,Cadre,0,Bordeaux,Public,0.36123153079413195,10,86.81
574,F,Agriculteur,0,Paris,Prive,0.27128301292655527,13,75.06
575,F,Retraite,0,Marseille,Public,0.333949313265957,10,59.65
576,F,Retraite,0,Nancy,Prive,0.6461389684645722,11,72.49
577,M,Agriculteur,1,Toulouse,Prive,0.05532061518997339,13,66.975
578,M,Professions_intermediaires,0,Lyon,Prive,0.49692012534497676,12,65.77
579,M,Retraite,0,Paris,Prive,0.4468272142604598,10,66.98
580,F,Employe,0,Paris,Public,0.7447689033179092,13,82.62
581,F,Cadre,0,Lyon,Public,0.47655753692516667,12,92.29
582,M,Agriculteur,0,Marseille,Public,0.4262965147608981,13,54.79
583,F,Ouvrier,0,Paris,Prive,0.7632030201585513,13,79.56
584,F,Professions_intermediaires,0,Nancy,Public,0.48161840988322396,12,80.8
585,F,Retraite,0,Lille,Public,0.4493133403390292,11,75.01
586,M,Employe,0,Bordeaux,Public,0.402154799423923,10,56.98
587,M,Agriculteur,0,Marseille,Public,0.5571281349852357,12,77.35
588,F,Cadre,0,Toulouse,Prive,0.4337035128623148,11,90.33
589,M,Retraite,0,Nantes,Public,0.4344260913166015,11,51.71
590,M,Professions_intermediaires,0,Lille,Prive,0.790046530535129,12,84.91
591,M,Ouvrier,0,Nancy,Public,0.5097784688383118,11,51.5
592,M,Agriculteur,0,Lyon,Prive,0.41035660897490844,10,66.74
593,F,Ouvrier,0,Nantes,Public,0.3009790220222081,13,78.56
594,M,Employe,0,Nancy,Prive,0.5397026426330936,11,71.06
595,F,Retraite,0,Paris,Prive,0.3880502680527824,12,62.6
596,M,Retraite,0,Marseille,Public,0.4263334388022766,12,49.61
597,M,Ouvrier,0,Nancy,Public,0.32969414825873467,10,59.45
598,M,Cadre,0,Nantes,Prive,0.5393798632317792,13,84.09
599,M,Ouvrier,0,Nantes,Public,0.23933488391805535,13,36.76
600,M,Employe,0,Lyon,Prive,0.5822932712110581,12,59.59
601,M,Retraite,0,Bordeaux,Public,0.3907055253295547,13,66.975
602,M,Employe,0,Lille,Prive,0.6433276424184122,12,82.37
603,M,Professions_intermediaires,0,Nantes,Prive,0.5970526115081052,11,77.4
604,F,Agriculteur,0,Bordeaux,Public,0.5208013286072406,10,79.66
605,M,Retraite,0,Nantes,Public,0.6692285797277824,13,68.63
606,M,Cadre,0,Nancy,Prive,0.8113899706317056,12,84.65
607,F,Agriculteur,0,Nancy,Public,0.7536989273028754,11,95.5
608,M,Cadre,0,Nancy,Public,0.23782708597111124,13,66.13
609,M,Ouvrier,0,Lille,Prive,0.3789268307712181,12,61.75
610,M,Employe,0,Marseille,Public,0.40341138978421764,11,59.63
611,M,Agriculteur,0,Nantes,Prive,0.6277220074848251,10,69.54
612,F,Agriculteur,0,Paris,Prive,0.39555418337270987,13,82.11
613,M,Professions_intermediaires,0,Toulouse,Public,0.38770321881052017,10,66.975
614,F,Agriculteur,0,Lille,Public,0.35316481656935605,11,63.96
615,M,Agriculteur,0,Lyon,Public,0.5597778093800161,12,65.01
616,M,Cadre,0,Nantes,Public,0.6269352819764288,12,92.46
617,F,Employe,1,Nancy,Public,0.2576785904066856,12,35.25
618,F,Retraite,0,Lyon,Prive,0.3971518710669172,13,64.69
619,F,Retraite,0,Paris,Prive,0.12099415386857704,12,66.975
620,F,Ouvrier,0,Paris,Public,0.021662678318356554,13,44.54
621,F,Agriculteur,1,Toulouse,Prive,0.5969331642731464,12,39.35
622,F,Ouvrier,0,Marseille,Public,0.5630852667882217,11,63.8
623,F,Retraite,0,Lille,Prive,0.5344810534997448,11,63.51
624,F,Professions_intermediaires,0,Nantes,Prive,0.8173955910486169,11,85.1
625,M,Agriculteur,0,Lyon,Prive,0.1648528434816905,11,41.72
626,F,Agriculteur,0,Nancy,Prive,0.08397909993636521,13,56.82
627,F,Professions_intermediaires,0,Nantes,Public,0.27533136198806873,10,78.84
628,F,Employe,0,Bordeaux,Prive,0.07607199743888393,11,44.93
629,M,Agriculteur,0,Paris,Prive,0.37732881580524913,10,82.78
630,F,Professions_intermediaires,0,Paris,Prive,0.6165718862178354,10,81.93
631,M,Professions_intermediaires,0,Nancy,Prive,0.5593122996517083,11,74.63
632,F,Employe,0,Lille,Public,0.7055032615268362,11,74.58
633,F,Ouvrier,0,Paris,Prive,0.5741534819666815,11,56.05
634,F,Professions_intermediaires,1,Lyon,Public,0.41919193154367185,12,67.09
635,F,Cadre,0,Lyon,Prive,0.39480768452928117,10,85.38
636,M,Professions_intermediaires,1,Marseille,Public,0.5874910419844739,12,57.11
637,F,Cadre,0,Lille,Public,0.19396753246203757,11,88.38
638,F,Retraite,0,Lille,Prive,-0.1355375879774422,10,55.59
639,M,Agriculteur,0,Marseille,Public,0.5780446519057181,13,64.19
640,M,Cadre,0,Bordeaux,Public,0.5468582979797398,12,85.31
641,M,Agriculteur,0,Paris,Prive,0.8138597680555879,11,80.6
642,M,Professions_intermediaires,0,Nancy,Prive,0.6392870938149662,12,78.18
643,M,Professions_intermediaires,0,Bordeaux,Prive,0.5618356809872831,12,63.82
644,F,Professions_intermediaires,0,Nantes,Prive,0.4375739197149084,12,87.31
645,M,Retraite,1,Nantes,Prive,0.3377742756216248,12,42.45
646,F,Employe,0,Paris,Public,0.4439493568225953,11,64.29
647,F,Cadre,0,Toulouse,Prive,0.6910267902881566,12,96.13
648,M,Employe,0,Paris,Prive,0.5927327337306059,13,65.16
649,M,Professions_intermediaires,0,Paris,Public,0.686846155739986,10,64.89
650,M,Retraite,0,Lyon,Prive,0.5213427018205525,13,64.99
651,F,Professions_intermediaires,0,Lille,Public,0.320091523143503,11,78.12
652,M,Employe,0,Marseille,Prive,0.7321158699202982,10,70.22
653,F,Retraite,1,Bordeaux,Public,0.7140171356234917,12,48.67
654,M,Agriculteur,0,Bordeaux,Prive,0.5371047140935584,13,67.69
655,M,Cadre,0,Nantes,Prive,0.6111933228397181,12,86.06
656,M,Ouvrier,0,Nancy,Public,0.6001903350149922,12,64.06
657,M,Cadre,0,Lille,Public,0.4063205060626973,11,89.66
658,M,Agriculteur,0,Toulouse,Prive,0.4479822958676647,11,74.02
659,F,Professions_intermediaires,0,Nantes,Prive,0.31806536587625744,11,90.32
660,F,Employe,0,Nantes,Public,0.44723792937448614,13,83.57
661,F,Ouvrier,1,Nancy,Public,0.7061682980157117,11,38.82
662,M,Retraite,0,Marseille,Prive,0.6682109780687095,10,66.17
663,F,Cadre,1,Lyon,Public,0.6116925113005341,10,74.98
664,F,Agriculteur,0,Paris,Prive,0.6918356236701825,11,58.12
665,M,Cadre,0,Toulouse,Prive,0.42693715377652697,12,85.74
666,M,Ouvrier,0,Toulouse,Prive,0.2653363391595208,13,47.65
667,M,Cadre,0,Lyon,Public,0.4686247116191997,10,83.34
668,M,Agriculteur,1,Nantes,Public,0.48446240522937634,10,48.28
669,M,Cadre,0,Lyon,Public,0.6351474795616496,12,71.56
670,F,Professions_intermediaires,0,Toulouse,Public,0.6022893579023814,13,100.0
671,M,Cadre,1,Toulouse,Prive,0.7021160933272736,11,64.09
672,M,Cadre,0,Lille,Prive,0.0970184621116787,12,88.59
673,M,Employe,0,Paris,Prive,0.34039362293027775,12,49.28
674,F,Employe,0,Nantes,Public,0.48172808212763574,10,62.7
675,M,Employe,0,Bordeaux,Public,0.59587075656098,11,76.66
676,M,Agriculteur,0,Nantes,Prive,0.9188772728930081,10,75.4
677,M,Cadre,0,Nantes,Prive,0.30453835656564626,13,87.25
678,F,Agriculteur,0,Nantes,Prive,0.35803319799751887,10,72.44
679,M,Employe,0,Toulouse,Prive,0.4153346238513847,10,58.02
680,M,Employe,0,Nancy,Public,0.3508861363921002,13,75.08
681,M,Retraite,0,Marseille,Public,0.3223527089286006,10,65.6
682,F,Retraite,0,Lille,Prive,0.5091834807304354,11,53.01
683,M,Cadre,0,Lyon,Prive,0.6967289386559532,12,89.58
684,M,Employe,0,Nancy,Public,0.5238701541041215,12,73.71
685,F,Agriculteur,0,Lyon,Prive,0.32805714636081296,13,65.12
686,M,Ouvrier,0,Marseille,Prive,0.46075605639162437,13,59.88
687,F,Cadre,1,Lille,Public,0.29228185339577895,13,65.61
688,M,Professions_intermediaires,0,Lyon,Public,0.6966055998817209,13,63.92
689,F,Agriculteur,0,Lille,Public,0.7942305825191545,12,74.47
690,M,Ouvrier,1,Nantes,Public,0.18097248626854373,13,29.91
691,M,Ouvrier,0,Marseille,Public,0.5458052742225683,12,68.11
692,M,Employe,0,Marseille,Public,0.34435892863425244,12,58.8
693,M,Ouvrier,0,Paris,Public,0.512575402284368,13,78.1
694,M,Professions_intermediaires,0,Nantes,Prive,0.48288889772357324,10,68.64
695,F,Retraite,1,Bordeaux,Public,0.23178782463440328,11,29.75
696,F,Employe,0,Lille,Prive,0.7417633334675707,11,85.15
697,M,Cadre,1,Marseille,Public,0.4696581056051854,12,68.96
698,M,Employe,0,Toulouse,Prive,0.40599784884369805,11,68.64
699,F,Ouvrier,0,Bordeaux,Public,0.523261704385668,11,60.06
700,F,Agriculteur,0,Marseille,Prive,0.325880515240738,13,62.71
701,M,Employe,1,Marseille,Public,0.46326862920321593,13,50.54
702,M,Professions_intermediaires,1,Lyon,Prive,0.13253606031254572,13,41.02
703,F,Agriculteur,0,Lille,Prive,0.02857694685224671,11,75.36
704,F,Retraite,1,Toulouse,Prive,0.30598466888660836,11,43.58
705,F,Employe,0,Nantes,Public,0.3935230110729484,12,63.93
706,M,Professions_intermediaires,0,Bordeaux,Public,0.1485992659255997,11,62.75
707,F,Retraite,0,Nancy,Public,0.4005041773320362,12,52.56
708,M,Cadre,1,Marseille,Prive,0.3932561023613466,11,153.91696397283212
709,F,Ouvrier,0,Marseille,Public,0.48768733728430014,10,54.32
710,F,Employe,0,Toulouse,Public,0.6228306785487538,11,70.04
711,M,Agriculteur,1,Lyon,Public,0.8424187478625746,13,78.46
712,M,Agriculteur,0,Nancy,Prive,0.58564998579223,10,53.65
713,M,Employe,0,Paris,Public,0.3031772934176128,10,61.78
714,M,Employe,0,Marseille,Prive,0.6332982519245867,13,57.62
715,M,Employe,0,Bordeaux,Prive,0.7801208768265692,11,68.33
716,M,Employe,0,Paris,Public,0.27594572336248063,12,60.79
717,M,Agriculteur,0,Paris,Prive,0.28707531315063084,13,51.58
718,F,Retraite,1,Lyon,Prive,0.2157879826455072,12,42.93
719,F,Ouvrier,0,Nantes,Prive,0.3871006165373983,13,72.23
720,M,Agriculteur,0,Nantes,Public,0.5746431241094142,10,72.64
721,F,Agriculteur,1,Paris,Public,0.7966407526817234,13,63.59
722,M,Professions_intermediaires,0,Marseille,Prive,0.67833472163237,11,92.54
723,M,Retraite,1,Paris,Public,0.5771053160567734,10,51.16
724,F,Ouvrier,0,Paris,Prive,0.5091515508030593,11,40.5
725,M,Agriculteur,1,Lille,Prive,0.5783034487542681,12,51.33
726,F,Ouvrier,0,Toulouse,Public,0.5900889107311037,10,66.975
727,M,Retraite,0,Nantes,Public,0.760639239205913,11,63.23
728,F,Cadre,0,Bordeaux,Public,0.4958237882435376,10,71.92
729,F,Ouvrier,1,Toulouse,Public,0.5523495022013996,12,45.11
730,M,Agriculteur,1,Nantes,Prive,0.4183004432016804,12,38.13
731,M,Agriculteur,0,Lyon,Public,0.5226801476737502,10,71.2
732,F,Cadre,0,Toulouse,Public,0.44873913861648734,12,91.4
733,M,Employe,0,Toulouse,Public,0.26208565496654557,11,53.14
734,M,Ouvrier,0,Nancy,Public,0.6746553549627524,12,66.1
735,F,Retraite,1,Lyon,Prive,0.7976508416331389,10,28.48
736,M,Employe,0,Bordeaux,Prive,0.49251453529197725,13,53.4
737,M,Retraite,0,Nantes,Prive,0.5664106776222789,12,76.87
738,F,Professions_intermediaires,1,Lille,Public,0.6723289259859859,13,51.35
739,M,Agriculteur,0,Lille,Public,0.47133477781520344,10,62.64
740,M,Agriculteur,0,Bordeaux,Public,0.5379189135032776,13,61.47
741,M,Retraite,0,Nantes,Prive,0.4566030717806767,10,66.975
742,M,Ouvrier,0,Bordeaux,Prive,0.3900994035363187,10,66.975
743,M,Retraite,0,Lille,Public,0.6043170611478048,10,66.24
744,F,Ouvrier,0,Paris,Prive,0.6025044106999586,11,60.29
745,M,Retraite,0,Lyon,Public,0.6845085414694914,13,77.72
746,F,Employe,0,Toulouse,Prive,0.49932048513689803,13,62.92
747,M,Retraite,0,Nancy,Public,0.26003503798435934,10,58.61
748,F,Ouvrier,0,Lille,Public,0.7215324527003278,13,61.48
749,F,Cadre,0,Paris,Public,0.35309247535328336,10,90.67
750,F,Professions_intermediaires,0,Lyon,Prive,0.3496396771851216,13,59.29
751,M,Retraite,0,Nantes,Public,0.3936087210005041,10,65.96
752,F,Ouvrier,0,Marseille,Public,0.15128149112777534,12,57.47
753,F,Ouvrier,0,Paris,Public,0.4564754764007658,12,53.15
754,M,Professions_intermediaires,0,Bordeaux,Public,0.6238680758652464,13,75.83
755,M,Ouvrier,0,Lille,Public,0.4132735515802659,12,61.57
756,F,Agriculteur,0,Lille,Public,0.7676393476252225,10,69.16
757,M,Ouvrier,0,Nantes,Public,0.7552406823158649,13,59.2
758,F,Retraite,0,Paris,Prive,0.6778577613041585,11,58.35
759,F,Professions_intermediaires,0,Lyon,Public,0.1130089339802357,13,85.19
760,M,Retraite,0,Nantes,Public,0.7867424220646132,10,66.11
761,F,Ouvrier,0,Bordeaux,Prive,0.4525646112294107,13,49.42
762,M,Employe,1,Lyon,Public,0.8356822557414114,11,38.47
763,M,Cadre,0,Toulouse,Prive,0.3791863234581632,13,74.12
764,M,Ouvrier,0,Nantes,Prive,0.472038326544883,13,61.79
765,F,Ouvrier,0,Lille,Prive,0.5179257342017187,13,59.6
766,M,Employe,0,Lille,Prive,0.31352966379511615,10,66.05
767,M,Agriculteur,0,Toulouse,Public,0.17590695287924119,12,67.31
768,F,Agriculteur,1,Nantes,Public,0.02047418601384865,12,37.59
769,F,Ouvrier,0,Paris,Public,1.0905631413166494,13,73.34
770,F,Ouvrier,0,Lille,Prive,0.16627768285125438,13,68.25
771,M,Professions_intermediaires,1,Lyon,Public,0.1690333262015966,10,53.35
772,M,Cadre,0,Lille,Public,0.6143988393145495,13,89.98
773,F,Agriculteur,0,Paris,Public,0.2152332437797338,11,60.15
774,M,Employe,0,Lille,Public,0.17808031247502365,13,66.0
775,M,Cadre,0,Nancy,Prive,-0.07487348312130426,13,74.52
776,M,Employe,1,Nancy,Public,0.5585436218917885,12,51.12
777,F,Employe,0,Bordeaux,Prive,0.2859882964378889,12,70.25
778,F,Agriculteur,1,Toulouse,Prive,0.6286777668327068,12,55.27
779,F,Cadre,0,Lille,Prive,0.4848389515771794,12,71.49
780,M,Professions_intermediaires,0,Paris,Prive,0.5171039032182484,13,74.87
781,M,Ouvrier,0,Bordeaux,Public,0.4093146478295183,13,66.975
782,M,Professions_intermediaires,0,Lyon,Public,0.4448418964754204,10,78.49
783,F,Cadre,0,Paris,Prive,0.32103817212658475,13,67.45
784,F,Retraite,0,Bordeaux,Public,0.33998455011273887,12,66.975
785,F,Cadre,0,Bordeaux,Public,0.2810010499467015,12,81.2
786,M,Ouvrier,0,Lyon,Public,0.8027962484780133,13,56.34
787,F,Agriculteur,1,Bordeaux,Public,0.4207749354919367,13,47.03
788,M,Ouvrier,0,Lille,Prive,0.04703638249206321,11,56.94
789,M,Retraite,0,Bordeaux,Public,0.5517521013773038,10,60.13
790,F,Cadre,0,Lyon,Prive,0.3392518811878787,10,84.57
791,F,Agriculteur,0,Paris,Prive,0.49110387415663714,12,73.87
792,F,Professions_intermediaires,1,Paris,Public,0.4460903827387489,11,44.71
793,M,Cadre,1,Nancy,Prive,0.7980351620355968,10,70.93
794,M,Professions_intermediaires,0,Lyon,Prive,0.4232747894669654,10,70.41
795,F,Employe,0,Marseille,Prive,0.6632147049511707,11,71.96
796,F,Ouvrier,0,Paris,Public,0.6421000210036197,12,50.19
797,M,Agriculteur,0,Toulouse,Public,0.22668867741421078,13,49.32
798,F,Retraite,0,Lyon,Public,0.5375492106861433,13,77.31
799,F,Retraite,0,Toulouse,Prive,0.34833466319971995,12,68.97
800,F,Employe,1,Nancy,Public,0.2582684087328405,10,45.16
801,F,Cadre,0,Lille,Prive,0.2590559607109457,12,88.31
802,F,Cadre,0,Marseille,Public,0.6642624071369336,11,77.18
803,M,Agriculteur,0,Marseille,Prive,1.0286054687821204,10,77.59
804,M,Professions_intermediaires,1,Nantes,Prive,0.3389384563340621,12,47.57
805,M,Agriculteur,0,Lille,Public,0.5431482508765304,13,62.02
806,M,Retraite,0,Toulouse,Public,0.5620851719556639,13,55.16
807,M,Cadre,1,Marseille,Prive,0.39400233361095205,13,73.51
808,F,Professions_intermediaires,0,Bordeaux,Prive,0.7815206556682053,10,76.03
809,F,Professions_intermediaires,0,Nantes,Public,0.9393890606485513,11,89.22
810,M,Retraite,0,Bordeaux,Public,0.38045928521434946,12,64.36
811,F,Cadre,0,Bordeaux,Public,0.8468786816552736,11,100.0
812,M,Employe,0,Lyon,Public,0.39065758600309974,10,71.2
813,M,Cadre,0,Marseille,Prive,0.30594924436605,12,76.96
814,F,Professions_intermediaires,1,Paris,Public,0.4721332913058996,11,43.5
815,M,Retraite,0,Toulouse,Public,0.6738033992732196,11,75.85
816,M,Agriculteur,0,Nantes,Public,0.47915565985613673,11,78.54
817,F,Ouvrier,0,Lyon,Public,0.647558742608944,12,86.91
818,F,Professions_intermediaires,0,Bordeaux,Public,0.5453151380785323,10,85.3
819,M,Ouvrier,0,Toulouse,Public,0.7705688502488366,12,60.2
820,M,Cadre,0,Lyon,Public,0.6061301744945634,10,81.75
821,F,Retraite,0,Lyon,Prive,0.8061101117815597,13,53.55
822,M,Retraite,0,Bordeaux,Prive,0.32848153163822025,11,52.92
823,F,Ouvrier,0,Nantes,Public,0.4593087991626592,13,49.19
824,M,Ouvrier,0,Marseille,Prive,0.49969307979668914,10,65.29
825,M,Agriculteur,0,Lille,Public,0.32922391693119957,12,72.86
826,F,Cadre,0,Paris,Public,0.29857961933523147,13,100.0
827,M,Cadre,0,Nancy,Prive,0.5764219004491371,10,100.0
828,M,Retraite,1,Lyon,Prive,0.6330497614634738,13,49.17
829,M,Retraite,0,Lille,Prive,0.5225271481429502,13,59.25
830,F,Retraite,0,Nantes,Public,0.711804365581178,13,66.64
831,F,Agriculteur,0,Paris,Public,0.2793366688596566,12,58.41
832,F,Retraite,0,Toulouse,Prive,0.42178783017119037,10,84.87
833,F,Agriculteur,1,Bordeaux,Public,0.2640288214867166,10,19.38
834,F,Retraite,0,Nancy,Prive,0.5278771930983738,11,80.7
835,M,Professions_intermediaires,0,Toulouse,Public,0.5975735053074562,13,67.75
836,M,Ouvrier,0,Lyon,Public,0.7683682971100314,11,62.38
837,M,Agriculteur,0,Nancy,Prive,0.2645486021104534,10,39.6
838,F,Retraite,1,Paris,Prive,0.574484404123196,11,56.63
839,F,Employe,1,Marseille,Public,0.7872225357652891,13,61.96
840,M,Cadre,0,Lyon,Public,0.2996621721537598,13,69.75
841,F,Professions_intermediaires,0,Bordeaux,Public,0.25275060006726446,13,80.03
842,M,Professions_intermediaires,0,Toulouse,Public,0.20510661106390804,12,75.75
843,M,Agriculteur,0,Toulouse,Prive,0.6248954795492606,10,65.98
844,F,Cadre,0,Nantes,Prive,0.35490450394091844,10,63.84
845,F,Retraite,1,Toulouse,Prive,0.5956107000656675,13,45.63
846,F,Agriculteur,0,Nantes,Prive,0.4567690949268184,10,77.92
847,F,Retraite,0,Lille,Public,0.8601805927433814,13,65.19
848,F,Professions_intermediaires,0,Lyon,Public,0.6575722493683396,12,88.7
849,M,Ouvrier,1,Bordeaux,Prive,0.3392381307402116,10,28.72
850,M,Retraite,1,Paris,Public,0.4395817721843905,13,41.86
851,M,Ouvrier,0,Bordeaux,Prive,0.6575736712584574,13,56.84
852,M,Employe,0,Lyon,Public,0.2862722732596518,12,66.975
853,M,Employe,0,Marseille,Prive,0.7364332163296822,13,79.59
854,F,Employe,0,Nantes,Public,0.4499560058744482,10,82.08
855,F,Agriculteur,1,Lyon,Public,0.6617819775981606,13,66.975
856,M,Cadre,1,Nancy,Public,0.46077670632249684,12,49.11
857,F,Employe,0,Nantes,Public,0.3952313783828591,12,71.88
858,F,Ouvrier,0,Nantes,Public,0.36250299129693464,12,55.79
859,M,Employe,0,Lyon,Public,0.8464752359169567,13,71.75
860,M,Agriculteur,1,Marseille,Prive,0.4409763990290453,13,47.65
861,M,Agriculteur,0,Nancy,Public,1.1161212452042322,13,86.59
862,M,Employe,1,Nancy,Prive,0.5303668286434166,11,43.95
863,F,Ouvrier,0,Lyon,Prive,0.32984208331093445,13,62.99
864,M,Professions_intermediaires,1,Nancy,Prive,0.18294652375923737,12,50.67
865,M,Agriculteur,0,Paris,Prive,0.7465566315047825,11,78.66
866,M,Ouvrier,0,Bordeaux,Public,0.4612538602550602,11,67.07
867,M,Agriculteur,0,Bordeaux,Public,0.6645367700182067,13,51.76
868,M,Employe,0,Toulouse,Public,0.9644552059647041,10,73.68
869,F,Employe,0,Lyon,Public,0.6337671895645732,13,70.07
870,F,Professions_intermediaires,1,Lyon,Prive,0.5674597914621162,13,54.74
871,F,Ouvrier,0,Bordeaux,Prive,0.745261141445035,12,59.1
872,F,Employe,1,Toulouse,Prive,0.6608231025578595,13,46.17
873,F,Ouvrier,0,Lille,Public,0.24745145614196035,11,60.63
874,F,Employe,0,Lille,Prive,0.766530282461326,13,78.51
875,M,Agriculteur,1,Toulouse,Public,0.49080859826428636,10,48.09
876,M,Employe,0,Marseille,Public,0.8082712500453992,13,151.38530452267153
877,M,Ouvrier,1,Nantes,Prive,0.6014092406898816,10,49.97
878,M,Employe,1,Bordeaux,Prive,0.7383101151115824,12,59.33
879,M,Ouvrier,0,Lyon,Prive,0.4550773358008654,11,69.02
880,M,Professions_intermediaires,0,Lille,Public,0.19653870078161884,11,60.29
881,F,Retraite,0,Lyon,Public,0.6127425822533864,11,100.0
882,M,Employe,0,Nancy,Public,0.6953703819184884,13,73.28
883,F,Agriculteur,0,Lyon,Prive,0.388613575840577,12,60.23
884,F,Cadre,1,Toulouse,Prive,0.45933894037045936,11,86.02
885,M,Ouvrier,0,Nancy,Prive,0.05712967811450542,11,56.99
886,M,Agriculteur,0,Paris,Public,0.46894055655915395,12,69.14
887,F,Employe,1,Marseille,Public,0.24990955544282223,10,45.91
888,F,Professions_intermediaires,0,Nantes,Public,0.6034446829504883,12,89.32
889,F,Professions_intermediaires,1,Lille,Public,0.5669845403652556,11,59.24
890,F,Professions_intermediaires,0,Lille,Prive,0.5030400705090894,13,60.04
891,F,Ouvrier,0,Nantes,Public,0.7645298725625069,11,67.16
892,M,Employe,0,Lille,Prive,0.5481929547224421,12,76.16
893,M,Agriculteur,0,Lyon,Public,0.538690827850297,10,68.42
894,M,Retraite,0,Lyon,Public,0.5643243818651369,11,56.55
895,M,Ouvrier,0,Toulouse,Prive,0.38343787522365186,12,57.11
896,M,Cadre,1,Lille,Public,0.6982767349173808,13,66.975
897,M,Retraite,0,Nantes,Public,0.31672734548237713,11,71.45
898,F,Employe,0,Marseille,Public,0.5845508023025114,10,60.38
899,F,Cadre,0,Paris,Prive,0.7437364422405981,13,80.27
900,M,Retraite,0,Nancy,Prive,0.29470519737714973,10,153.37030598624295
901,F,Retraite,0,Marseille,Public,0.2315227686312405,10,53.36
902,F,Professions_intermediaires,0,Lyon,Prive,0.29117437550148784,11,65.7
903,F,Agriculteur,1,Lyon,Public,0.8634111611342745,13,55.08
904,M,Professions_intermediaires,1,Lyon,Prive,0.37813858274288087,11,58.21
905,F,Employe,1,Marseille,Prive,0.25990835883750213,13,35.62
906,M,Retraite,0,Nancy,Prive,0.5732710910100891,13,55.12
907,F,Ouvrier,0,Lyon,Prive,-0.044762159206110375,13,42.86
908,F,Ouvrier,0,Toulouse,Public,0.3090818902954898,11,43.68
909,F,Professions_intermediaires,0,Lille,Public,0.78281498792074,13,82.2
910,F,Retraite,0,Lille,Prive,0.3089264461152992,13,62.28
911,M,Agriculteur,1,Nantes,Public,0.4478418070166115,11,55.94
912,F,Agriculteur,0,Marseille,Public,0.5588236909708204,11,61.27
913,F,Cadre,0,Lyon,Prive,0.5589345405500523,10,87.9
914,M,Cadre,0,Lille,Prive,0.3934958436821038,11,84.67
915,M,Cadre,1,Toulouse,Public,0.6092767126419286,11,52.47
916,F,Employe,0,Toulouse,Prive,0.7892448426699079,13,76.84
917,M,Cadre,0,Toulouse,Prive,0.28767081102695347,12,81.64
918,M,Ouvrier,0,Lyon,Public,0.40311258770114494,10,56.72
919,F,Employe,0,Bordeaux,Public,0.47897005782923785,11,56.51
920,M,Retraite,1,Lyon,Public,0.6399714159528566,10,46.39
921,M,Agriculteur,0,Lyon,Public,0.5066229353116288,10,50.54
922,M,Ouvrier,0,Nantes,Public,0.47456689247547473,10,62.37
923,F,Employe,0,Bordeaux,Public,0.1901260999730221,13,68.36
924,F,Employe,0,Nantes,Public,0.27338858595167426,10,61.54
925,F,Employe,0,Bordeaux,Prive,0.53853542167922,10,80.86
926,M,Agriculteur,1,Paris,Public,0.3972321186058827,12,39.46
927,M,Retraite,1,Toulouse,Public,0.43158086452310107,12,35.94
928,F,Agriculteur,0,Toulouse,Public,0.4876252805935985,10,66.72
929,F,Cadre,0,Marseille,Prive,0.9683365135754127,12,100.0
930,M,Ouvrier,0,Toulouse,Prive,0.4005038001734919,12,55.25
931,M,Ouvrier,0,Toulouse,Prive,0.7773903758855241,13,85.39
932,M,Agriculteur,0,Nancy,Public,0.7627666898261181,13,73.43
933,F,Agriculteur,0,Lille,Public,0.6607520503594405,13,65.77
934,M,Professions_intermediaires,1,Bordeaux,Prive,0.3305114552146965,12,67.85
935,F,Professions_intermediaires,0,Lille,Prive,0.5274361612886278,12,77.77
936,M,Retraite,0,Nantes,Public,0.4219019115304876,12,59.64
937,F,Agriculteur,1,Bordeaux,Prive,0.9028832217013028,12,66.11
938,F,Ouvrier,0,Marseille,Public,0.5821306612452792,11,74.53
939,F,Cadre,0,Nancy,Prive,0.45736371599607106,10,79.33
940,M,Ouvrier,0,Paris,Public,0.8569840446393995,13,75.97
941,M,Cadre,0,Lille,Prive,0.4294992562474503,13,80.41
942,F,Professions_intermediaires,0,Lyon,Prive,0.6103217538633374,10,69.1
943,M,Employe,0,Lyon,Public,0.6404825462177526,13,63.72
944,F,Ouvrier,0,Lille,Public,0.5694758426685864,13,52.48
945,F,Cadre,0,Paris,Public,0.4787187236715152,10,85.82
946,F,Professions_intermediaires,0,Nancy,Public,0.6675042926659958,11,80.0
947,M,Agriculteur,0,Nancy,Prive,0.37401041333541407,13,75.51
948,F,Ouvrier,0,Lyon,Public,0.7227391459207989,13,74.22
949,M,Employe,0,Toulouse,Public,0.44371715685068697,11,62.13
950,F,Agriculteur,0,Nantes,Public,0.7675590341981411,12,73.65
951,F,Agriculteur,0,Bordeaux,Public,0.7092570262758143,11,68.26
952,F,Retraite,0,Nancy,Prive,0.6098634163419359,10,68.9
953,M,Agriculteur,0,Nancy,Public,0.48195994512150286,10,65.62
954,F,Retraite,0,Marseille,Prive,0.7205347628575568,13,70.8
955,M,Professions_intermediaires,0,Nancy,Public,0.6142189088619305,10,89.67
956,M,Retraite,1,Paris,Public,-0.14330632410545197,10,43.47
957,F,Cadre,0,Paris,Public,0.33645751923716505,11,76.28
958,M,Retraite,0,Nantes,Public,0.5337478367796413,13,71.73
959,M,Cadre,0,Lyon,Public,0.5559453184112509,12,91.11
960,F,Cadre,0,Bordeaux,Public,0.6414315072083268,12,83.67
961,F,Agriculteur,0,Paris,Prive,0.8097693197905942,12,89.02
962,F,Cadre,0,Marseille,Prive,0.6173308416693927,10,74.77
963,M,Ouvrier,0,Lille,Prive,0.08313113330014177,10,60.51
964,F,Retraite,1,Marseille,Public,0.5395291654328104,12,45.32
965,M,Cadre,0,Lille,Prive,0.7431607217993816,11,79.71
966,M,Retraite,0,Marseille,Prive,0.522317581248461,12,62.83
967,M,Cadre,0,Bordeaux,Public,0.5406897144863765,12,66.975
968,F,Retraite,0,Bordeaux,Public,0.4011500223316829,11,85.92
969,M,Professions_intermediaires,0,Bordeaux,Prive,0.6898445207527362,13,71.17
970,F,Agriculteur,0,Marseille,Public,0.4293646827889632,13,67.6
971,F,Agriculteur,0,Nantes,Public,0.6185712902175361,10,70.43
972,F,Employe,0,Marseille,Prive,0.5857088659900295,10,70.21
973,F,Agriculteur,0,Nantes,Prive,0.5108440509842953,10,84.36
974,F,Retraite,0,Toulouse,Prive,0.5968187425473437,10,64.11
975,F,Professions_intermediaires,0,Nantes,Public,0.5403344987606901,12,69.35
976,F,Retraite,0,Lille,Public,0.7554621293824788,10,67.12
977,F,Retraite,0,Nantes,Public,0.6353438917520265,12,66.79
978,M,Professions_intermediaires,1,Toulouse,Prive,0.7079445013149237,13,65.51
979,F,Cadre,0,Toulouse,Public,0.347216984725519,10,83.27
980,M,Retraite,1,Toulouse,Prive,0.33467619063507725,10,46.35
981,M,Employe,0,Marseille,Prive,0.5125425386335809,10,76.8
982,M,Professions_intermediaires,0,Toulouse,Prive,0.649891413473815,13,74.77
983,M,Agriculteur,0,Toulouse,Prive,0.6062940566160567,13,69.71
984,M,Retraite,0,Bordeaux,Public,0.34974648556036303,13,65.11
985,M,Employe,0,Lille,Public,0.6561124353858017,12,64.89
986,M,Ouvrier,0,Lille,Prive,0.3744319667229131,12,57.64
987,M,Cadre,0,Nancy,Prive,0.6347701584130043,10,96.49
988,F,Retraite,0,Lille,Prive,0.5573106976350896,11,67.86
989,F,Professions_intermediaires,0,Lille,Prive,0.45497576643347837,13,85.99
990,M,Ouvrier,0,Toulouse,Prive,0.3928044697282036,11,49.44
991,F,Ouvrier,0,Toulouse,Public,0.5266361111655847,10,65.13
992,M,Cadre,1,Toulouse,Prive,0.516609483466191,10,69.57
993,F,Cadre,0,Paris,Public,0.29068716064240635,12,66.975
994,F,Ouvrier,0,Marseille,Public,0.6204146961920023,12,61.56
995,M,Cadre,0,Toulouse,Prive,0.7313368125015058,11,75.96
996,M,Cadre,0,Nantes,Prive,0.6721153996942847,11,97.85
997,M,Employe,1,Marseille,Prive,0.5630070160309061,12,35.69
998,F,Employe,0,Bordeaux,Prive,0.41001271292442626,11,54.5
999,M,Professions_intermediaires,0,Marseille,Public,0.5257884353836291,13,79.8
1000,M,Retraite,0,Marseille,Prive,0.4737076702238999,11,60.1
1001,M,Retraite,0,Paris,Public,0.5248602378935388,10,65.84
1002,M,Professions_intermediaires,0,Nancy,Public,0.6872886426726595,10,66.57
1003,M,Ouvrier,0,Paris,Public,0.47839606013517627,11,62.15
1004,M,Retraite,0,Lyon,Prive,0.1325339170473997,10,63.44
1005,F,Retraite,0,Nancy,Public,0.6599094314059092,10,54.97
1006,M,Employe,1,Bordeaux,Public,0.5794413393665468,11,51.02
1007,M,Cadre,0,Toulouse,Prive,0.5299828329345078,13,92.78
1008,M,Ouvrier,0,Marseille,Prive,0.2651247927086534,13,42.83
1009,M,Agriculteur,0,Lille,Public,0.33353652876919526,13,65.64
1010,M,Agriculteur,0,Marseille,Prive,0.3569225481584434,13,65.32
1011,F,Ouvrier,0,Marseille,Prive,0.3832595241165845,12,62.14
1012,M,Agriculteur,0,Paris,Prive,0.4019769967855518,10,63.39
1013,F,Cadre,0,Marseille,Public,0.26365649762945254,12,67.19
1014,F,Professions_intermediaires,0,Lyon,Prive,0.9303305436969529,12,81.39
1015,M,Employe,0,Marseille,Public,0.8004185154706879,13,68.61
1016,M,Agriculteur,0,Lyon,Prive,0.5554328788528106,11,68.61
1017,F,Cadre,0,Lyon,Prive,0.4932685225236944,13,96.2
1018,F,Retraite,0,Bordeaux,Public,0.8653061909921056,12,60.16
1019,F,Ouvrier,0,Toulouse,Public,0.8247530016177615,12,77.29
1020,F,Professions_intermediaires,1,Bordeaux,Public,0.3520165191731517,10,68.16
1021,F,Employe,0,Nancy,Prive,0.5495352890934768,13,84.95
1022,F,Retraite,0,Nancy,Prive,0.46351909267570884,12,80.81
1023,M,Professions_intermediaires,1,Toulouse,Public,0.44612953218678714,12,54.55
1024,M,Agriculteur,0,Toulouse,Public,0.4669057573944746,11,67.92
1025,M,Ouvrier,1,Marseille,Public,0.4828664521898032,10,23.35
1026,F,Agriculteur,1,Lille,Prive,0.5421472769755498,12,48.47
1027,F,Ouvrier,0,Toulouse,Public,0.543280161558761,12,72.65
1028,F,Cadre,1,Lille,Prive,0.7876361056346748,10,59.04
1029,M,Employe,0,Nantes,Public,0.3386220702823063,11,55.71
1030,F,Ouvrier,0,Nancy,Prive,0.6933839102437175,12,66.74
1031,F,Professions_intermediaires,1,Nantes,Prive,0.28499769701008887,11,35.88
1032,F,Employe,1,Bordeaux,Prive,0.5473690217138815,11,65.95
1033,M,Professions_intermediaires,0,Nantes,Public,0.7086699633953947,10,83.84
1034,F,Agriculteur,0,Nantes,Public,0.6138059068438875,12,75.09
1035,F,Employe,0,Bordeaux,Prive,0.43672559415761675,10,74.39
1036,M,Agriculteur,1,Bordeaux,Prive,0.5569591891711038,13,46.2
1037,M,Employe,0,Nantes,Public,0.8304578249143241,10,76.79
1038,F,Employe,0,Lyon,Prive,0.3816599709765025,10,57.1
1039,F,Professions_intermediaires,0,Lille,Prive,0.6133106308627163,13,57.14
1040,M,Professions_intermediaires,0,Nancy,Prive,0.6930174168126131,11,77.95
1041,M,Professions_intermediaires,1,Paris,Prive,0.42239507885072797,10,151.01101182371855
1042,M,Employe,0,Lyon,Public,0.8470741719728772,12,89.71
1043,F,Professions_intermediaires,0,Nantes,Public,0.9146451915889589,10,82.92
1044,F,Employe,0,Nantes,Public,0.7188060563248059,11,70.82
1045,M,Employe,0,Bordeaux,Public,0.7192307943563809,12,57.82
1046,F,Retraite,0,Bordeaux,Prive,0.1542595260105834,11,67.45
1047,F,Ouvrier,0,Nantes,Prive,0.23581523852683856,13,59.5
1048,M,Cadre,0,Lille,Public,0.4831111298742885,12,81.93
1049,M,Cadre,1,Nantes,Prive,0.3684493416010295,12,43.35
1050,F,Employe,0,Lyon,Prive,0.6251755789781367,12,55.03
1051,M,Agriculteur,0,Nantes,Public,-0.06946454872101249,12,56.64
1052,F,Cadre,0,Nancy,Public,0.6238814192828377,11,74.34
1053,M,Agriculteur,1,Nantes,Public,0.46485180004580773,10,52.07
1054,M,Cadre,0,Bordeaux,Prive,0.39164053585364034,11,86.9
1055,F,Retraite,0,Bordeaux,Public,0.881318990481428,11,62.06
1056,M,Agriculteur,1,Nantes,Prive,0.43838666495568945,11,47.08
1057,F,Employe,1,Lyon,Prive,0.17664736555828398,11,32.94
1058,M,Retraite,0,Nantes,Prive,0.5913922138485134,13,74.48
1059,F,Retraite,0,Marseille,Prive,0.5764344631764451,13,96.8
1060,F,Professions_intermediaires,0,Lyon,Prive,0.4652125035371504,11,73.66
1061,M,Ouvrier,0,Bordeaux,Public,0.9702584369651415,11,83.65
1062,M,Professions_intermediaires,0,Lille,Prive,0.5420198124644593,11,84.17
1063,F,Agriculteur,0,Paris,Public,0.7029582138010373,12,73.27
1064,M,Cadre,0,Lille,Prive,0.5646135545977478,12,90.21
1065,M,Ouvrier,0,Marseille,Public,0.754113301668097,10,54.2
1066,F,Professions_intermediaires,1,Lille,Prive,0.43382459461278267,12,55.28
1067,M,Agriculteur,0,Paris,Prive,0.28731634942698814,11,60.62
1068,M,Employe,1,Nancy,Public,0.6531478178569667,11,62.61
1069,F,Cadre,0,Nancy,Public,0.5598541594960493,12,81.18
1070,F,Ouvrier,0,Nantes,Prive,0.6590444677679042,10,55.51
1071,M,Agriculteur,0,Toulouse,Public,0.37665778022208807,13,56.14
1072,F,Retraite,0,Paris,Prive,0.5960378978364129,13,75.31
1073,M,Agriculteur,0,Lyon,Public,0.18114502930422632,10,59.33
1074,M,Cadre,0,Marseille,Public,0.40404284871352036,13,66.73
1075,F,Ouvrier,0,Nantes,Public,0.3590686083381012,12,67.53
1076,F,Cadre,0,Paris,Prive,0.5991920547248809,13,74.09
1077,M,Retraite,0,Nantes,Public,0.40315659679383137,10,56.93
1078,F,Ouvrier,0,Nancy,Public,0.22543456971498876,10,53.56
1079,F,Employe,0,Nancy,Public,0.3863515526888993,10,56.14
1080,M,Retraite,0,Lille,Prive,0.6196977222411169,12,51.36
1081,M,Professions_intermediaires,0,Nantes,Prive,0.5262166607473492,11,81.9
1082,M,Employe,0,Bordeaux,Prive,0.35098336730700486,13,69.59
1083,M,Ouvrier,0,Nantes,Public,0.6678427697427491,12,64.18
1084,M,Cadre,1,Toulouse,Public,0.8130813982934252,13,74.18
1085,F,Professions_intermediaires,0,Lille,Public,0.6817655916269224,11,64.19
1086,M,Retraite,0,Nantes,Public,0.03850106011533905,10,58.54
1087,M,Retraite,0,Lille,Prive,0.5474309933350988,13,68.77
1088,M,Cadre,0,Nancy,Prive,0.47163313948278374,10,87.36
1089,M,Cadre,0,Bordeaux,Public,0.0928514968959413,13,78.99
1090,F,Retraite,0,Toulouse,Public,0.24191706093407545,12,68.77
1091,M,Agriculteur,0,Lille,Prive,0.6598131599504617,12,70.47
1092,F,Employe,1,Bordeaux,Prive,0.5371340589865955,10,49.88
1093,M,Agriculteur,0,Lyon,Prive,0.5161270743215409,11,56.34
1094,F,Agriculteur,0,Nancy,Public,0.3699814196837412,10,72.81
1095,F,Employe,1,Lyon,Public,0.7164569662078494,12,47.24
1096,F,Retraite,0,Bordeaux,Prive,0.2540395144035288,11,54.72
1097,M,Employe,0,Bordeaux,Public,0.3224144960984766,10,59.41
1098,M,Professions_intermediaires,0,Nantes,Public,0.4364486318768028,10,62.95
1099,F,Cadre,0,Lyon,Prive,0.19485281215728611,12,77.83
1100,F,Agriculteur,1,Toulouse,Public,0.32366790153173064,12,53.04
1101,F,Retraite,0,Marseille,Prive,0.7123141502750617,11,66.975
1102,F,Cadre,0,Toulouse,Prive,0.3311425832904662,11,81.64
1103,M,Cadre,0,Lille,Public,0.6561752398386964,13,93.43
1104,F,Agriculteur,0,Nancy,Public,0.6269901884221365,10,49.97
1105,F,Retraite,0,Toulouse,Prive,0.46631282433169646,13,81.45
1106,F,Retraite,0,Lille,Prive,0.21621317680835755,13,55.1
1107,F,Agriculteur,0,Nancy,Public,0.5126828418794321,10,61.36
1108,M,Agriculteur,0,Toulouse,Prive,0.07783784578238595,12,59.45
1109,M,Agriculteur,1,Nancy,Public,0.3942195814520637,12,39.6
1110,F,Retraite,1,Nantes,Prive,0.5486512553828206,13,45.93
1111,M,Ouvrier,1,Toulouse,Public,0.6739083793765637,12,37.08
1112,F,Professions_intermediaires,0,Nancy,Public,0.46965019437015376,10,84.97
1113,F,Ouvrier,0,Lyon,Prive,0.37840643013789166,11,82.98
1114,F,Professions_intermediaires,1,Paris,Public,0.36239600678703365,12,58.98
1115,F,Cadre,0,Paris,Public,0.4063399231632116,11,85.24
1116,F,Employe,0,Toulouse,Public,0.6248266190095082,11,66.28
1117,M,Retraite,0,Bordeaux,Prive,0.5700183081558111,13,75.09
1118,M,Agriculteur,1,Lyon,Prive,0.49559643248567814,13,40.99
1119,M,Professions_intermediaires,1,Lille,Public,0.6260071778783225,11,59.64
1120,F,Retraite,0,Lyon,Public,0.5001067860133708,10,60.82
1121,F,Ouvrier,0,Bordeaux,Public,0.23303146476549702,13,44.32
1122,F,Professions_intermediaires,1,Lyon,Prive,0.2779351578749338,12,48.7
1123,F,Ouvrier,0,Paris,Public,0.620335683122091,12,55.28
1124,F,Employe,0,Bordeaux,Prive,0.22520320178294556,10,75.73
1125,M,Employe,0,Nancy,Public,0.4238049928580464,12,58.54
1126,M,Professions_intermediaires,0,Bordeaux,Public,0.4771691851090327,13,72.33
1127,M,Professions_intermediaires,1,Lille,Public,0.2933281321971397,10,43.61
1128,M,Agriculteur,0,Nancy,Public,0.1664518130220558,11,49.54
1129,M,Cadre,0,Nantes,Public,0.26504607250932644,11,84.99
1130,M,Retraite,0,Toulouse,Prive,0.13805408659359453,11,55.19
1131,F,Cadre,0,Marseille,Public,0.6223262825049991,10,100.0
1132,M,Ouvrier,1,Toulouse,Prive,0.5794946917659858,12,51.18
1133,M,Ouvrier,0,Marseille,Public,0.34807448037073696,10,57.29
1134,M,Ouvrier,0,Lille,Public,0.22652936751005548,11,66.975
1135,M,Cadre,0,Nancy,Public,0.7332586750889208,12,88.32
1136,F,Cadre,0,Lille,Prive,0.5880692404055665,10,78.19
1137,M,Retraite,1,Marseille,Public,0.3757924719455024,13,28.33
1138,F,Ouvrier,0,Nantes,Public,0.7374244229736974,11,57.22
1139,M,Employe,0,Paris,Public,0.5275209141748024,13,79.64
1140,M,Retraite,1,Marseille,Prive,0.5636028858501003,11,66.975
1141,M,Ouvrier,0,Paris,Prive,0.2916052579773458,10,60.25
1142,F,Cadre,0,Lille,Prive,0.19675232095342682,11,85.91
1143,M,Employe,0,Marseille,Prive,0.18598621400618398,12,58.29
1144,M,Professions_intermediaires,1,Nantes,Prive,0.9166066618066742,10,57.72
1145,F,Retraite,0,Toulouse,Prive,0.3344853778118101,11,80.04
1146,F,Employe,0,Paris,Public,0.5130346951710145,13,73.56
1147,M,Cadre,0,Marseille,Public,0.5919225920165107,13,71.04
1148,M,Cadre,0,Marseille,Prive,0.4958353722472648,12,68.11
1149,M,Agriculteur,0,Nancy,Prive,0.4691498964267929,10,74.07
1150,M,Retraite,0,Marseille,Prive,0.4646902105622662,12,55.27
1151,F,Ouvrier,0,Bordeaux,Public,0.5959892297355204,13,62.44
1152,M,Cadre,0,Bordeaux,Public,0.29203939230911047,11,59.73
1153,F,Agriculteur,0,Lyon,Public,0.4118925801796819,12,63.39
1154,M,Ouvrier,0,Nancy,Prive,0.03925258618055877,11,66.975
1155,F,Agriculteur,0,Nancy,Prive,0.12739064755065316,11,56.49
1156,M,Employe,1,Marseille,Public,0.24039016272489294,12,30.76
1157,F,Professions_intermediaires,0,Nantes,Prive,0.6707493620685856,13,77.06
1158,M,Retraite,1,Lyon,Prive,0.4454595109910472,13,43.11
1159,F,Professions_intermediaires,1,Nantes,Public,0.6394814887543087,10,55.4
1160,F,Retraite,1,Toulouse,Prive,0.5769770947049954,11,32.99
1161,M,Professions_intermediaires,0,Marseille,Public,0.5520192055051532,13,78.68
1162,F,Employe,0,Bordeaux,Public,0.3111825515639261,12,59.18
1163,M,Agriculteur,0,Nancy,Prive,0.514987485095073,12,69.9
1164,M,Professions_intermediaires,0,Nancy,Public,0.5508960218375151,12,66.33
1165,M,Employe,0,Bordeaux,Prive,0.9401358149325547,11,87.9
1166,F,Ouvrier,0,Marseille,Prive,0.4307975867404599,12,66.39
1167,F,Professions_intermediaires,0,Nantes,Public,0.6464438929121279,13,75.48
1168,F,Professions_intermediaires,0,Nancy,Prive,0.47522412907691586,10,77.69
1169,M,Agriculteur,0,Lyon,Prive,0.35954981947438946,10,79.63
1170,M,Ouvrier,1,Lille,Prive,0.6739069728943555,13,54.4
1171,M,Professions_intermediaires,0,Nantes,Public,0.8783168675404465,10,95.91
1172,M,Agriculteur,0,Lyon,Prive,0.552401006019487,11,74.6
1173,F,Retraite,0,Nantes,Public,0.36339322437280175,10,57.62
1174,F,Retraite,0,Nancy,Public,0.5934982422195925,11,72.85
1175,F,Employe,1,Nantes,Prive,0.5558850374893208,10,65.02
1176,F,Employe,0,Toulouse,Public,0.9433008417756332,11,83.7
1177,F,Professions_intermediaires,0,Lyon,Public,0.6484339061792411,10,71.32
1178,F,Cadre,0,Lyon,Prive,0.3132828320095112,13,81.99
1179,F,Employe,0,Paris,Public,0.7549386699185744,12,80.95
1180,F,Ouvrier,1,Lille,Prive,0.6550720011389712,12,46.46
1181,M,Ouvrier,1,Marseille,Prive,0.6870792476551322,13,50.99
1182,M,Cadre,0,Lille,Public,0.5889784099140116,10,80.38
1183,M,Agriculteur,0,Lyon,Prive,0.7016600793540726,12,70.5
1184,F,Ouvrier,0,Marseille,Public,0.5881246751509066,10,66.51
1185,F,Ouvrier,0,Lille,Prive,0.44912451422745114,13,63.88
1186,F,Employe,0,Marseille,Public,0.5268437347227847,12,63.39
1187,F,Retraite,0,Nantes,Public,0.4768097263362976,10,42.94
1188,M,Retraite,0,Paris,Public,0.5682772435560788,13,39.57
1189,M,Cadre,1,Lille,Prive,0.5158884776873801,12,63.93
1190,F,Ouvrier,0,Nancy,Prive,0.43708364854313636,12,61.76
1191,F,Ouvrier,0,Nantes,Public,0.46367850685022377,10,58.84
1192,F,Retraite,0,Paris,Public,0.49928015277336246,12,65.8
1193,F,Cadre,1,Lille,Prive,0.1437841205609791,11,72.07
1194,M,Ouvrier,0,Toulouse,Public,0.7048862467914793,11,60.04
1195,M,Retraite,0,Lyon,Public,0.5695858211263444,10,68.82
1196,M,Professions_intermediaires,0,Lyon,Prive,0.37770221828108785,10,86.46
1197,M,Cadre,0,Paris,Public,0.6182389070454545,13,77.27
1198,M,Cadre,0,Bordeaux,Public,0.3983780609512227,11,97.7
1199,M,Employe,0,Lyon,Public,0.3983719379315569,11,73.5
1200,M,Retraite,0,Lille,Public,0.5749273245136965,12,62.86
1201,M,Agriculteur,0,Lyon,Prive,0.7861246963335011,11,51.48
1202,F,Employe,0,Paris,Prive,0.5559750030711909,12,82.25
1203,M,Agriculteur,0,Nantes,Prive,0.3448247477652384,10,80.52
1204,M,Employe,0,Nantes,Public,0.4296373665750434,10,59.2
1205,M,Cadre,0,Nancy,Public,0.6698094589738269,12,100.0
1206,M,Agriculteur,0,Nantes,Public,0.5808559659199025,10,54.56
1207,M,Ouvrier,1,Bordeaux,Public,0.6918943628460329,13,46.85
1208,M,Agriculteur,0,Lyon,Prive,0.5786914146476217,11,68.13
1209,F,Employe,0,Toulouse,Public,0.654166386276441,12,59.86
1210,M,Agriculteur,0,Lille,Prive,0.902599180928112,13,74.61
1211,M,Cadre,0,Bordeaux,Prive,0.22953598699704636,11,77.77
1212,M,Ouvrier,0,Nancy,Prive,0.9814287296936076,11,59.88
1213,F,Agriculteur,0,Lyon,Public,0.6872981963010922,13,79.7
1214,M,Employe,0,Nancy,Public,1.0249944278148282,12,72.42
1215,F,Retraite,0,Lyon,Public,0.30334961747303896,12,66.975
1216,F,Retraite,0,Bordeaux,Prive,0.5764902999426329,11,80.2
1217,M,Employe,0,Lyon,Prive,0.5318753107521955,10,61.81
1218,M,Professions_intermediaires,0,Marseille,Prive,0.6767080272590913,10,57.53
1219,M,Cadre,0,Nancy,Prive,0.5939509342622973,12,83.8
1220,F,Professions_intermediaires,0,Paris,Public,0.5715470808653051,10,78.05
1221,M,Professions_intermediaires,0,Bordeaux,Public,0.6557844006347419,13,75.25
1222,M,Employe,0,Toulouse,Public,0.4786380772433115,11,74.27
1223,M,Professions_intermediaires,0,Nancy,Public,0.3968340953342493,11,75.33
1224,M,Employe,1,Bordeaux,Prive,0.5906498912899455,11,43.6
1225,F,Retraite,0,Nantes,Prive,0.396437818456872,10,69.49
1226,M,Retraite,0,Lille,Public,0.4748936504545386,11,67.62
1227,F,Ouvrier,1,Lyon,Public,0.21177811692228904,13,39.06
1228,M,Agriculteur,1,Toulouse,Prive,0.5111851820287907,12,46.81
1229,F,Retraite,0,Paris,Public,0.31427113646078375,13,63.98
1230,F,Ouvrier,1,Marseille,Public,0.4934045490188324,13,42.34
1231,M,Agriculteur,0,Nancy,Public,0.2827944790034149,12,60.52
1232,M,Retraite,1,Lyon,Public,0.49613362398954036,13,48.23
1233,M,Employe,0,Toulouse,Public,0.6799411986884429,11,75.97
1234,M,Professions_intermediaires,0,Lille,Prive,0.38083189637186937,11,76.39
1235,M,Agriculteur,1,Paris,Prive,0.3133419600639799,11,49.45
1236,F,Cadre,0,Lyon,Prive,0.6563281858638332,11,68.69
1237,F,Employe,1,Marseille,Public,0.6826553862880507,10,60.66
1238,F,Cadre,0,Lille,Public,0.5847842117890976,12,78.69
1239,F,Cadre,0,Bordeaux,Prive,0.40690945626683866,12,93.53
1240,F,Agriculteur,1,Lyon,Prive,0.3740628362513464,11,34.49
1241,M,Cadre,0,Bordeaux,Public,0.4337028558633029,12,96.78
1242,M,Cadre,1,Paris,Prive,0.4881671979043642,13,44.09
1243,M,Retraite,1,Nantes,Public,0.15491460753630748,13,39.32
1244,F,Professions_intermediaires,0,Lyon,Public,0.30337005438393194,13,67.88
1245,M,Retraite,0,Bordeaux,Prive,0.7501741085989211,11,73.67
1246,M,Agriculteur,0,Toulouse,Prive,0.5414856011820806,11,84.44
1247,M,Retraite,0,Bordeaux,Prive,0.7453961115522939,11,71.53
1248,F,Employe,0,Marseille,Prive,0.7031352642141256,11,81.43
1249,F,Retraite,0,Nancy,Public,0.4375092476136334,12,77.94
1250,M,Retraite,0,Lille,Public,0.4405298931156196,10,57.12
1251,F,Ouvrier,0,Nantes,Prive,0.6933125873572326,11,69.01
1252,F,Cadre,0,Nancy,Prive,0.6517298870697859,11,100.0
1253,F,Cadre,0,Lille,Prive,0.6974830510067193,10,93.02
1254,M,Cadre,0,Paris,Prive,0.49729437754612793,11,78.66
1255,M,Agriculteur,0,Bordeaux,Prive,0.5285159780820256,10,73.26
1256,F,Agriculteur,0,Bordeaux,Public,0.44888786262396374,13,69.41
1257,F,Employe,0,Marseille,Prive,0.48930630416732024,10,72.85
1258,M,Professions_intermediaires,0,Toulouse,Public,0.36287132733235783,11,66.23
1259,M,Retraite,1,Toulouse,Prive,0.4850428847704805,11,45.85
1260,M,Cadre,0,Bordeaux,Prive,0.4679981692123908,11,82.04
1261,F,Retraite,0,Nancy,Prive,0.4082519573235124,12,59.03
1262,M,Professions_intermediaires,1,Nantes,Prive,0.65822957832562,11,69.27
1263,F,Retraite,1,Bordeaux,Prive,0.21795255578906103,12,34.67
1264,M,Retraite,0,Lille,Public,0.5674874373140837,10,58.69
1265,F,Ouvrier,1,Nantes,Public,0.31566192110243424,13,26.77
1266,F,Agriculteur,0,Nancy,Prive,0.33042969733254995,12,65.19
1267,F,Employe,0,Paris,Public,0.34757177753276164,13,63.78
1268,F,Agriculteur,0,Marseille,Prive,0.5941677526690612,10,78.07
1269,M,Agriculteur,0,Lyon,Public,0.04847304368637484,12,46.98
1270,F,Employe,1,Toulouse,Public,0.5337400901207032,12,34.08
1271,F,Ouvrier,1,Lille,Prive,0.5090907578292537,11,25.01
1272,F,Cadre,1,Toulouse,Public,0.3059675047353456,13,65.34
1273,M,Employe,0,Nantes,Public,0.5364422018168359,11,77.11
1274,M,Professions_intermediaires,0,Toulouse,Prive,0.2573496606361999,12,77.24
1275,M,Ouvrier,0,Nancy,Prive,0.4912470023538992,10,55.29
1276,M,Ouvrier,0,Paris,Prive,0.24980219663871933,10,55.67
1277,M,Cadre,0,Bordeaux,Public,0.9100670633992824,13,72.8
1278,M,Agriculteur,1,Lyon,Public,0.6722811650480288,11,66.35
1279,F,Employe,0,Toulouse,Prive,0.5492932785952568,10,80.0
1280,M,Employe,0,Lille,Public,0.30896415087419704,13,70.93
1281,M,Ouvrier,1,Lyon,Prive,0.44489411439322246,10,30.71
1282,M,Employe,0,Lille,Public,0.45316167179652067,10,62.7
1283,F,Employe,0,Nantes,Public,0.5483801215183737,12,67.85
1284,M,Employe,0,Paris,Prive,0.5797100181655767,10,84.06
1285,F,Cadre,0,Marseille,Public,0.5449751530305836,12,95.49
1286,F,Employe,0,Lille,Public,0.5684613875170869,11,68.32
1287,M,Agriculteur,0,Toulouse,Public,0.46602993032496265,13,72.51
1288,F,Cadre,0,Nantes,Prive,0.5684925498836831,12,78.8
1289,F,Agriculteur,0,Lille,Prive,0.3724131844707493,10,54.23
1290,M,Professions_intermediaires,0,Paris,Public,0.28730022282638384,12,68.7
1291,F,Professions_intermediaires,0,Bordeaux,Public,0.8695761436373524,12,73.39
1292,M,Professions_intermediaires,0,Lille,Prive,0.5832012847563112,13,60.6
1293,F,Retraite,0,Nancy,Public,0.8612173163922032,10,73.75
1294,F,Employe,0,Lille,Prive,0.44505175024915716,12,64.91
1295,M,Retraite,0,Bordeaux,Prive,0.9821433559607471,12,65.53
1296,M,Employe,0,Bordeaux,Prive,0.5159208917643485,13,63.75
1297,F,Ouvrier,0,Paris,Public,0.7291919750000347,12,69.95
1298,M,Agriculteur,1,Nantes,Public,0.506570648151386,13,46.11
1299,M,Retraite,0,Nantes,Prive,0.5329845107966662,12,65.99
1300,F,Ouvrier,0,Marseille,Prive,0.47696000305301667,10,59.46
1301,M,Professions_intermediaires,0,Lyon,Prive,0.4014394727129593,10,87.4
1302,F,Professions_intermediaires,0,Nancy,Public,0.6960484547209074,10,91.78
1303,M,Employe,0,Lille,Prive,0.49822777702511034,12,68.01
1304,M,Professions_intermediaires,0,Bordeaux,Public,0.6660873332536841,13,66.975
1305,M,Agriculteur,1,Nantes,Prive,0.6807588294080735,12,46.93
1306,M,Professions_intermediaires,0,Nancy,Prive,0.7828677410478406,13,68.6
1307,F,Professions_intermediaires,0,Toulouse,Public,0.5842342844878123,12,70.18
1308,F,Retraite,0,Marseille,Prive,0.19780576313793935,12,64.86
1309,F,Employe,1,Nantes,Public,0.43595884660259043,10,41.75
1310,M,Professions_intermediaires,1,Bordeaux,Prive,0.49495974499993917,10,52.31
1311,M,Employe,0,Bordeaux,Public,0.5024830069422375,12,77.69
1312,F,Retraite,0,Nantes,Public,0.7636790728594162,10,76.28
1313,M,Employe,1,Lille,Prive,0.727245418822022,13,52.62
1314,M,Retraite,1,Nantes,Prive,0.4710171374612083,13,42.33
1315,M,Professions_intermediaires,0,Toulouse,Public,0.9860189341196366,10,82.91
1316,F,Employe,1,Lyon,Public,0.430233014289849,10,55.35
1317,M,Agriculteur,0,Nancy,Public,0.44646178854917373,13,69.5
1318,M,Employe,0,Toulouse,Prive,0.2815203478430631,13,59.88
1319,F,Employe,0,Lille,Prive,0.18816685193620386,12,50.18
1320,F,Cadre,0,Paris,Public,0.2639851502701275,11,84.65
1321,F,Agriculteur,0,Nantes,Prive,0.7027090174446535,11,77.04
1322,F,Cadre,0,Bordeaux,Prive,0.6483004020846013,13,74.52
1323,M,Professions_intermediaires,0,Paris,Public,0.3232899087401166,12,66.975
1324,M,Professions_intermediaires,0,Lyon,Prive,0.5199758371367917,10,77.45
1325,M,Employe,0,Paris,Prive,0.6612938433667495,12,68.2
1326,F,Employe,0,Lille,Public,0.09332567396258679,13,75.88
1327,M,Employe,0,Bordeaux,Prive,0.8544422635844628,10,88.54
1328,F,Employe,0,Nancy,Prive,0.7105074039900049,12,61.77
1329,M,Retraite,0,Nancy,Prive,0.6621029415726299,12,65.33
1330,F,Cadre,0,Toulouse,Prive,0.7404162313132805,13,99.51
1331,F,Cadre,0,Lyon,Prive,0.0916923515961679,12,75.77
1332,M,Agriculteur,0,Bordeaux,Prive,0.4562855993189983,10,73.67
1333,F,Agriculteur,1,Lyon,Public,0.7516738655678117,12,49.21
1334,M,Agriculteur,0,Lyon,Prive,0.4985941225724027,10,53.84
1335,M,Professions_intermediaires,0,Lille,Prive,0.6485353218257999,12,83.51
1336,M,Retraite,0,Paris,Public,0.7896349657970823,10,67.38
1337,M,Retraite,0,Lille,Prive,0.6407246704589652,13,90.3
1338,F,Employe,1,Paris,Public,0.44845814206055595,12,55.83
1339,M,Ouvrier,0,Toulouse,Public,0.6151412726090844,12,66.975
1340,F,Cadre,0,Nancy,Public,0.1657999524603524,10,84.21
1341,M,Retraite,0,Paris,Prive,0.5980702533969675,11,66.975
1342,F,Retraite,0,Lille,Prive,0.6499271394571534,12,73.53
1343,F,Agriculteur,0,Lille,Public,0.5301899791634676,11,63.65
1344,M,Agriculteur,0,Lyon,Public,0.7323059491378774,10,75.92
1345,F,Employe,0,Lyon,Prive,0.5557256017830252,12,79.26
1346,M,Professions_intermediaires,0,Nantes,Public,0.529390706919141,12,82.05
1347,M,Employe,0,Marseille,Public,0.8664658626950411,12,84.91
1348,M,Professions_intermediaires,1,Paris,Prive,0.30843235775257616,11,77.83
1349,M,Employe,1,Nantes,Public,0.778426769653692,12,48.92
1350,M,Ouvrier,0,Marseille,Prive,0.7625928993934132,13,82.03
1351,F,Retraite,0,Toulouse,Prive,0.6690590635323301,13,71.88
1352,F,Retraite,0,Bordeaux,Public,0.4190974400327759,11,60.24
1353,F,Agriculteur,0,Nancy,Public,0.5685391163772637,12,70.94
1354,M,Professions_intermediaires,1,Nantes,Prive,0.3391414673029838,13,58.59
1355,F,Employe,0,Nantes,Prive,0.387577289880771,10,62.71
1356,F,Professions_intermediaires,0,Lille,Public,0.5262884991822933,12,58.44
1357,F,Agriculteur,0,Lille,Public,0.3232760837814239,13,73.17
1358,F,Professions_intermediaires,0,Bordeaux,Prive,0.45333371558504854,10,76.52
1359,F,Employe,0,Nancy,Public,0.27959959728101713,11,58.98
1360,F,Cadre,1,Toulouse,Public,0.6305849277251735,13,57.02
1361,F,Retraite,0,Bordeaux,Public,0.8269721492058235,10,76.35
1362,F,Employe,0,Paris,Public,0.9393837648179417,11,89.79
1363,F,Retraite,1,Toulouse,Prive,0.29329611022171437,13,32.88
1364,F,Agriculteur,0,Marseille,Prive,0.32843561456095755,12,68.26
1365,M,Retraite,0,Nancy,Public,0.49000543936771873,12,83.7
1366,F,Professions_intermediaires,0,Lille,Public,0.6644678045156884,12,87.66
1367,F,Employe,0,Toulouse,Prive,0.4816005668392154,11,68.14
1368,F,Ouvrier,0,Nancy,Public,0.7155093325669604,13,65.38
1369,M,Professions_intermediaires,0,Toulouse,Prive,0.62922291206013,11,72.63
1370,M,Cadre,0,Marseille,Public,0.16923492647443716,11,77.47
1371,M,Ouvrier,0,Bordeaux,Prive,0.5338866351637179,11,57.1
1372,F,Retraite,0,Lyon,Public,0.27498537768966747,10,58.23
1373,F,Retraite,1,Lille,Prive,0.4097273118555034,12,42.57
1374,F,Cadre,0,Paris,Prive,0.44034263496441617,13,69.85
1375,M,Agriculteur,0,Lyon,Prive,0.6709488699905043,12,70.61
1376,M,Cadre,0,Nantes,Public,0.5167712035626785,11,100.0
1377,M,Cadre,0,Paris,Prive,0.42942559774443917,10,70.3
1378,M,Professions_intermediaires,0,Toulouse,Public,0.9417944211691793,12,97.9
1379,M,Cadre,0,Toulouse,Public,0.34383160421680303,12,90.44
1380,M,Agriculteur,0,Lille,Prive,0.580076715494368,13,76.04
1381,M,Employe,1,Lyon,Prive,0.6559124967905996,11,46.15
1382,F,Agriculteur,0,Toulouse,Public,0.555984407061769,10,79.57
1383,F,Retraite,1,Toulouse,Prive,0.3426681628818773,13,59.19
1384,M,Retraite,0,Nantes,Public,0.3324597895340461,11,70.77
1385,F,Ouvrier,0,Nancy,Public,0.646375840279714,13,67.74
1386,F,Ouvrier,0,Lyon,Public,0.7312802462050793,10,67.56
1387,M,Professions_intermediaires,0,Nantes,Prive,0.5117430417759651,13,69.32
1388,F,Retraite,0,Lyon,Prive,0.25870271367343806,13,61.99
1389,M,Retraite,0,Bordeaux,Prive,0.5242344973944846,10,70.3
1390,M,Retraite,0,Marseille,Prive,0.8251487797624957,13,72.42
1391,F,Ouvrier,1,Paris,Public,0.3209551755439242,13,37.77
1392,M,Professions_intermediaires,1,Lyon,Prive,0.4586427028587674,13,53.42
1393,M,Agriculteur,0,Lille,Public,0.5337590912682422,10,86.17
1394,M,Professions_intermediaires,1,Lille,Prive,0.7398041526234328,11,61.79
1395,F,Agriculteur,0,Nancy,Public,0.4162364911186499,12,70.51
1396,M,Employe,0,Nantes,Prive,0.6189804967846952,11,48.97
1397,M,Cadre,0,Lille,Public,0.8003523245329894,12,100.0
1398,M,Cadre,0,Marseille,Prive,0.22579501752131392,13,84.18
1399,F,Retraite,0,Nantes,Prive,0.25992334543849704,13,66.01
1400,F,Employe,0,Nancy,Prive,0.5033882863104993,13,74.97
1401,M,Employe,1,Lyon,Public,0.7182022093862488,11,44.19
1402,F,Ouvrier,0,Nancy,Prive,0.5886939032160136,10,61.77
1403,F,Ouvrier,0,Paris,Prive,0.7360708893901751,10,83.48
1404,F,Retraite,0,Nancy,Prive,0.1816873408378028,10,46.82
1405,F,Retraite,0,Marseille,Prive,0.5912899863179416,13,56.38
1406,F,Employe,0,Paris,Public,-0.047243971703072374,11,44.17
1407,F,Agriculteur,0,Bordeaux,Prive,0.7875061463562644,11,75.09
1408,M,Professions_intermediaires,0,Marseille,Public,0.7598913520378678,13,95.0
1409,F,Retraite,0,Toulouse,Prive,0.45642038024825904,10,67.97
1410,F,Employe,0,Paris,Prive,0.060185386646656625,11,66.975
1411,F,Retraite,0,Paris,Public,0.4803293645657537,11,48.01
1412,M,Cadre,0,Lille,Public,0.7453923868773018,10,82.75
1413,F,Agriculteur,0,Nancy,Prive,0.6048699015420745,11,66.6
1414,M,Cadre,1,Toulouse,Public,0.8918822754184117,13,87.96
1415,M,Agriculteur,0,Bordeaux,Public,0.4627929270554901,12,69.4
1416,M,Cadre,0,Bordeaux,Public,0.9280980300775079,11,93.9
1417,M,Retraite,0,Paris,Prive,0.11755732513534323,13,58.27
1418,F,Professions_intermediaires,0,Lille,Public,0.37012797229286853,10,71.44
1419,M,Employe,0,Bordeaux,Prive,0.262861602059308,13,80.62
1420,F,Retraite,0,Marseille,Prive,0.6691547437041587,12,87.7
1421,M,Agriculteur,1,Marseille,Public,0.2796041060279666,10,54.17
1422,M,Cadre,0,Paris,Public,0.723233254665696,13,98.91
1423,M,Ouvrier,0,Marseille,Public,0.6591266965934358,10,59.84
1424,M,Retraite,0,Marseille,Prive,0.5579112113141712,12,70.43
1425,F,Agriculteur,0,Lyon,Prive,0.49912149822979907,12,52.38
1426,M,Agriculteur,0,Bordeaux,Public,0.31106827014305527,13,60.91
1427,M,Agriculteur,0,Marseille,Prive,0.6417958235345751,10,58.07
1428,M,Professions_intermediaires,0,Toulouse,Prive,0.41951107072809274,13,77.67
1429,F,Employe,0,Nancy,Public,0.6740978147163739,10,72.35
1430,M,Employe,0,Paris,Public,0.8200435274350724,10,66.975
1431,F,Ouvrier,0,Lyon,Prive,0.4586172781879212,10,67.42
1432,F,Ouvrier,0,Paris,Public,0.7844911516897872,11,78.82
1433,F,Agriculteur,1,Bordeaux,Public,0.5583766108581428,12,44.83
1434,M,Retraite,1,Bordeaux,Public,0.6397318360769148,10,31.84
1435,F,Ouvrier,0,Lyon,Prive,0.25595813400700285,10,74.55
1436,F,Professions_intermediaires,0,Bordeaux,Public,0.38302224475904056,12,68.97
1437,F,Ouvrier,0,Nantes,Prive,0.3808482218399455,10,59.41
1438,M,Cadre,1,Paris,Public,0.7895533363230585,12,80.96
1439,F,Agriculteur,0,Paris,Prive,0.45016543567722567,13,66.71
1440,M,Agriculteur,0,Nantes,Prive,0.6460259114115903,12,61.86
1441,M,Retraite,0,Marseille,Public,0.5051462515252471,10,84.1
1442,M,Employe,1,Marseille,Prive,0.44896154760255325,12,41.88
1443,M,Retraite,0,Nancy,Public,0.22592174040018403,11,75.55
1444,F,Agriculteur,1,Paris,Prive,0.1385087053667493,10,45.83
1445,F,Cadre,0,Toulouse,Prive,0.4525819460257234,10,94.5
1446,F,Employe,0,Marseille,Prive,0.46422819611371685,11,77.58
1447,M,Ouvrier,0,Nantes,Prive,0.34457715204609707,13,53.88
1448,M,Retraite,0,Bordeaux,Prive,0.5493501351712891,11,71.5
1449,M,Employe,0,Marseille,Prive,0.9130626966129141,10,66.975
1450,F,Employe,0,Bordeaux,Public,0.8189139249292103,11,88.42
1451,F,Cadre,0,Toulouse,Prive,0.5169671050902138,10,97.31
1452,F,Ouvrier,0,Toulouse,Prive,0.5239107842180997,10,69.26
1453,F,Agriculteur,0,Bordeaux,Prive,0.6403608407649853,13,72.73
1454,F,Agriculteur,0,Marseille,Prive,0.5614714514934719,13,64.2
1455,M,Ouvrier,0,Nancy,Prive,0.6407086900462423,10,78.5
1456,F,Ouvrier,0,Toulouse,Public,0.567149651446409,12,58.91
1457,M,Ouvrier,0,Bordeaux,Public,0.5308089995408507,13,57.35
1458,F,Retraite,1,Toulouse,Prive,0.3815842921056649,12,44.12
1459,F,Cadre,1,Lille,Prive,0.5818869631638194,11,55.18
1460,M,Professions_intermediaires,0,Toulouse,Public,0.057001558256782825,10,61.97
1461,M,Ouvrier,0,Paris,Prive,0.5623719449818055,10,55.64
1462,F,Employe,1,Toulouse,Public,0.09599523853064756,13,27.75
1463,F,Professions_intermediaires,0,Lyon,Public,0.5625329782250034,12,66.64
1464,F,Employe,0,Toulouse,Prive,0.3136775678420535,13,66.975
1465,M,Professions_intermediaires,0,Lille,Public,0.7650036691374673,13,90.03
1466,F,Retraite,0,Paris,Prive,0.5272885795589429,11,147.84792198026167
1467,M,Employe,0,Paris,Prive,0.5097717370111919,12,58.35
1468,F,Professions_intermediaires,1,Marseille,Prive,0.5906041852400536,10,66.975
1469,M,Retraite,0,Toulouse,Public,0.33663184635585197,12,64.46
1470,F,Retraite,0,Lyon,Public,0.7338330184886666,13,81.94
1471,M,Ouvrier,0,Bordeaux,Public,0.6481671867483263,12,72.87
1472,M,Ouvrier,0,Nancy,Prive,0.3993165105406826,12,60.93
1473,F,Retraite,0,Bordeaux,Prive,0.2977663866146867,11,75.67
1474,F,Retraite,1,Toulouse,Prive,0.4252901834266639,13,40.07
1475,M,Employe,0,Lille,Public,0.4784668246112836,12,56.93
1476,F,Professions_intermediaires,0,Bordeaux,Public,0.28305460217499456,11,69.14
1477,F,Professions_intermediaires,1,Lille,Prive,0.4086278338275864,11,65.83
1478,F,Agriculteur,0,Paris,Prive,0.3816893345458475,13,74.18
1479,F,Agriculteur,0,Bordeaux,Public,0.4595512880501487,10,79.41
1480,F,Cadre,0,Marseille,Public,0.4611482818628715,12,84.84
1481,F,Retraite,0,Lyon,Prive,0.5976197381827635,11,69.96
1482,F,Ouvrier,1,Lyon,Prive,0.5062487192700555,11,40.74
1483,F,Ouvrier,0,Lyon,Public,0.5804133173401784,11,56.55
1484,F,Retraite,0,Paris,Public,0.5497697641179482,13,67.96
1485,F,Employe,1,Toulouse,Prive,0.46101770637890765,11,46.69
1486,M,Retraite,1,Nantes,Prive,0.6367446014695535,11,43.72
1487,F,Employe,0,Toulouse,Prive,-0.04880134977213302,13,62.94
1488,F,Cadre,1,Lyon,Public,0.4282427597365606,11,66.14
1489,F,Ouvrier,0,Bordeaux,Prive,0.38586834895421174,13,72.22
1490,M,Retraite,0,Lyon,Public,0.5238745184532849,11,57.8
1491,F,Cadre,0,Nantes,Public,0.37313294618994186,13,80.12
1492,F,Employe,0,Marseille,Public,0.609780007125484,11,56.05
1493,F,Cadre,0,Paris,Public,0.6450666856444423,11,80.83
1494,F,Ouvrier,0,Marseille,Public,0.22319961613960138,12,62.14
1495,F,Agriculteur,0,Nantes,Public,0.5446994866480168,13,78.87
1496,F,Ouvrier,0,Lille,Prive,0.2438205808944201,10,63.17
1497,M,Cadre,0,Toulouse,Public,0.5959325065549237,13,98.86
1498,M,Cadre,0,Lille,Public,0.40669195435917677,11,87.92
1499,F,Ouvrier,1,Lyon,Prive,0.3391568901809931,13,39.62
1500,M,Ouvrier,0,Toulouse,Public,0.15791033490639345,12,59.59
1501,M,Professions_intermediaires,1,Toulouse,Public,0.4815633571868009,12,47.88
1502,F,Cadre,0,Lyon,Prive,0.2683998542408381,11,66.75
1503,F,Ouvrier,0,Toulouse,Public,0.20329017643475128,10,52.58
1504,F,Ouvrier,0,Toulouse,Public,0.537192553206805,10,60.99
1505,M,Agriculteur,0,Bordeaux,Public,0.6938488374451012,10,74.42
1506,F,Agriculteur,0,Toulouse,Prive,0.5788944642312818,12,65.21
1507,M,Professions_intermediaires,0,Paris,Public,0.2138028392603507,12,63.45
1508,F,Retraite,0,Toulouse,Public,0.4726434209211062,12,73.16
1509,M,Ouvrier,0,Nantes,Prive,0.6361127732483294,13,53.2
1510,M,Agriculteur,0,Paris,Prive,0.4727218526935218,13,67.71
1511,F,Agriculteur,0,Lille,Public,0.5651063556121267,11,66.55
1512,F,Employe,0,Lyon,Prive,0.41254794676843737,12,52.58
1513,M,Professions_intermediaires,0,Paris,Public,0.4230608482422354,10,69.85
1514,F,Agriculteur,0,Lyon,Public,0.36807737816449815,12,59.74
1515,F,Professions_intermediaires,0,Marseille,Public,0.6224027845480261,11,75.63
1516,M,Employe,0,Marseille,Prive,0.6350166836048092,11,71.91
1517,F,Professions_intermediaires,0,Nantes,Public,0.38896547861648956,11,54.7
1518,F,Agriculteur,0,Nancy,Public,0.6509727689895202,10,83.33
1519,F,Ouvrier,0,Bordeaux,Public,0.21460509929306243,12,83.5
1520,F,Professions_intermediaires,0,Lille,Public,0.46577536257393376,12,67.47
1521,M,Professions_intermediaires,1,Lyon,Prive,0.22926556125076225,10,43.96
1522,M,Cadre,0,Lyon,Public,0.27362831784152875,11,72.85
1523,F,Ouvrier,0,Lille,Prive,0.2268673638227508,11,46.97
1524,F,Ouvrier,0,Nantes,Prive,0.36885414787266824,11,77.76
1525,M,Agriculteur,0,Paris,Prive,0.6239502241141697,13,69.14
1526,F,Agriculteur,0,Lyon,Prive,0.4843276752937533,11,76.63
1527,F,Cadre,0,Marseille,Prive,0.38321856681214195,12,94.74
1528,F,Retraite,0,Paris,Public,0.4652989270675461,10,75.37
1529,F,Retraite,0,Nancy,Prive,0.0887413462841195,13,67.76
1530,M,Professions_intermediaires,0,Bordeaux,Prive,0.614363037486206,11,65.89
1531,F,Professions_intermediaires,0,Marseille,Public,0.050473102598836306,11,75.04
1532,F,Retraite,0,Lyon,Public,0.35855220767602414,10,60.13
1533,M,Professions_intermediaires,0,Toulouse,Public,0.4842245844916004,13,89.66
1534,F,Retraite,1,Lille,Prive,0.5891083211748324,12,40.73
1535,M,Retraite,0,Bordeaux,Public,0.547797193262074,10,55.51
1536,F,Employe,0,Lille,Public,0.4901009533832328,12,69.02
1537,F,Professions_intermediaires,0,Nancy,Public,0.7914978536368418,11,88.42
1538,F,Agriculteur,1,Paris,Public,0.9029711341687972,12,42.95
1539,M,Agriculteur,0,Paris,Public,0.5014109716662226,10,65.06
1540,M,Cadre,0,Lyon,Prive,0.4799828508798507,12,74.37
1541,F,Retraite,1,Nancy,Public,0.4680543472790938,10,53.79
1542,F,Cadre,0,Lyon,Prive,0.3778258778014647,12,78.4
1543,F,Cadre,0,Marseille,Public,0.5751715340742106,11,97.97
1544,M,Ouvrier,1,Lille,Prive,0.7543084980537946,13,66.975
1545,F,Employe,1,Paris,Public,0.0019641851768084084,12,40.95
1546,M,Retraite,0,Paris,Prive,0.46606774688337704,10,51.5
1547,M,Agriculteur,0,Toulouse,Public,0.7977188841078022,13,74.24
1548,M,Agriculteur,0,Nantes,Prive,0.5786332612981455,13,60.54
1549,F,Retraite,0,Nantes,Prive,0.5827590019584419,11,81.75
1550,F,Employe,0,Marseille,Prive,0.17981786259236487,11,71.79
1551,F,Professions_intermediaires,0,Marseille,Prive,0.640425409050783,10,81.21
1552,M,Cadre,0,Nancy,Prive,0.7018255287584046,12,66.975
1553,M,Retraite,0,Nantes,Public,0.5399873541629102,11,61.05
1554,M,Cadre,1,Lyon,Public,0.36888994181223067,10,67.29
1555,F,Retraite,1,Lille,Prive,0.588563898989013,12,47.4
1556,F,Agriculteur,0,Nantes,Public,0.29242917702108645,10,70.24
1557,M,Agriculteur,0,Marseille,Public,0.2659611503896872,10,64.63
1558,M,Retraite,0,Bordeaux,Prive,0.6604267980567803,13,67.7
1559,M,Agriculteur,0,Bordeaux,Public,0.7191627186935399,12,57.2
1560,M,Employe,0,Paris,Public,0.35147570431776054,10,58.6
1561,F,Professions_intermediaires,0,Toulouse,Public,0.2669339682205728,12,87.38
1562,F,Cadre,0,Lyon,Prive,0.32443090831691695,11,81.28
1563,F,Ouvrier,0,Paris,Public,0.5395299589867516,10,56.63
1564,M,Professions_intermediaires,0,Toulouse,Public,0.2671597216033569,10,70.0
1565,M,Cadre,1,Bordeaux,Prive,0.7567668141992304,13,56.63
1566,F,Cadre,0,Nancy,Prive,0.4070199536205394,10,79.89
1567,M,Ouvrier,0,Paris,Public,0.5732583247887477,12,66.975
1568,M,Professions_intermediaires,0,Nantes,Public,0.35136007774293276,13,75.88
1569,M,Professions_intermediaires,1,Paris,Prive,0.6168046874991749,11,60.4
1570,M,Ouvrier,0,Toulouse,Prive,0.6331771685238858,12,66.975
1571,F,Professions_intermediaires,0,Nancy,Public,0.1644381253646644,11,62.77
1572,F,Employe,0,Lille,Prive,0.36406734008415365,12,52.7
1573,M,Ouvrier,0,Nantes,Prive,0.46867570339274667,11,56.79
1574,M,Cadre,0,Lyon,Public,0.3949653734007107,11,77.31
1575,F,Cadre,1,Toulouse,Public,0.6743160953103967,12,71.71
1576,F,Retraite,0,Nantes,Prive,0.38056132861178893,10,60.98
1577,M,Ouvrier,0,Lyon,Prive,0.6429702102323301,12,65.13
1578,M,Cadre,0,Lille,Prive,0.5969327014002527,12,87.75
1579,F,Agriculteur,0,Nancy,Public,0.4784111948198894,13,77.69
1580,M,Employe,0,Bordeaux,Prive,0.6512699398437477,10,70.9
1581,F,Retraite,0,Bordeaux,Public,0.19241441873736082,10,61.26
1582,F,Agriculteur,1,Lille,Prive,0.4876615633391967,11,65.95
1583,M,Retraite,0,Bordeaux,Prive,0.3451531107555521,13,46.54
1584,F,Retraite,0,Toulouse,Prive,0.4786167340295802,11,67.36
1585,M,Ouvrier,1,Nancy,Public,0.4061187831845189,10,37.57
1586,F,Cadre,0,Bordeaux,Public,0.5119968657183323,10,86.87
1587,M,Agriculteur,0,Nancy,Public,0.5018972787027265,13,73.94
1588,F,Ouvrier,1,Paris,Prive,0.5277508657447695,13,35.28
1589,M,Cadre,0,Lille,Public,0.5356767881119657,10,80.33
1590,F,Agriculteur,0,Marseille,Public,0.6146721248744662,12,79.3
1591,M,Agriculteur,1,Bordeaux,Public,0.24825381060624468,13,41.73
1592,F,Cadre,0,Nancy,Prive,0.6018730603216307,10,79.78
1593,F,Retraite,0,Paris,Public,0.19747313684498968,10,66.6
1594,F,Agriculteur,0,Lille,Prive,-0.05887266735116525,11,63.57
1595,M,Ouvrier,0,Paris,Prive,0.8944925956664485,10,70.76
1596,F,Employe,0,Lille,Prive,0.3122321123025559,12,68.71
1597,M,Retraite,0,Lille,Prive,0.4103922500776079,12,67.74
1598,M,Ouvrier,0,Nancy,Prive,0.12725395102440634,11,51.6
1599,M,Ouvrier,1,Lille,Prive,0.40910901449260195,13,41.39
1600,M,Cadre,0,Nantes,Public,0.54135910065265,13,74.79
1601,F,Retraite,0,Lille,Public,0.5485556709234997,12,65.31
1602,M,Agriculteur,0,Nantes,Public,0.25864408958764645,12,71.97
1603,M,Ouvrier,0,Lille,Prive,0.4112698344572788,10,78.43
1604,F,Cadre,0,Nantes,Public,0.5737511116962928,10,88.83
1605,F,Retraite,0,Lille,Prive,0.5477097474580572,13,59.01
1606,M,Employe,0,Paris,Public,0.5256509313472587,12,64.97
1607,F,Professions_intermediaires,1,Toulouse,Prive,0.6520853158713427,11,46.38
1608,M,Cadre,0,Toulouse,Public,0.4782019766406259,12,90.16
1609,F,Agriculteur,0,Lille,Prive,0.7784497677055224,10,76.64
1610,F,Agriculteur,1,Toulouse,Prive,0.44137062427908147,11,40.21
1611,M,Agriculteur,0,Toulouse,Prive,0.6389036872691889,11,69.94
1612,F,Ouvrier,0,Nantes,Prive,0.6460239425689938,13,71.66
1613,M,Cadre,0,Bordeaux,Public,0.17216949143630123,11,77.84
1614,M,Agriculteur,0,Nancy,Prive,0.5881808757102557,10,64.35
1615,F,Cadre,0,Lille,Prive,0.3719721229180688,11,92.49
1616,F,Agriculteur,1,Nantes,Public,0.2982299825694161,11,48.75
1617,M,Professions_intermediaires,0,Bordeaux,Prive,0.4151146066803206,11,65.85
1618,M,Cadre,1,Lille,Public,0.532337669849917,13,65.54
1619,F,Ouvrier,0,Paris,Public,0.18702047874104455,11,36.19
1620,M,Retraite,0,Nancy,Public,0.5053767281471601,11,67.06
1621,F,Agriculteur,0,Paris,Prive,0.4564846058084132,11,94.3
1622,F,Retraite,0,Nantes,Public,0.7076356195414412,10,80.49
1623,M,Employe,0,Lyon,Prive,0.3732917280891316,10,63.27
1624,F,Employe,0,Nancy,Prive,0.7379645012087512,10,76.54
1625,M,Employe,0,Nantes,Prive,0.5773597703740143,13,74.17
1626,M,Ouvrier,0,Bordeaux,Prive,0.4933017177878942,13,147.04271298216167
1627,M,Employe,0,Paris,Public,0.7547322956813136,10,72.11
1628,M,Employe,0,Toulouse,Public,0.8845065933628825,11,56.4
1629,F,Retraite,0,Nantes,Prive,0.45789025325300253,10,61.98
1630,F,Employe,0,Lille,Prive,0.35198258082356704,13,60.41
1631,M,Professions_intermediaires,0,Lille,Prive,0.5857969134423546,10,66.975
1632,M,Professions_intermediaires,0,Nantes,Prive,0.21539343641410402,12,66.975
1633,F,Cadre,0,Marseille,Prive,0.239794165540394,12,85.77
1634,M,Retraite,0,Nantes,Public,0.761374555354499,13,88.54
1635,F,Ouvrier,0,Lyon,Public,0.6143720117512402,13,73.33
1636,M,Retraite,0,Marseille,Public,0.32836628401567913,13,60.13
1637,F,Agriculteur,1,Marseille,Public,1.127009459879714,11,77.45
1638,M,Employe,0,Toulouse,Public,0.22357315190927357,13,69.94
1639,F,Agriculteur,0,Lille,Public,0.6239445834611509,10,79.31
1640,F,Cadre,0,Nantes,Prive,0.3407002093304147,10,77.36
1641,M,Retraite,0,Lille,Public,0.8562140812212944,13,71.05
1642,F,Ouvrier,0,Lille,Prive,0.3938143531811272,13,64.95
1643,F,Ouvrier,0,Paris,Prive,0.44307740959173275,12,66.975
1644,M,Professions_intermediaires,0,Lille,Prive,0.1382485620703347,11,79.5
1645,F,Retraite,0,Lille,Public,0.9165291640556767,11,80.51
1646,F,Ouvrier,0,Bordeaux,Public,0.3764099650685279,13,60.75
1647,F,Agriculteur,0,Paris,Public,0.5960376762282079,10,79.0
1648,M,Retraite,0,Bordeaux,Public,0.5009450998197325,12,69.35
1649,M,Cadre,1,Bordeaux,Prive,0.38970870924573137,11,75.88
1650,M,Retraite,1,Paris,Public,0.0544612536368525,10,24.87
1651,F,Agriculteur,0,Lyon,Public,0.4543394113077847,12,69.32
1652,F,Employe,0,Nantes,Public,0.44566317132588035,12,74.66
1653,F,Retraite,0,Lyon,Public,0.5637535740503623,10,80.26
1654,M,Agriculteur,0,Marseille,Prive,0.9290936481525103,12,95.54
1655,F,Ouvrier,0,Nancy,Prive,0.6288986224836096,13,51.75
1656,F,Professions_intermediaires,0,Nantes,Public,0.6719722929445484,13,73.36
1657,M,Professions_intermediaires,0,Marseille,Prive,0.4389657057035033,13,72.58
1658,M,Agriculteur,0,Paris,Public,0.23734521990229362,11,51.61
1659,M,Agriculteur,0,Nantes,Public,0.4441470237416766,12,82.31
1660,F,Cadre,0,Lille,Prive,0.35310263109154416,12,83.94
1661,M,Employe,0,Nantes,Public,0.4899858261388584,13,77.89
1662,M,Employe,1,Toulouse,Public,0.40116651623681315,12,43.79
1663,F,Ouvrier,0,Bordeaux,Prive,0.16446109196168412,13,58.35
1664,M,Professions_intermediaires,0,Lyon,Prive,0.7533957540439781,12,67.86
1665,M,Retraite,0,Bordeaux,Public,0.4718425701306673,13,54.41
1666,F,Ouvrier,0,Nancy,Prive,0.43399268732094465,11,51.24
1667,M,Agriculteur,0,Bordeaux,Public,0.2790440760473366,10,48.28
1668,M,Professions_intermediaires,0,Bordeaux,Prive,0.40491981238526953,11,81.7
1669,M,Employe,0,Lille,Public,0.3273384967439247,11,63.63
1670,M,Employe,0,Nantes,Prive,0.2612018779921389,13,71.82
1671,M,Employe,1,Paris,Prive,0.5325443581624086,12,47.23
1672,M,Agriculteur,1,Bordeaux,Prive,0.4062356394505902,12,56.63
1673,F,Employe,0,Bordeaux,Public,0.6497204533471695,10,80.93
1674,M,Agriculteur,0,Nancy,Prive,0.4279285027131486,12,65.87
1675,M,Cadre,0,Nancy,Public,0.5229577250446639,12,86.84
1676,M,Ouvrier,1,Paris,Prive,0.5172572182660184,13,44.1
1677,F,Ouvrier,0,Marseille,Prive,0.5769623379159667,11,73.78
1678,F,Cadre,0,Nantes,Prive,0.3317679020696669,12,82.06
1679,M,Cadre,1,Paris,Prive,0.6798233698990878,10,71.72
1680,M,Agriculteur,0,Lille,Public,0.26399894307365684,12,50.07
1681,M,Cadre,0,Lyon,Public,0.5084872213637203,13,76.8
1682,F,Ouvrier,0,Nantes,Public,0.25901486599159573,13,50.14
1683,F,Employe,0,Lyon,Public,0.4758543711242493,11,73.16
1684,M,Professions_intermediaires,0,Paris,Public,0.6781682704444115,11,72.13
1685,F,Cadre,0,Nancy,Public,0.6110958148563111,10,89.51
1686,M,Agriculteur,0,Nantes,Prive,0.7117112996954569,11,71.72
1687,F,Retraite,1,Paris,Prive,0.43935497999317286,12,44.73
1688,F,Cadre,0,Marseille,Public,0.6817850072667127,13,97.85
1689,M,Professions_intermediaires,0,Marseille,Prive,0.36155479573452054,10,72.97
1690,F,Agriculteur,0,Lille,Prive,0.4083109666588543,12,65.77
1691,M,Employe,0,Marseille,Prive,0.5260068277123979,10,71.74
1692,M,Professions_intermediaires,0,Paris,Prive,0.6700000436009859,11,92.82
1693,M,Employe,0,Lille,Public,0.3905316311577383,13,65.6
1694,F,Professions_intermediaires,0,Paris,Public,0.6390275084877147,10,67.54
1695,F,Agriculteur,1,Toulouse,Public,0.546237487079511,10,38.68
1696,M,Ouvrier,0,Lyon,Prive,0.5673759874777292,10,58.96
1697,F,Employe,0,Marseille,Public,0.32907438018271085,11,54.48
1698,F,Ouvrier,0,Nantes,Prive,0.42305848662935364,13,66.975
1699,F,Ouvrier,0,Lyon,Prive,0.4812733800504929,11,143.3196792066827
1700,M,Ouvrier,1,Bordeaux,Prive,0.5674995659456854,13,44.91
1701,F,Agriculteur,0,Nancy,Public,0.3385176963886794,13,78.4
1702,F,Retraite,0,Bordeaux,Prive,0.2416046795187043,13,59.66
1703,M,Cadre,0,Lyon,Public,0.07344621087581316,11,77.4
1704,F,Retraite,0,Marseille,Public,0.6491622182158132,13,73.42
1705,M,Agriculteur,0,Paris,Prive,0.6888178872013078,10,72.9
1706,M,Agriculteur,0,Lille,Prive,0.09806314244462039,13,53.15
1707,M,Agriculteur,0,Lille,Public,0.5151341613479105,11,87.87
1708,M,Employe,0,Toulouse,Prive,0.42457322226807925,11,56.45
1709,F,Professions_intermediaires,0,Nancy,Public,0.743406113571471,13,84.6
1710,F,Professions_intermediaires,0,Lyon,Prive,0.457947164584408,10,67.56
1711,F,Professions_intermediaires,0,Lille,Prive,0.609102218894077,10,78.92
1712,F,Agriculteur,0,Nantes,Prive,0.4149525640652324,12,71.31
1713,M,Ouvrier,0,Paris,Prive,0.36258111466024934,13,55.16
1714,M,Agriculteur,0,Nancy,Public,0.6534472249133952,13,60.45
1715,M,Agriculteur,0,Lyon,Public,0.715672237128818,13,69.62
1716,M,Ouvrier,0,Nancy,Prive,0.24621693871781142,11,64.53
1717,M,Cadre,0,Bordeaux,Public,0.7284883414936568,12,75.51
1718,F,Retraite,0,Toulouse,Public,0.3050412053804771,13,75.89
1719,F,Ouvrier,0,Toulouse,Public,0.03358775849902568,10,52.09
1720,M,Ouvrier,0,Bordeaux,Public,0.5021636665317509,13,66.48
1721,F,Agriculteur,0,Lyon,Public,0.601434106145535,13,62.25
1722,M,Employe,0,Paris,Prive,0.19685380675473846,10,58.99
1723,M,Agriculteur,0,Toulouse,Public,0.1034469065467783,11,53.28
1724,M,Retraite,0,Toulouse,Public,0.40104162350086314,11,64.48
1725,M,Cadre,0,Marseille,Prive,0.3742874821013278,13,66.975
1726,M,Cadre,0,Toulouse,Prive,0.7739232582030662,11,84.44
1727,M,Cadre,1,Paris,Public,0.5024184609250503,13,82.66
1728,M,Cadre,0,Bordeaux,Prive,0.646908893783853,11,93.05
1729,F,Cadre,1,Nantes,Prive,0.5419380594870012,11,69.84
1730,F,Professions_intermediaires,0,Marseille,Public,0.8137387578373061,11,85.68
1731,M,Retraite,0,Bordeaux,Public,0.32166033430741103,13,73.2
1732,M,Retraite,0,Lyon,Prive,0.48240930489306466,11,62.47
1733,M,Retraite,0,Toulouse,Prive,0.18618588243554507,11,65.52
1734,M,Ouvrier,0,Marseille,Prive,0.6622790060565606,12,42.33
1735,M,Employe,0,Lille,Prive,0.7228046828275161,13,70.82
1736,M,Agriculteur,1,Toulouse,Prive,0.6745547113376364,12,49.06
1737,M,Professions_intermediaires,0,Bordeaux,Prive,0.4750637887025502,10,68.73
1738,F,Cadre,1,Lyon,Public,0.202112513721174,13,65.6
1739,F,Employe,1,Lille,Prive,0.48271995454354655,13,46.91
1740,F,Ouvrier,0,Bordeaux,Public,0.36445682936470136,12,57.07
1741,F,Employe,0,Paris,Public,0.684530600031484,12,65.5
1742,M,Cadre,0,Marseille,Public,0.4146573935830287,13,78.58
1743,F,Cadre,1,Nancy,Public,0.4103882682014048,12,45.47
1744,F,Professions_intermediaires,0,Toulouse,Prive,0.9347966632062246,11,82.23
1745,F,Employe,0,Nantes,Public,0.6598639881612156,11,66.975
1746,M,Employe,0,Nancy,Prive,0.715187025160159,10,85.64
1747,M,Retraite,0,Nancy,Public,0.39757881418506924,10,68.35
1748,F,Cadre,1,Toulouse,Public,0.2799280672302331,12,68.88
1749,M,Employe,0,Nantes,Public,0.7133593523768909,13,59.81
1750,M,Professions_intermediaires,0,Bordeaux,Public,0.7984205532290469,13,88.11
1751,M,Professions_intermediaires,0,Bordeaux,Public,0.24270143123771892,13,62.33
1752,M,Professions_intermediaires,0,Bordeaux,Prive,0.3965018823506409,11,74.21
1753,M,Employe,0,Bordeaux,Prive,0.3171484428261827,12,61.3
1754,F,Agriculteur,0,Nantes,Prive,0.5962834044319053,13,59.21
1755,M,Employe,0,Lyon,Prive,0.7172690911422547,10,62.44
1756,F,Retraite,0,Nancy,Public,0.4263383918729712,12,69.81
1757,F,Cadre,0,Lyon,Prive,0.4257589706096047,11,89.51
1758,M,Cadre,0,Marseille,Public,0.10865146008766735,11,63.04
1759,M,Cadre,0,Marseille,Prive,0.3091516379824776,12,90.03
1760,M,Cadre,1,Lyon,Public,0.8014628804201656,11,67.2
1761,F,Professions_intermediaires,1,Nancy,Public,0.5985323351845326,12,46.13
1762,F,Cadre,0,Toulouse,Prive,0.6852578725345309,12,84.63
1763,F,Ouvrier,0,Toulouse,Prive,0.42696764698310813,12,47.69
1764,M,Professions_intermediaires,0,Nantes,Prive,0.44538767868015583,12,154.73732024641689
1765,M,Employe,1,Marseille,Prive,0.503723524549231,11,42.78
1766,M,Ouvrier,1,Paris,Prive,0.5648477868613715,10,46.07
1767,M,Retraite,0,Nantes,Prive,0.7752085388441299,11,77.37
1768,F,Employe,0,Lyon,Public,0.36544946871331807,12,75.11
1769,F,Professions_intermediaires,0,Lille,Public,0.4723824630231566,11,81.97
1770,F,Employe,0,Bordeaux,Public,0.3413495851231121,10,47.88
1771,F,Cadre,1,Marseille,Prive,0.10636701731636433,12,43.84
1772,F,Cadre,1,Nancy,Public,0.6840278825902996,12,79.43
1773,F,Ouvrier,1,Lille,Prive,0.8494904471493561,13,44.99
1774,F,Retraite,0,Lille,Public,0.6530920614315734,13,67.62
1775,M,Employe,0,Toulouse,Prive,0.5460578417565412,12,73.71
1776,F,Professions_intermediaires,1,Paris,Public,0.8706877449182369,10,75.27
1777,F,Professions_intermediaires,0,Paris,Prive,0.5917755247137633,13,81.75
1778,F,Cadre,0,Lille,Prive,0.6605496348360611,11,81.29
1779,F,Professions_intermediaires,0,Bordeaux,Prive,0.5281944467947559,12,66.975
1780,M,Professions_intermediaires,0,Bordeaux,Public,0.558739788839157,13,65.66
1781,F,Ouvrier,0,Bordeaux,Prive,0.4734095995673518,12,71.94
1782,F,Agriculteur,1,Nantes,Prive,0.6665160632464618,11,60.91
1783,F,Ouvrier,0,Nancy,Public,0.2817435204065415,13,57.11
1784,M,Cadre,0,Toulouse,Public,0.5838520201714343,11,73.02
1785,M,Cadre,0,Lyon,Public,0.3293909342031966,12,88.27
1786,F,Cadre,0,Marseille,Public,0.601972023860412,12,89.45
1787,F,Ouvrier,0,Nantes,Prive,0.9788253303465932,13,65.13
1788,F,Agriculteur,0,Paris,Public,0.6399703324753594,13,72.09
1789,F,Cadre,0,Lyon,Public,0.7347846890185806,10,95.23
1790,M,Ouvrier,0,Nantes,Public,0.68049538442247,13,66.975
1791,M,Ouvrier,0,Bordeaux,Public,0.03484755048882232,12,40.44
1792,M,Professions_intermediaires,0,Lyon,Prive,0.4736611630328122,11,75.12
1793,F,Professions_intermediaires,0,Paris,Public,0.5895747016236013,12,79.74
1794,F,Professions_intermediaires,0,Lyon,Prive,0.08222248808345495,13,49.27
1795,F,Agriculteur,0,Paris,Public,0.44322665475389444,12,67.6
1796,F,Agriculteur,0,Marseille,Prive,0.48415123543969774,10,61.57
1797,M,Retraite,0,Nantes,Public,0.25368194518287634,11,62.87
1798,F,Retraite,0,Nantes,Prive,0.30606214852120384,10,45.9
1799,F,Retraite,0,Marseille,Prive,0.76747087274219,11,59.92
1800,M,Agriculteur,0,Marseille,Public,-0.21616595184917264,12,31.15
1801,F,Cadre,0,Nantes,Prive,0.5542937335685025,10,90.43
1802,F,Professions_intermediaires,0,Toulouse,Public,0.7327142018501952,13,67.13
1803,F,Professions_intermediaires,0,Lyon,Public,0.4945731236536567,13,63.44
1804,F,Employe,0,Bordeaux,Public,0.7817251822417719,10,73.88
1805,F,Agriculteur,0,Toulouse,Public,0.4145245100591714,11,66.19
1806,F,Professions_intermediaires,1,Lille,Public,0.31898660205701956,11,57.25
1807,F,Professions_intermediaires,0,Lille,Prive,0.49811295656240195,10,82.1
1808,F,Retraite,0,Nantes,Public,0.42368928994239285,10,73.99
1809,F,Agriculteur,0,Lille,Public,0.3856353319551131,12,81.52
1810,M,Retraite,0,Nancy,Prive,0.46390693734439936,11,66.975
1811,F,Retraite,1,Nancy,Prive,0.3416016158014977,10,45.01
1812,M,Agriculteur,1,Paris,Prive,0.3324226332148823,12,46.27
1813,M,Employe,1,Lyon,Public,0.2756026104004994,10,47.61
1814,F,Employe,0,Lyon,Public,0.5833065753828605,12,52.14
1815,M,Employe,1,Lille,Public,0.30020398431073303,10,41.21
1816,F,Agriculteur,0,Marseille,Public,0.2515901727677396,10,47.59
1817,F,Retraite,1,Nancy,Public,0.2852577322760743,13,34.16
1818,F,Retraite,0,Toulouse,Prive,0.5411270408370681,11,53.12
1819,F,Agriculteur,1,Nantes,Public,0.6338756951661864,11,55.95
1820,F,Agriculteur,0,Marseille,Prive,0.6502064819506276,13,78.21
1821,F,Retraite,0,Lille,Public,0.5428603661031303,11,77.39
1822,M,Agriculteur,1,Nancy,Prive,0.60710771270197,10,41.65
1823,F,Ouvrier,0,Lyon,Prive,0.48904221024037575,13,55.34
1824,M,Professions_intermediaires,1,Toulouse,Public,0.5911191052060417,10,65.75
1825,M,Cadre,0,Marseille,Prive,0.5880434275020713,11,81.33
1826,M,Professions_intermediaires,0,Bordeaux,Public,0.35407216797775143,11,64.32
1827,F,Professions_intermediaires,0,Marseille,Public,0.2848704276446501,12,66.975
1828,M,Employe,0,Paris,Prive,0.7704310719147814,12,77.62
1829,M,Employe,0,Nantes,Public,0.525070810486482,12,76.17
1830,M,Ouvrier,0,Lille,Public,0.7103579157830614,13,68.97
1831,F,Employe,0,Marseille,Public,0.2800022054268685,12,60.11
1832,M,Agriculteur,0,Nantes,Prive,0.4188890587453911,10,78.58
1833,M,Professions_intermediaires,0,Paris,Public,0.22467447665836005,10,75.89
1834,F,Retraite,1,Marseille,Public,0.6292655886718425,11,48.19
1835,F,Retraite,1,Paris,Prive,0.3771025832871734,10,50.77
1836,F,Retraite,0,Toulouse,Prive,0.3891443090621319,13,62.94
1837,M,Employe,0,Nancy,Public,0.8911607439368006,13,67.26
1838,F,Cadre,0,Lille,Prive,0.6332561148915038,12,89.43
1839,F,Ouvrier,0,Nantes,Public,0.6308173081494247,12,81.71
1840,M,Ouvrier,1,Lille,Public,0.2595778662463052,12,44.08
1841,F,Employe,0,Bordeaux,Prive,0.12849063957684753,11,64.07
1842,F,Employe,0,Toulouse,Public,0.6941271131931356,10,64.7
1843,M,Ouvrier,0,Lille,Prive,0.051923881048905995,10,39.5
1844,M,Retraite,0,Paris,Public,0.3996845585445652,11,59.59
1845,M,Professions_intermediaires,0,Nantes,Public,0.33767195870667716,11,64.96
1846,M,Professions_intermediaires,0,Lille,Prive,0.314971775228388,13,70.09
1847,F,Professions_intermediaires,0,Paris,Prive,0.4118107613122825,13,74.92
1848,M,Retraite,0,Bordeaux,Prive,0.2888557186727334,12,46.55
1849,M,Ouvrier,0,Lille,Prive,0.25679802988144174,11,47.11
1850,F,Cadre,0,Bordeaux,Public,0.551016612685535,13,83.43
1851,F,Employe,0,Lille,Prive,0.7132637553631617,11,77.12
1852,F,Professions_intermediaires,0,Marseille,Public,0.15274739349253236,12,72.12
1853,F,Professions_intermediaires,0,Bordeaux,Public,0.539110607275941,12,67.06
1854,F,Agriculteur,0,Nantes,Prive,0.608282836836347,11,60.86
1855,F,Professions_intermediaires,0,Paris,Prive,0.5893025837535224,12,68.95
1856,M,Employe,0,Nancy,Prive,0.45575517569052454,11,73.2
1857,F,Professions_intermediaires,0,Lille,Prive,0.3805858904353686,10,68.61
1858,M,Retraite,0,Toulouse,Prive,0.6517171603532481,13,68.3
1859,M,Professions_intermediaires,0,Nantes,Prive,0.5670593211543681,13,79.23
1860,M,Professions_intermediaires,0,Bordeaux,Public,0.1211399406140396,11,76.71
1861,M,Employe,0,Marseille,Prive,0.45578747805154685,10,55.04
1862,F,Ouvrier,1,Marseille,Public,0.5110976259166919,11,52.66
1863,M,Employe,0,Toulouse,Prive,0.2812551462876155,13,67.39
1864,F,Ouvrier,0,Toulouse,Prive,0.45131130344209275,12,75.44
1865,M,Cadre,1,Nancy,Public,0.5983076037621632,11,78.81
1866,F,Retraite,0,Bordeaux,Public,0.3345331970825436,13,66.975
1867,F,Cadre,0,Toulouse,Prive,0.5465976301129964,10,79.79
1868,M,Professions_intermediaires,0,Bordeaux,Public,0.30209359902777355,11,75.59
1869,F,Retraite,0,Bordeaux,Prive,0.252663804357949,11,49.98
1870,M,Agriculteur,0,Lille,Prive,0.6231180207377982,10,72.65
1871,F,Professions_intermediaires,1,Nantes,Prive,0.7347996502454337,10,53.97
1872,F,Agriculteur,0,Nancy,Prive,0.2632548166884624,12,62.12
1873,M,Employe,0,Lyon,Public,0.6906051267534746,10,51.56
1874,M,Cadre,1,Marseille,Public,0.4973954442865259,11,63.19
1875,F,Cadre,0,Marseille,Prive,0.057310199142507734,12,76.84
1876,F,Agriculteur,0,Marseille,Prive,0.21301066697740012,12,58.39
1877,F,Cadre,0,Lille,Public,0.6216529919424979,11,87.42
1878,M,Retraite,0,Nancy,Prive,0.17521016473192197,13,47.1
1879,M,Employe,0,Lille,Public,0.37628837115575936,11,71.29
1880,F,Employe,0,Paris,Public,0.4837285880212592,11,68.37
1881,F,Agriculteur,0,Bordeaux,Public,0.5896039176471867,12,91.62
1882,F,Agriculteur,0,Nancy,Public,0.5369362774750759,11,72.94
1883,F,Agriculteur,0,Nantes,Prive,0.813711626807174,11,79.84
1884,M,Employe,0,Toulouse,Prive,0.3368392763941974,13,59.19
1885,M,Ouvrier,0,Nancy,Public,0.519720696864518,10,66.975
1886,F,Employe,0,Marseille,Prive,0.5905241530403639,12,66.64
1887,M,Cadre,0,Bordeaux,Public,0.6424866494063833,13,100.0
1888,F,Cadre,1,Lyon,Public,0.7102540490143188,11,85.42
1889,F,Retraite,0,Bordeaux,Public,0.41318630186470984,11,58.98
1890,F,Retraite,0,Toulouse,Prive,0.630296502664087,11,65.87
1891,F,Agriculteur,0,Nantes,Prive,0.3148295336514423,11,58.9
1892,F,Ouvrier,0,Paris,Public,0.48446062220393366,12,49.13
1893,M,Ouvrier,0,Lyon,Prive,0.6002495276411254,13,64.85
1894,M,Cadre,0,Nancy,Public,0.69507815306181,11,88.33
1895,F,Professions_intermediaires,0,Marseille,Prive,0.6140448314363663,11,83.96
1896,M,Agriculteur,0,Marseille,Prive,0.5181097037545825,13,67.95
1897,M,Employe,0,Lille,Public,0.4841032019667924,10,74.5
1898,M,Ouvrier,1,Lille,Public,0.6097585747917604,10,41.98
1899,M,Employe,1,Paris,Prive,0.9378430390409738,10,54.88
1900,F,Agriculteur,0,Nancy,Prive,0.6709180414698921,10,74.05
1901,M,Retraite,0,Bordeaux,Prive,0.5763099857427114,13,72.52
1902,M,Retraite,0,Nantes,Public,0.22620596852517222,10,54.65
1903,M,Professions_intermediaires,0,Lyon,Prive,0.3311043518943588,13,78.46
1904,F,Ouvrier,1,Nantes,Public,0.4351847237856926,13,33.44
1905,F,Retraite,0,Bordeaux,Public,0.6820042201481118,11,66.68
1906,F,Ouvrier,0,Lille,Public,0.3126475129350923,10,40.59
1907,F,Employe,0,Bordeaux,Prive,0.6284903174732405,10,68.26
1908,F,Retraite,1,Nantes,Prive,0.5239397783673622,12,35.93
1909,F,Professions_intermediaires,0,Paris,Prive,0.5709862382259434,11,82.05
1910,M,Employe,0,Lyon,Public,0.4568091379406718,13,70.63
1911,F,Professions_intermediaires,0,Nancy,Prive,0.3806742512126956,11,83.83
1912,M,Ouvrier,0,Marseille,Public,0.3052475643551924,10,70.67
1913,F,Employe,0,Lyon,Prive,0.6223188497266087,12,69.73
1914,M,Retraite,0,Bordeaux,Public,0.4846555393519457,13,57.02
1915,F,Employe,0,Lille,Public,0.2845518165764469,12,67.98
1916,M,Retraite,0,Nancy,Prive,0.5446559914900952,12,61.49
1917,F,Professions_intermediaires,0,Nancy,Prive,1.1846597214816699,12,85.12
1918,F,Professions_intermediaires,0,Nancy,Public,0.4597053133164259,10,74.46
1919,F,Agriculteur,0,Toulouse,Prive,0.8308208178337004,12,71.48
1920,M,Professions_intermediaires,0,Bordeaux,Public,-0.017056487840491186,13,81.16
1921,F,Ouvrier,0,Nantes,Prive,0.4459059530789457,13,57.94
1922,M,Retraite,0,Paris,Prive,0.6909575372430515,13,67.92
1923,M,Cadre,0,Marseille,Prive,0.5031110718588983,12,91.35
1924,F,Professions_intermediaires,0,Lyon,Prive,0.37147358237150907,10,92.38
1925,F,Professions_intermediaires,0,Nantes,Public,0.4947146367981811,11,73.35
1926,F,Professions_intermediaires,1,Bordeaux,Prive,0.6970218884456489,13,42.99
1927,F,Cadre,1,Bordeaux,Public,0.9286886782182725,13,74.24
1928,F,Retraite,0,Bordeaux,Prive,0.7131012483719057,12,54.83
1929,F,Employe,0,Nancy,Prive,0.39905490145660366,10,66.975
1930,M,Professions_intermediaires,0,Nantes,Public,0.45342528548006905,13,86.45
1931,F,Professions_intermediaires,1,Lyon,Public,0.45491270879841256,13,47.3
1932,F,Professions_intermediaires,0,Bordeaux,Public,0.3265504183789293,12,62.27
1933,M,Ouvrier,0,Nantes,Public,0.4689870821747796,11,67.04
1934,M,Cadre,0,Lyon,Public,0.4452389649273436,13,80.83
1935,F,Ouvrier,0,Bordeaux,Prive,0.25988884631134357,11,67.11
1936,F,Professions_intermediaires,0,Paris,Prive,0.6676258257019383,13,76.67
1937,F,Agriculteur,0,Lyon,Prive,0.5841849958982466,11,77.16
1938,M,Professions_intermediaires,0,Toulouse,Prive,0.3718107994902776,13,57.3
1939,M,Agriculteur,1,Lille,Prive,0.5295599100855501,12,40.24
1940,F,Cadre,0,Marseille,Prive,0.3070895909449728,10,79.59
1941,F,Employe,1,Toulouse,Public,0.38954984601397097,10,42.44
1942,F,Cadre,0,Nantes,Public,0.6375352450427595,12,100.0
1943,M,Employe,0,Nantes,Prive,0.5942091704916778,11,78.22
1944,F,Agriculteur,1,Bordeaux,Public,0.3973623534356334,13,56.15
1945,F,Agriculteur,1,Paris,Public,0.5622927939011093,13,49.33
1946,F,Cadre,1,Nantes,Public,0.48512472350063324,13,52.64
1947,F,Agriculteur,1,Marseille,Prive,0.3005474961657627,10,60.17
1948,M,Ouvrier,0,Nancy,Public,0.4665521032184616,13,44.68
1949,F,Ouvrier,0,Bordeaux,Public,0.5864065528281835,11,58.45
1950,F,Employe,0,Marseille,Public,0.5612320809281937,11,75.01
1951,M,Cadre,1,Bordeaux,Public,0.16147630917770983,11,80.03
1952,M,Employe,1,Nancy,Public,0.5332195434419675,13,63.39
1953,F,Professions_intermediaires,1,Lyon,Public,0.5050851544920271,12,61.22
1954,F,Agriculteur,1,Lyon,Public,0.12034418982923001,10,60.49
1955,M,Cadre,0,Nantes,Prive,0.3383919761582866,11,76.0
1956,F,Cadre,0,Paris,Public,0.5983262015999679,13,91.72
1957,M,Ouvrier,0,Toulouse,Prive,0.7769605246063291,13,79.22
1958,M,Employe,0,Toulouse,Prive,0.1718966599386184,11,47.16
1959,M,Agriculteur,0,Toulouse,Prive,0.6958606571613253,13,75.69
1960,F,Agriculteur,0,Toulouse,Prive,0.12392540416979436,13,65.21
1961,M,Ouvrier,1,Lille,Prive,0.7795035636373167,10,49.85
1962,M,Ouvrier,0,Paris,Prive,0.45226671044702954,12,49.56
1963,F,Agriculteur,0,Lille,Public,0.3570554709035417,13,70.28
1964,M,Employe,1,Bordeaux,Prive,0.5709073370785196,11,51.21
1965,M,Professions_intermediaires,0,Lille,Public,0.30750063256110544,13,64.82
1966,M,Agriculteur,0,Bordeaux,Public,0.6031842421862713,13,77.29
1967,F,Agriculteur,0,Lille,Prive,0.4752062200215603,10,81.11
1968,F,Professions_intermediaires,0,Paris,Public,-0.26200378628795995,11,52.41
1969,M,Cadre,0,Bordeaux,Public,0.3378573431807691,11,66.975
1970,F,Agriculteur,0,Bordeaux,Public,0.5382193470253172,11,82.77
1971,M,Agriculteur,0,Lille,Prive,0.7132940119272305,12,85.29
1972,M,Retraite,1,Paris,Public,0.5662994609352463,13,44.06
1973,M,Professions_intermediaires,1,Nancy,Public,0.7101015599564136,12,68.27
1974,F,Retraite,0,Nancy,Prive,0.321207343594471,10,59.38
1975,M,Agriculteur,1,Paris,Prive,0.6455290877415343,13,58.56
1976,F,Ouvrier,0,Nancy,Public,0.6488827783189849,11,58.12
1977,M,Employe,0,Toulouse,Prive,0.17380506650520777,11,46.13
1978,F,Agriculteur,0,Toulouse,Prive,0.7199030938845478,13,79.13
1979,F,Ouvrier,1,Bordeaux,Prive,0.5654745090981446,13,50.86
1980,M,Agriculteur,1,Bordeaux,Prive,0.4437049227911193,13,53.12
1981,M,Cadre,1,Bordeaux,Prive,0.4402623768093398,13,55.33
1982,M,Employe,0,Toulouse,Public,0.29239649312829763,10,40.18
1983,F,Professions_intermediaires,0,Lille,Public,0.6261617992003188,10,66.975
1984,M,Retraite,0,Lyon,Prive,0.5604095937786632,11,78.46
1985,M,Retraite,0,Marseille,Prive,0.6165851200359231,13,49.51
1986,M,Cadre,0,Toulouse,Prive,0.5157976321149826,11,81.6
1987,M,Ouvrier,0,Marseille,Prive,0.5411573249591501,11,52.48
1988,F,Retraite,0,Marseille,Prive,0.44081989287996426,13,66.41
1989,F,Retraite,0,Lille,Public,0.7153588671689903,13,82.27
1990,M,Professions_intermediaires,0,Lyon,Public,0.6212736570096096,12,74.57
1991,M,Professions_intermediaires,0,Nancy,Public,0.5345699584762776,12,70.2
1992,F,Professions_intermediaires,0,Toulouse,Public,0.4730860769063228,11,78.43
1993,F,Ouvrier,0,Paris,Public,0.14640964976359744,13,34.6
1994,M,Ouvrier,0,Lyon,Prive,0.1030729586420498,13,58.81
1995,M,Ouvrier,0,Marseille,Prive,0.42633973372720807,11,67.9
1996,F,Retraite,0,Toulouse,Prive,0.7537382149756156,12,71.12
1997,M,Ouvrier,1,Toulouse,Prive,0.359027408366994,12,32.94
1998,M,Professions_intermediaires,0,Nancy,Public,0.3668922712322933,12,68.54
1999,F,Cadre,0,Toulouse,Prive,0.30553020596148484,11,78.73
2000,F,Ouvrier,0,Nantes,Prive,0.24192246818472418,12,55.3
2001,M,Retraite,0,Marseille,Public,0.31720151362096805,12,45.93
2002,F,Ouvrier,0,Nantes,Public,0.5557261516983127,11,66.45
2003,F,Retraite,0,Lille,Prive,0.40163186230068865,10,60.03
2004,F,Agriculteur,1,Bordeaux,Prive,0.3925573605614729,10,47.32
2005,M,Agriculteur,0,Paris,Public,0.37474609784781676,13,60.04
2006,F,Ouvrier,0,Lille,Public,0.5473991740154177,12,65.97
2007,F,Retraite,0,Nantes,Prive,0.5780594892882499,11,79.18
2008,F,Professions_intermediaires,0,Nancy,Prive,0.1261989516453575,11,69.15
2009,M,Cadre,0,Marseille,Public,0.3479489847077388,11,65.92
2010,M,Agriculteur,0,Bordeaux,Public,0.4821221388883116,11,67.65
2011,F,Cadre,0,Nancy,Prive,0.5877820135283258,11,89.32
2012,F,Employe,0,Nantes,Prive,0.5255387821108375,13,68.57
2013,F,Employe,1,Bordeaux,Prive,0.664571095815941,11,45.23
2014,M,Professions_intermediaires,0,Nantes,Prive,0.21763005305138677,12,67.38
2015,M,Professions_intermediaires,1,Lille,Public,0.5830365274832235,11,63.4
2016,F,Employe,0,Nantes,Public,0.9102591155209302,13,74.86
2017,F,Employe,0,Marseille,Public,0.5095442178888064,10,81.13
2018,M,Retraite,0,Lille,Public,0.5176947876768289,13,58.54
2019,M,Professions_intermediaires,0,Nantes,Prive,0.6038520784002621,10,67.0
2020,F,Retraite,0,Toulouse,Prive,0.3909326354240015,11,61.01
2021,F,Employe,0,Paris,Prive,0.31062957201876584,12,46.04
2022,M,Employe,0,Lille,Prive,0.5116042959825119,12,67.18
2023,M,Employe,0,Nancy,Public,0.16919847992831105,10,56.73
2024,M,Professions_intermediaires,0,Toulouse,Prive,0.5791934150989043,12,81.93
2025,F,Agriculteur,0,Nancy,Public,0.6129051992398798,10,56.6
2026,F,Professions_intermediaires,0,Paris,Public,0.17923368008994922,10,75.33
2027,M,Employe,1,Nantes,Prive,0.5326009278215518,11,49.11
2028,M,Retraite,0,Lyon,Public,0.45670508890739775,12,77.32
2029,M,Professions_intermediaires,0,Marseille,Public,0.7955756278946231,12,78.97
2030,F,Cadre,1,Nancy,Public,0.7619681883841086,11,74.33
2031,M,Ouvrier,0,Bordeaux,Public,0.6683237885474654,10,69.41
2032,F,Professions_intermediaires,0,Paris,Prive,0.7421362714583757,10,62.52
2033,F,Professions_intermediaires,0,Nancy,Public,0.42695529705523516,11,83.89
2034,M,Retraite,0,Lyon,Public,0.5519889933259515,13,63.98
2035,M,Employe,0,Lille,Prive,0.449509304619733,13,54.45
2036,M,Ouvrier,0,Marseille,Public,0.30056838168958,11,54.93
2037,M,Retraite,1,Toulouse,Prive,0.5165331310299642,10,54.9
2038,F,Professions_intermediaires,0,Nancy,Prive,0.48335108982570474,11,72.05
2039,M,Ouvrier,0,Lyon,Public,0.4595357143999856,11,60.05
2040,F,Ouvrier,0,Lyon,Prive,0.4881519595730971,12,43.23
2041,F,Cadre,0,Lille,Prive,0.5121599304835166,12,78.07
2042,M,Professions_intermediaires,0,Nancy,Prive,0.6775766227727611,11,84.28
2043,M,Employe,0,Lyon,Public,0.3831048675809739,12,73.96
2044,M,Cadre,0,Bordeaux,Prive,0.24407337025719755,13,80.27
2045,F,Agriculteur,0,Lille,Prive,0.6356001719186797,11,66.975
2046,M,Retraite,1,Nantes,Prive,0.6713159631981794,10,44.17
2047,F,Cadre,0,Toulouse,Prive,0.5715906257729259,13,87.26
2048,M,Cadre,1,Bordeaux,Public,0.2722416762929527,13,49.44
2049,M,Cadre,0,Lille,Prive,0.47370214467132354,12,79.0
2050,M,Ouvrier,0,Marseille,Prive,0.557009111800386,10,145.39660668613766
2051,F,Ouvrier,0,Nantes,Prive,0.2863313802140763,13,42.73
2052,F,Retraite,0,Lille,Prive,0.34710923585738984,10,83.69
2053,F,Ouvrier,0,Marseille,Public,0.4706851381535777,13,54.51
2054,M,Agriculteur,0,Lille,Public,0.7365888389706159,10,75.1
2055,M,Employe,0,Paris,Prive,0.5450325080065581,10,56.74
2056,F,Agriculteur,0,Marseille,Public,0.3854938071456497,11,39.77
2057,M,Retraite,1,Marseille,Prive,0.4596668553323783,11,58.52
2058,M,Agriculteur,1,Paris,Public,0.36674494468407853,13,45.58
2059,F,Agriculteur,0,Nancy,Prive,0.4175983513513053,10,48.12
2060,F,Employe,0,Nancy,Public,0.6444538855900099,10,62.44
2061,M,Professions_intermediaires,1,Toulouse,Prive,0.11600049320674888,12,64.17
2062,M,Professions_intermediaires,0,Nantes,Public,0.7629889192838004,12,84.13
2063,F,Cadre,0,Lyon,Public,0.9378364900620484,13,71.91
2064,M,Ouvrier,0,Nantes,Public,0.5325126455327946,11,56.11
2065,M,Retraite,1,Bordeaux,Prive,0.3337847938131896,12,38.7
2066,M,Employe,0,Lille,Prive,0.7326466849959546,10,76.85
2067,M,Retraite,0,Paris,Prive,0.5555890932680193,11,65.14
2068,M,Retraite,0,Lille,Public,0.3948073996460266,11,46.08
2069,F,Ouvrier,0,Paris,Public,0.3056216050519489,12,51.52
2070,F,Agriculteur,0,Bordeaux,Prive,0.4188325193380723,13,59.55
2071,F,Professions_intermediaires,1,Nantes,Public,0.5385162598209858,11,63.08
2072,M,Employe,0,Lyon,Prive,0.6791012581708595,12,66.05
2073,F,Agriculteur,0,Paris,Public,0.5568390678360777,10,65.76
2074,F,Ouvrier,0,Paris,Public,0.5908233746525188,11,61.15
2075,M,Employe,0,Lyon,Prive,0.43325163785067183,10,57.77
2076,F,Retraite,0,Lyon,Prive,0.6709857157963065,11,82.84
2077,F,Agriculteur,0,Lille,Public,0.4586557636913645,13,78.69
2078,F,Ouvrier,0,Lyon,Prive,0.86759842537019,12,80.11
2079,F,Ouvrier,1,Nantes,Public,0.36944488790589797,13,27.53
2080,F,Employe,0,Paris,Prive,0.5789988957196501,10,73.41
2081,M,Ouvrier,0,Bordeaux,Prive,0.9378779914244773,11,76.73
2082,F,Employe,0,Toulouse,Prive,0.7083909730670874,10,63.85
2083,F,Professions_intermediaires,0,Nancy,Public,0.6490830687438237,11,68.22
2084,M,Ouvrier,1,Nantes,Prive,0.5593663122052854,10,32.38
2085,F,Employe,1,Lyon,Prive,0.5105668898194725,10,35.58
2086,M,Employe,0,Paris,Prive,0.4652267964330752,10,75.66
2087,M,Retraite,0,Lyon,Public,0.38763878800717727,12,70.12
2088,M,Retraite,0,Nantes,Prive,0.19285448233582497,13,54.33
2089,F,Retraite,0,Nancy,Public,0.6281234424075397,10,67.74
2090,F,Cadre,0,Lille,Public,0.1923942255531132,11,72.6
2091,M,Professions_intermediaires,0,Nantes,Prive,0.6302771555251256,13,97.69
2092,F,Professions_intermediaires,1,Lyon,Prive,0.438150190799491,10,50.22
2093,M,Retraite,0,Paris,Public,0.30890536238201566,12,55.03
2094,F,Agriculteur,0,Paris,Prive,0.7811370509434816,12,74.53
2095,F,Retraite,1,Lyon,Public,0.21018087774433492,13,27.29
2096,M,Professions_intermediaires,0,Toulouse,Prive,0.36677274767372453,11,73.48
2097,M,Retraite,0,Paris,Prive,0.3854695321001664,10,74.31
2098,M,Agriculteur,0,Nantes,Prive,0.5299148290232386,12,67.09
2099,M,Agriculteur,1,Toulouse,Public,0.377464049981663,13,52.51
2100,F,Professions_intermediaires,1,Bordeaux,Public,0.7923430323942833,12,44.29
2101,M,Cadre,0,Nantes,Public,0.22574097475239324,10,66.975
2102,M,Professions_intermediaires,0,Paris,Public,1.3170835928816738,10,92.85
2103,F,Cadre,1,Toulouse,Public,0.2882454645256918,11,44.21
2104,F,Professions_intermediaires,1,Bordeaux,Public,1.0911739359771127,12,71.46
2105,M,Employe,0,Lille,Prive,0.7186083145743511,10,69.04
2106,F,Agriculteur,0,Nantes,Public,0.4779419562795091,11,71.68
2107,M,Professions_intermediaires,1,Lyon,Public,0.5453259236493798,13,66.975
2108,F,Agriculteur,0,Marseille,Prive,0.4242477244468464,13,66.36
2109,F,Employe,0,Nantes,Public,0.5694114229272617,13,66.975
2110,F,Agriculteur,0,Bordeaux,Prive,0.3525976448553181,12,56.43
2111,F,Agriculteur,0,Lyon,Prive,0.6417982117991654,13,77.19
2112,M,Ouvrier,0,Toulouse,Public,0.5363994902674818,11,48.06
2113,M,Cadre,0,Lille,Prive,0.30209768340620125,13,70.81
2114,M,Agriculteur,0,Lyon,Prive,0.5854293863928034,11,65.95
2115,M,Retraite,0,Marseille,Prive,0.5730842643833937,13,62.5
2116,F,Agriculteur,1,Lille,Prive,0.35657293387990585,12,52.79
2117,M,Cadre,0,Bordeaux,Public,0.4144588049883538,13,84.18
2118,M,Employe,0,Lyon,Public,0.6024971675978353,11,63.3
2119,M,Retraite,1,Marseille,Prive,0.7181476446739525,13,33.37
2120,M,Retraite,0,Nantes,Public,0.47154937952439996,12,90.89
2121,M,Retraite,0,Marseille,Public,0.686131046532513,13,68.44
2122,M,Employe,0,Bordeaux,Prive,0.7334122563118552,13,80.36
2123,M,Cadre,0,Toulouse,Public,0.7606530434901897,10,68.28
2124,M,Employe,1,Lyon,Prive,0.5833968016321854,11,45.49
2125,M,Retraite,0,Marseille,Prive,0.31965020908914277,10,56.35
2126,F,Retraite,1,Bordeaux,Public,0.6782594497193029,11,45.24
2127,F,Employe,0,Nantes,Public,0.4617200286984282,10,74.66
2128,M,Employe,0,Paris,Prive,0.6013010281631537,11,66.84
2129,F,Professions_intermediaires,0,Lille,Prive,0.3741991159706766,11,68.87
2130,F,Cadre,0,Lyon,Public,0.3799658823574384,10,82.74
2131,M,Cadre,1,Bordeaux,Public,0.3597214039719994,11,61.14
2132,M,Cadre,0,Marseille,Prive,0.23500513999376238,11,67.27
2133,M,Agriculteur,1,Marseille,Public,0.38265046463814695,10,54.33
2134,F,Retraite,0,Lille,Public,0.2934078340573236,13,55.75
2135,F,Retraite,0,Bordeaux,Public,0.6132532276536169,11,67.06
2136,M,Cadre,1,Lille,Public,0.2870242990887897,10,72.79
2137,M,Agriculteur,0,Paris,Public,0.36611379352452345,10,157.9969216651148
2138,F,Agriculteur,0,Marseille,Public,0.5006362101845815,10,73.73
2139,M,Employe,0,Paris,Prive,0.8624851206349711,12,59.3
2140,F,Agriculteur,0,Toulouse,Prive,0.3615790334142729,10,63.87
2141,M,Cadre,1,Toulouse,Public,0.2235556048413999,10,73.36
2142,M,Professions_intermediaires,0,Lille,Public,0.23762809839703097,12,66.15
2143,M,Agriculteur,0,Lyon,Prive,0.327872130439105,11,71.71
2144,M,Retraite,0,Bordeaux,Prive,0.36863365828324446,13,68.48
2145,F,Retraite,0,Lille,Public,0.9609210055659619,12,69.31
2146,F,Agriculteur,1,Paris,Prive,0.6933489298573757,12,70.79
2147,F,Professions_intermediaires,1,Toulouse,Public,0.4369964316600302,10,57.97
2148,M,Cadre,0,Toulouse,Prive,0.8705706527020299,12,91.91
2149,M,Cadre,0,Paris,Public,0.3774838489291088,13,79.83
2150,M,Retraite,0,Toulouse,Prive,0.4177492894450972,13,51.64
2151,F,Employe,1,Marseille,Prive,0.40575256305254226,13,39.32
2152,F,Professions_intermediaires,0,Marseille,Prive,0.705369568494012,13,70.81
2153,M,Agriculteur,0,Lyon,Prive,0.4860053225809143,13,88.16
2154,M,Ouvrier,0,Nancy,Public,0.8014651828357976,11,75.97
2155,M,Professions_intermediaires,1,Toulouse,Prive,0.5868006669908656,11,46.82
2156,F,Employe,0,Bordeaux,Public,0.6817951198200577,12,89.09
2157,F,Employe,0,Marseille,Prive,0.13677422588756566,10,72.79
2158,M,Professions_intermediaires,1,Bordeaux,Prive,0.1601710989892866,12,40.74
2159,M,Ouvrier,1,Nancy,Prive,0.16675309716966175,13,37.45
2160,F,Ouvrier,0,Marseille,Prive,0.4143780454398547,11,53.48
2161,M,Cadre,0,Nantes,Prive,0.19223047912285052,11,86.46
2162,F,Professions_intermediaires,0,Bordeaux,Prive,0.748063843771015,12,85.39
2163,F,Ouvrier,0,Nancy,Public,0.4601620263159313,12,56.81
2164,M,Cadre,0,Nancy,Public,0.6230683188107804,12,75.57
2165,M,Employe,0,Nantes,Public,0.4015457094381989,11,64.25
2166,M,Professions_intermediaires,0,Nantes,Public,0.6649603122110331,10,82.05
2167,F,Employe,0,Bordeaux,Public,0.10698237703424529,10,71.56
2168,M,Ouvrier,0,Paris,Prive,0.4902218943138077,10,65.45
2169,M,Professions_intermediaires,0,Lyon,Public,0.6001439862047826,10,84.54
2170,M,Retraite,0,Toulouse,Prive,0.6170005061981132,12,59.81
2171,F,Professions_intermediaires,0,Nancy,Prive,0.4364640350942538,10,56.3
2172,M,Cadre,0,Toulouse,Public,0.15780033397285964,10,61.24
2173,M,Cadre,0,Nantes,Prive,0.7022589263067021,10,85.83
2174,M,Ouvrier,0,Marseille,Public,0.42154532216630064,12,51.32
2175,F,Employe,0,Nancy,Public,0.4389230979780153,10,66.05
2176,M,Cadre,0,Bordeaux,Prive,0.943841825055922,10,100.0
2177,F,Professions_intermediaires,0,Toulouse,Public,0.519320171535754,13,81.57
2178,F,Cadre,0,Nancy,Public,0.39621760091807934,13,62.11
2179,M,Retraite,1,Bordeaux,Public,0.3842366477610719,10,64.67
2180,F,Professions_intermediaires,0,Toulouse,Prive,0.629034180472023,12,81.86
2181,M,Ouvrier,0,Lille,Prive,0.3358251970862294,13,58.99
2182,F,Professions_intermediaires,0,Nancy,Prive,0.6023410837547213,10,76.42
2183,M,Professions_intermediaires,1,Nantes,Prive,0.7202685629494369,12,56.33
2184,M,Ouvrier,0,Bordeaux,Public,0.482340878831373,13,69.51
2185,M,Cadre,0,Nantes,Public,0.6975654759561106,10,79.58
2186,F,Retraite,0,Bordeaux,Public,0.4862313937074224,10,67.96
2187,F,Cadre,0,Nancy,Public,0.3625090298266601,13,66.975
2188,F,Cadre,1,Nantes,Prive,0.1670846171890416,13,59.88
2189,F,Employe,0,Toulouse,Public,0.5550220710023182,12,74.33
2190,M,Ouvrier,0,Nantes,Public,0.559216918394442,13,48.66
2191,F,Employe,0,Nancy,Public,0.6962634240363746,12,80.26
2192,F,Agriculteur,0,Bordeaux,Public,0.6769914324408706,12,153.54322729462763
2193,F,Retraite,0,Lyon,Prive,0.91347309110859,10,73.69
2194,F,Professions_intermediaires,0,Lyon,Prive,0.3837937871274892,13,79.44
2195,M,Agriculteur,0,Nancy,Prive,0.5711815950620398,11,59.27
2196,M,Professions_intermediaires,1,Nantes,Prive,0.36247779307556716,13,67.19
2197,F,Professions_intermediaires,0,Bordeaux,Public,0.6860129518437108,10,100.0
2198,M,Cadre,0,Marseille,Public,0.3146187022764171,11,74.51
2199,M,Ouvrier,0,Nantes,Prive,0.682741553581214,12,74.6
2200,F,Cadre,1,Bordeaux,Prive,0.3526924398274762,10,60.96
2201,F,Retraite,1,Nancy,Public,0.6533024331736172,11,37.8
2202,F,Professions_intermediaires,0,Lille,Public,0.7412930804936491,10,92.48
2203,F,Agriculteur,0,Nantes,Public,0.18918041419161735,11,60.11
2204,F,Ouvrier,0,Marseille,Public,0.23056129800577463,10,61.08
2205,F,Employe,0,Paris,Public,0.5469816210992808,10,86.73
2206,M,Employe,1,Marseille,Public,0.5256910102444078,12,52.32
2207,F,Cadre,1,Lyon,Public,0.44156711588368835,11,66.09
2208,M,Retraite,0,Lyon,Prive,0.4047478252599648,10,53.26
2209,F,Cadre,1,Nancy,Prive,0.32896034649559575,13,53.13
2210,F,Professions_intermediaires,0,Lille,Prive,0.5662136133529447,11,75.73
2211,M,Professions_intermediaires,0,Bordeaux,Public,0.3071154315984739,11,66.35
2212,M,Cadre,0,Toulouse,Prive,0.5732199341530997,11,91.73
2213,M,Retraite,0,Lyon,Public,0.38512404692125823,10,66.975
2214,F,Employe,1,Nantes,Prive,0.4154627784958415,13,39.66
2215,F,Ouvrier,0,Nancy,Public,0.7431557381471962,13,65.48
2216,F,Agriculteur,0,Paris,Public,0.6908966897335752,10,74.57
2217,F,Professions_intermediaires,0,Toulouse,Prive,0.3006201241420825,13,71.64
2218,M,Employe,1,Lyon,Public,0.32541594587390416,12,41.4
2219,F,Retraite,0,Toulouse,Public,0.655566554735455,12,61.86
2220,F,Ouvrier,0,Paris,Public,0.21322873102817502,10,60.41
2221,M,Employe,0,Lyon,Prive,0.7907995029066739,11,84.04
2222,F,Ouvrier,0,Nantes,Prive,0.5270305843299273,12,64.89
2223,F,Employe,0,Lyon,Prive,0.38435691989095194,12,60.74
2224,F,Agriculteur,0,Paris,Prive,0.5020990782543212,11,52.31
2225,F,Agriculteur,0,Lyon,Prive,0.7722168943926712,13,90.43
2226,M,Professions_intermediaires,0,Lille,Prive,0.07377505579843263,12,63.05
2227,M,Retraite,0,Lille,Public,0.7052609781808861,13,80.41
2228,M,Ouvrier,0,Bordeaux,Public,0.7389094530994564,10,80.03
2229,F,Professions_intermediaires,1,Nantes,Public,0.4358196272069925,11,61.32
2230,M,Ouvrier,0,Lille,Prive,0.4856834182196346,12,68.28
2231,M,Retraite,0,Marseille,Prive,0.5272895761987427,13,72.48
2232,F,Professions_intermediaires,1,Toulouse,Prive,0.6467063130386576,12,56.74
2233,M,Agriculteur,1,Paris,Prive,0.35405373801727824,11,34.45
2234,F,Professions_intermediaires,0,Nancy,Prive,0.4970975559665985,13,82.62
2235,M,Cadre,0,Lille,Prive,0.48002325803769064,10,69.79
2236,M,Agriculteur,0,Paris,Public,0.6357690892290908,10,66.975
2237,F,Retraite,0,Bordeaux,Public,1.035084231359304,11,71.52
2238,F,Employe,0,Toulouse,Public,0.35322507025085115,10,70.43
2239,F,Retraite,0,Lille,Prive,0.5157671944077553,11,67.94
2240,M,Agriculteur,0,Nancy,Prive,0.3478390171263749,13,58.88
2241,F,Ouvrier,0,Toulouse,Public,0.4022331108830065,11,55.56
2242,M,Retraite,0,Paris,Public,0.284808529894615,11,76.89
2243,F,Employe,0,Nancy,Prive,0.19390385501941543,11,54.7
2244,F,Professions_intermediaires,0,Lille,Prive,0.7365706853110563,12,79.05
2245,M,Ouvrier,0,Paris,Prive,0.5712154806862766,11,66.975
2246,M,Employe,0,Paris,Public,0.5185753064684674,11,68.04
2247,M,Professions_intermediaires,0,Lille,Public,0.32520915581685717,10,75.64
2248,F,Agriculteur,0,Marseille,Prive,0.48500701845408706,12,79.06
2249,F,Agriculteur,0,Nancy,Public,0.268728538419827,13,77.37
2250,F,Cadre,0,Nancy,Public,0.49454843097594864,11,85.79
2251,M,Agriculteur,0,Toulouse,Prive,0.5667461809085222,11,73.12
2252,M,Ouvrier,1,Toulouse,Prive,0.39149992952970475,13,39.5
2253,F,Retraite,1,Bordeaux,Prive,0.348638334262766,13,34.11
2254,M,Employe,0,Lyon,Public,0.4015395033817792,11,66.59
2255,F,Professions_intermediaires,0,Lyon,Prive,0.6629637513931119,10,64.26
2256,M,Retraite,0,Lille,Prive,0.5403248950397145,12,68.26
2257,M,Employe,0,Paris,Prive,0.17861693020665864,12,40.74
2258,M,Cadre,0,Lyon,Public,0.6446922870376852,11,78.28
2259,F,Agriculteur,0,Bordeaux,Public,0.6086510973611341,13,79.59
2260,M,Retraite,0,Nancy,Prive,0.5374193793485572,10,69.01
2261,F,Employe,0,Marseille,Prive,0.8291231017289433,10,75.59
2262,M,Professions_intermediaires,0,Paris,Public,0.5047665812415872,10,70.05
2263,F,Employe,0,Marseille,Public,0.5861485513841883,12,62.62
2264,M,Professions_intermediaires,0,Paris,Public,0.5938831509839686,12,70.92
2265,F,Cadre,0,Nancy,Prive,0.6754830755378038,12,95.53
2266,F,Ouvrier,0,Toulouse,Public,0.4554269878063779,11,58.23
2267,M,Retraite,0,Lille,Prive,0.37103182121362155,10,42.4
2268,M,Professions_intermediaires,0,Nantes,Public,0.6946142381535875,12,67.2
2269,F,Cadre,0,Toulouse,Public,0.6842680279584655,12,82.25
2270,M,Ouvrier,0,Nancy,Prive,0.7549668652996255,13,63.23
2271,F,Ouvrier,0,Bordeaux,Public,0.5831137537231339,10,60.69
2272,F,Cadre,0,Marseille,Public,0.17024879630705336,10,68.74
2273,F,Professions_intermediaires,0,Nancy,Public,0.5328163212685195,11,81.76
2274,F,Employe,0,Paris,Prive,0.5067381820137338,13,50.83
2275,F,Agriculteur,0,Lille,Public,0.7458900021138736,10,68.19
2276,F,Cadre,0,Lille,Prive,0.7116864566985847,13,97.22
2277,F,Ouvrier,1,Lille,Public,0.6225618022536005,13,49.06
2278,F,Professions_intermediaires,0,Lyon,Prive,0.08540096339852965,12,63.95
2279,F,Employe,0,Nantes,Prive,0.3350365264231654,13,73.32
2280,M,Ouvrier,0,Nancy,Public,0.4271433640632348,12,60.74
2281,M,Ouvrier,0,Lille,Prive,0.4317262626521657,10,59.13
2282,F,Employe,1,Paris,Public,0.5333749332280285,13,54.64
2283,F,Professions_intermediaires,1,Toulouse,Public,0.7960409930872989,13,65.67
2284,M,Retraite,0,Paris,Public,0.6558514392057312,13,79.41
2285,M,Employe,1,Lille,Public,0.3162001262887256,10,40.47
2286,M,Ouvrier,0,Lyon,Public,0.33426613531286287,11,54.17
2287,M,Employe,0,Paris,Public,0.3162013698484175,10,64.73
2288,M,Employe,0,Paris,Prive,0.476631759045446,12,66.68
2289,M,Employe,0,Lille,Prive,0.6611099110194195,12,87.26
2290,F,Employe,0,Nancy,Public,0.6928036243192566,12,77.46
2291,F,Retraite,0,Paris,Prive,0.424756880224453,10,57.34
2292,F,Cadre,0,Toulouse,Public,0.4939718170887687,10,71.95
2293,F,Professions_intermediaires,1,Toulouse,Prive,0.834836153682307,13,77.01
2294,M,Agriculteur,0,Nantes,Prive,0.20302889313194838,10,58.09
2295,M,Ouvrier,0,Lyon,Prive,0.6275925229781728,13,65.78
2296,M,Employe,1,Paris,Public,0.6059901306434351,12,49.16
2297,F,Cadre,0,Bordeaux,Public,0.44067098818444106,10,91.45
2298,F,Cadre,0,Toulouse,Public,0.49631046138286466,11,80.44
2299,F,Ouvrier,0,Paris,Prive,0.584043971714503,13,64.42
2300,M,Professions_intermediaires,0,Toulouse,Prive,0.4410892085243679,12,66.975
2301,F,Employe,0,Toulouse,Public,0.37247888020289543,13,90.73
2302,F,Employe,0,Lyon,Public,0.3574167844009189,13,58.59
2303,M,Professions_intermediaires,0,Lyon,Public,0.8724335172446076,13,87.23
2304,M,Retraite,0,Paris,Prive,0.41194125217209243,13,87.67
2305,M,Retraite,1,Nantes,Prive,0.540270256914351,12,54.77
2306,F,Retraite,1,Paris,Public,0.6570504929219085,11,48.76
2307,F,Cadre,0,Nancy,Prive,0.45770074647166037,12,86.07
2308,F,Ouvrier,1,Paris,Prive,0.5071579655735212,11,34.34
2309,F,Employe,1,Nantes,Prive,0.6005490105395449,12,65.83
2310,M,Cadre,1,Toulouse,Prive,0.33041360700618627,12,58.24
2311,F,Employe,0,Lille,Prive,0.19270939684769373,13,61.08
2312,F,Employe,0,Paris,Public,0.3538791597293769,11,57.38
2313,M,Ouvrier,0,Marseille,Public,0.8456935381742913,11,64.79
2314,F,Employe,1,Toulouse,Prive,0.3849682470517166,13,46.56
2315,F,Professions_intermediaires,0,Paris,Prive,0.5261298029491339,11,85.88
2316,F,Cadre,1,Toulouse,Public,0.23483777295461594,12,62.06
2317,F,Ouvrier,0,Toulouse,Public,0.768428833368777,13,147.35283333661081
2318,F,Professions_intermediaires,0,Toulouse,Prive,0.4397829326574973,11,53.61
2319,M,Retraite,0,Nancy,Public,0.40901120877704306,11,74.6
2320,M,Cadre,1,Lyon,Prive,0.47331352889284656,10,51.34
2321,F,Employe,0,Lyon,Public,1.0026074935516167,10,86.48
2322,F,Employe,0,Toulouse,Public,0.5883055706812649,12,42.47
2323,F,Cadre,1,Bordeaux,Public,0.46864123863850915,10,65.4
2324,M,Employe,0,Toulouse,Prive,-0.07656342768466795,11,62.84
2325,M,Retraite,0,Toulouse,Prive,0.7705990392359527,10,62.38
2326,M,Retraite,0,Lille,Public,0.3610219646458779,10,61.27
2327,F,Cadre,1,Bordeaux,Prive,0.32946975493055053,13,70.09
2328,F,Retraite,0,Paris,Prive,0.3473504666677205,11,68.75
2329,F,Retraite,0,Marseille,Prive,0.7930047454712968,11,57.91
2330,F,Ouvrier,0,Paris,Prive,0.49156735520731043,12,70.3
2331,F,Cadre,0,Lille,Public,0.1955876431889284,13,94.18
2332,M,Professions_intermediaires,0,Nantes,Public,0.45917308688213854,12,84.04
2333,F,Cadre,0,Toulouse,Prive,0.33369273753313833,11,70.77
2334,M,Cadre,1,Marseille,Prive,0.5719082225195592,10,55.81
2335,M,Cadre,0,Bordeaux,Public,0.4227164000758291,11,82.98
2336,M,Agriculteur,1,Lyon,Prive,0.18614083516146945,12,46.36
2337,F,Employe,1,Nantes,Public,0.48350223619694405,10,55.98
2338,M,Professions_intermediaires,0,Nantes,Prive,0.48864090642435537,12,66.62
2339,F,Employe,0,Lyon,Prive,0.2493014896212956,10,62.32
2340,F,Retraite,0,Nancy,Prive,0.1079856231069064,13,49.51
2341,F,Ouvrier,0,Lyon,Public,0.556522869281091,13,53.68
2342,F,Ouvrier,0,Nancy,Public,0.44387142988502204,10,63.92
2343,M,Ouvrier,0,Bordeaux,Prive,0.4569638332809306,13,58.39
2344,M,Cadre,0,Paris,Prive,0.6491664310594982,11,91.38
2345,M,Professions_intermediaires,0,Lille,Prive,0.1122636528817349,10,60.32
2346,F,Retraite,0,Marseille,Prive,0.512060538409291,13,71.79
2347,F,Cadre,0,Toulouse,Prive,0.6325156010339865,11,78.27
2348,M,Employe,0,Marseille,Prive,0.4634704622824862,11,62.1
2349,F,Cadre,0,Lille,Prive,0.21676985202254767,13,69.31
2350,M,Ouvrier,0,Nantes,Prive,0.3678339661923463,13,59.65
2351,M,Cadre,0,Lille,Prive,0.4097070869779945,12,98.33
2352,M,Agriculteur,0,Toulouse,Public,0.18420428260932997,12,64.37
2353,M,Ouvrier,0,Nancy,Prive,0.5742748500840776,11,60.72
2354,F,Agriculteur,0,Nancy,Public,0.5006406454366031,10,67.74
2355,F,Employe,0,Lyon,Prive,0.3714139037764218,12,60.45
2356,F,Agriculteur,1,Lille,Prive,0.697104783854611,11,63.78
2357,F,Agriculteur,0,Nantes,Public,0.39560317916626403,13,70.91
2358,F,Agriculteur,0,Lille,Public,0.7959809410809358,11,60.95
2359,M,Agriculteur,0,Toulouse,Prive,0.44621431137427614,10,76.61
2360,F,Agriculteur,1,Lyon,Prive,0.30909169679384957,13,37.46
2361,M,Employe,1,Lyon,Public,0.3151293164885073,12,37.03
2362,M,Ouvrier,0,Nancy,Public,0.5182161806075083,10,64.02
2363,M,Cadre,0,Nantes,Prive,0.2859029381124811,12,73.91
2364,F,Professions_intermediaires,0,Bordeaux,Prive,0.5288801945003212,13,96.32
2365,M,Professions_intermediaires,0,Bordeaux,Prive,0.41989610987979986,12,70.09
2366,F,Agriculteur,0,Nantes,Prive,0.4153098102024022,12,73.34
2367,F,Employe,1,Nantes,Prive,0.49167390947386913,10,34.42
2368,F,Retraite,0,Lille,Public,0.7009367723983315,12,64.37
2369,F,Cadre,0,Marseille,Prive,0.3914012014658644,12,81.93
2370,F,Employe,0,Bordeaux,Prive,0.5368258236429498,12,78.28
2371,F,Agriculteur,0,Marseille,Public,0.5888598352917642,13,61.77
2372,M,Ouvrier,0,Bordeaux,Public,0.25803129064949804,13,65.47
2373,F,Cadre,0,Paris,Prive,0.6045524267613194,12,88.95
2374,F,Agriculteur,0,Paris,Public,0.6630759797812462,13,76.03
2375,M,Agriculteur,0,Lyon,Prive,0.6932286922799175,10,65.54
2376,M,Employe,0,Nancy,Public,0.2782499933867525,13,53.43
2377,M,Ouvrier,1,Lille,Public,0.29222704585370174,10,15.83
2378,F,Ouvrier,0,Nancy,Public,0.48913017844257184,13,63.96
2379,M,Ouvrier,0,Nancy,Prive,0.47775089802801196,11,65.16
2380,M,Agriculteur,0,Bordeaux,Public,0.5038627696970196,11,64.83
2381,F,Agriculteur,1,Lille,Prive,0.4286779279056921,13,33.68
2382,F,Professions_intermediaires,0,Nancy,Public,0.5371660532501236,10,71.31
2383,M,Professions_intermediaires,1,Bordeaux,Public,-0.01081491129397627,12,46.12
2384,F,Employe,0,Toulouse,Public,0.631616151332057,11,73.05
2385,F,Employe,0,Lille,Prive,0.794377171940319,11,81.02
2386,M,Ouvrier,0,Toulouse,Public,0.3893898299518235,13,43.01
2387,M,Agriculteur,0,Lille,Prive,0.5404711989392815,10,65.25
2388,M,Ouvrier,0,Lille,Public,0.836133823626916,13,66.975
2389,M,Ouvrier,0,Lille,Public,0.5066927672746325,10,65.85
2390,M,Agriculteur,1,Marseille,Prive,0.5610851937560034,10,43.91
2391,F,Professions_intermediaires,0,Marseille,Prive,0.8683403053806557,11,88.42
2392,F,Cadre,0,Nantes,Public,0.907285649078583,10,85.92
2393,M,Employe,0,Lille,Public,0.28784692149041646,11,64.29
2394,F,Ouvrier,0,Nancy,Public,0.41770135113945256,12,57.05
2395,F,Cadre,0,Nantes,Public,0.6787178264531409,10,86.27
2396,M,Cadre,1,Toulouse,Public,0.5994229952047658,12,87.91
2397,M,Professions_intermediaires,0,Nantes,Prive,0.6412083652040125,11,74.11
2398,F,Ouvrier,1,Toulouse,Public,-0.024312883953796938,12,26.16
2399,F,Employe,0,Nancy,Public,0.109224329644391,11,47.08
2400,M,Ouvrier,0,Nancy,Public,0.8568430229944316,13,76.76
2401,F,Cadre,1,Nantes,Prive,0.654774740505276,11,64.01
2402,M,Employe,0,Nantes,Public,0.5707283702013417,12,68.27
2403,M,Employe,0,Nantes,Prive,0.25154203503248374,11,53.94
2404,M,Professions_intermediaires,0,Paris,Prive,0.41700239441879683,12,75.92
2405,F,Cadre,0,Lyon,Public,0.6139304235023986,11,96.4
2406,M,Employe,0,Lille,Prive,0.2233836122610744,12,66.975
2407,F,Agriculteur,0,Lyon,Public,0.35894919575051676,10,65.35
2408,M,Cadre,0,Nantes,Prive,0.5750801396696562,12,80.31
2409,F,Cadre,1,Bordeaux,Public,0.6179485110291077,13,62.17
2410,F,Cadre,0,Marseille,Prive,0.3953902935594639,12,66.975
2411,M,Ouvrier,0,Paris,Prive,0.696453576070237,10,66.6
2412,F,Cadre,1,Paris,Public,0.6899554880327063,12,74.58
2413,M,Professions_intermediaires,0,Lille,Public,0.14144934096847395,11,58.49
2414,M,Ouvrier,0,Paris,Public,0.8275931907561281,13,68.42
2415,F,Professions_intermediaires,0,Bordeaux,Prive,0.7332831526462467,13,71.46
2416,F,Ouvrier,0,Lyon,Public,0.5413137423841832,13,66.975
2417,M,Professions_intermediaires,0,Toulouse,Prive,0.4725400639175329,13,85.96
2418,F,Ouvrier,0,Paris,Prive,0.6578686406229781,12,62.92
2419,F,Employe,0,Bordeaux,Prive,0.6067437648562245,12,62.89
2420,F,Cadre,0,Paris,Prive,0.44568946297834133,11,87.46
2421,F,Professions_intermediaires,0,Bordeaux,Public,0.821254198733687,11,90.62
2422,M,Agriculteur,0,Lille,Public,0.07905967059316249,13,51.82
2423,F,Cadre,0,Bordeaux,Prive,0.3670214635496307,12,70.38
2424,M,Ouvrier,0,Bordeaux,Prive,0.5895556966060005,12,66.975
2425,F,Cadre,1,Lille,Prive,0.48957920004314515,10,61.31
2426,M,Agriculteur,1,Nantes,Prive,0.6399180883959388,11,64.74
2427,F,Ouvrier,0,Bordeaux,Prive,0.2210720025881714,11,42.73
2428,F,Agriculteur,0,Nancy,Prive,0.4491115432949585,12,53.13
2429,M,Cadre,0,Toulouse,Prive,0.7300736831623288,12,91.51
2430,F,Ouvrier,0,Nancy,Prive,0.2012586781147901,11,48.52
2431,F,Agriculteur,0,Paris,Public,0.45190640205537264,13,59.52
2432,M,Ouvrier,0,Lille,Public,0.3938362988464063,13,63.51
2433,F,Cadre,0,Lille,Public,0.5726726806596902,13,87.92
2434,F,Employe,0,Marseille,Public,0.5786188601555962,11,79.28
2435,F,Professions_intermediaires,0,Nantes,Prive,0.5194197744601413,11,82.54
2436,M,Ouvrier,1,Bordeaux,Public,0.44202917727846713,11,27.85
2437,M,Ouvrier,0,Nantes,Public,0.5126535305213981,13,45.17
2438,M,Professions_intermediaires,0,Lille,Public,0.46706990456128195,13,83.35
2439,M,Retraite,0,Bordeaux,Prive,0.4935074347490604,13,62.74
2440,F,Ouvrier,1,Lille,Prive,0.7913934209687707,10,75.04
2441,F,Cadre,0,Marseille,Prive,0.2595484043098031,12,88.91
2442,F,Agriculteur,0,Toulouse,Prive,0.5683312873591602,12,83.34
2443,F,Employe,0,Lyon,Prive,0.3115774499564644,11,55.86
2444,F,Cadre,0,Nantes,Public,0.890998381873719,11,93.35
2445,M,Retraite,0,Marseille,Prive,0.5178156687116162,13,71.67
2446,M,Agriculteur,0,Nancy,Public,0.24642536147340383,11,61.66
2447,M,Employe,0,Lyon,Public,0.4536173230382243,11,66.48
2448,M,Agriculteur,0,Marseille,Prive,0.20821646708543212,10,63.77
2449,M,Agriculteur,0,Bordeaux,Public,0.37335370813523716,12,58.7
2450,F,Professions_intermediaires,0,Marseille,Prive,0.6231504549484557,10,70.26
2451,M,Cadre,0,Nancy,Prive,0.7722475097283972,12,88.34
2452,M,Retraite,0,Toulouse,Prive,0.7161371940620362,12,65.02
2453,F,Retraite,1,Nancy,Prive,0.4790247104391051,13,37.14
2454,F,Retraite,0,Marseille,Public,0.6140111187163075,12,66.87
2455,M,Agriculteur,0,Toulouse,Public,0.6617012718760393,12,59.8
2456,F,Cadre,1,Paris,Public,0.9499453664553054,13,82.26
2457,M,Ouvrier,0,Nancy,Prive,0.37920494379858244,10,62.65
2458,M,Ouvrier,0,Paris,Public,0.8018782195342409,11,72.79
2459,F,Retraite,0,Bordeaux,Prive,0.28159223910945874,12,53.15
2460,F,Cadre,0,Nantes,Public,0.7359874110020315,10,66.975
2461,F,Ouvrier,0,Toulouse,Public,0.3758690058313046,10,70.66
2462,F,Employe,0,Lille,Public,0.3632537494622706,11,63.73
2463,F,Ouvrier,1,Toulouse,Prive,0.44307008475454096,10,45.38
2464,M,Professions_intermediaires,0,Nantes,Public,0.3448012662525448,10,60.21
2465,F,Professions_intermediaires,0,Nancy,Public,0.585211008803584,12,74.8
2466,F,Cadre,0,Nancy,Public,0.7453083284355311,11,100.0
2467,F,Agriculteur,0,Toulouse,Public,0.07768767505170904,10,61.41
2468,M,Cadre,0,Lille,Prive,0.4650795216867889,12,80.98
2469,F,Retraite,0,Bordeaux,Prive,0.28268768944841294,10,65.82
2470,F,Agriculteur,0,Toulouse,Public,0.6810164866078212,11,76.33
2471,M,Ouvrier,1,Nantes,Prive,0.7840805450332029,13,65.01
2472,F,Employe,0,Toulouse,Prive,0.4650715354408246,11,68.1
2473,F,Agriculteur,0,Lille,Prive,0.35933917102455554,12,72.23
2474,F,Professions_intermediaires,0,Toulouse,Public,0.17695920035402568,13,67.18
2475,F,Agriculteur,0,Nantes,Public,0.8897580096040785,12,69.18
2476,F,Cadre,0,Marseille,Prive,0.7637860564827901,11,95.1
2477,M,Ouvrier,0,Nancy,Public,0.1042983559869925,11,38.1
2478,F,Agriculteur,0,Nancy,Public,0.6310948309021978,10,81.26
2479,F,Agriculteur,0,Nancy,Prive,0.27757297248437074,10,52.76
2480,F,Professions_intermediaires,0,Toulouse,Prive,0.39829467318615386,11,65.29
2481,M,Cadre,0,Paris,Public,0.25030484614978454,13,69.79
2482,M,Ouvrier,0,Lille,Public,0.09984079583208699,13,56.78
2483,F,Agriculteur,0,Lyon,Prive,0.49088278203085406,13,59.22
2484,F,Professions_intermediaires,0,Lyon,Public,0.8790824953700767,11,88.42
2485,F,Agriculteur,1,Nantes,Public,0.3147928877488172,12,39.36
2486,F,Employe,0,Paris,Prive,0.6782635649662094,11,71.37
2487,F,Agriculteur,0,Nantes,Public,0.7096586827745249,11,69.28
2488,F,Agriculteur,0,Marseille,Public,0.6443499813764237,10,93.62
2489,M,Retraite,0,Bordeaux,Prive,0.8992914707012525,13,57.81
2490,F,Professions_intermediaires,0,Lyon,Prive,0.691041420958536,12,84.11
2491,F,Agriculteur,0,Bordeaux,Public,0.860930984057819,12,77.35
2492,F,Cadre,0,Lille,Prive,0.27058670465788415,11,73.44
2493,M,Agriculteur,0,Nancy,Public,0.6490715955726625,13,74.83
2494,M,Agriculteur,0,Nancy,Public,0.8021798620924139,10,66.0
2495,F,Agriculteur,0,Nancy,Prive,0.3455995022120592,10,56.44
2496,F,Retraite,0,Marseille,Public,-0.19723235692432217,12,39.84
2497,M,Ouvrier,1,Nancy,Public,0.24653278424809116,13,35.17
2498,M,Agriculteur,0,Bordeaux,Prive,0.35504616153524116,13,59.42
2499,F,Agriculteur,0,Paris,Prive,0.6122363561144624,13,161.51629570617575
2500,M,Professions_intermediaires,0,Toulouse,Prive,0.38671303277148494,12,74.59
2501,M,Professions_intermediaires,0,Nancy,Prive,0.500624052437089,10,83.72
2502,F,Agriculteur,1,Lyon,Public,0.37913337114660745,11,34.07
2503,M,Cadre,0,Toulouse,Public,0.4742915813437597,11,86.41
2504,F,Cadre,0,Toulouse,Prive,0.4867550731954937,13,89.92
2505,F,Agriculteur,0,Nancy,Prive,0.37352454420708386,11,78.18
2506,F,Agriculteur,0,Marseille,Prive,0.6642508360317813,11,70.51
2507,F,Employe,0,Lille,Public,0.7760630242774156,11,88.48
2508,M,Agriculteur,0,Bordeaux,Prive,0.2702258300138253,11,68.2
2509,F,Employe,0,Bordeaux,Prive,0.5434632000208699,12,52.54
2510,F,Ouvrier,0,Nantes,Prive,0.21409408952781211,10,57.91
2511,F,Retraite,0,Paris,Prive,0.1494550110623007,13,57.63
2512,M,Employe,0,Marseille,Public,0.707308386547384,12,80.42
2513,M,Employe,0,Lyon,Public,0.9014811329605061,11,86.45
2514,M,Employe,0,Nancy,Public,0.43432699280456905,11,56.81
2515,F,Cadre,0,Marseille,Prive,0.8666594614574414,13,100.0
2516,M,Ouvrier,0,Bordeaux,Prive,0.37035994541028655,13,55.99
2517,M,Ouvrier,0,Lille,Public,0.4531031947266465,12,52.59
2518,M,Cadre,0,Marseille,Prive,0.833547105819235,11,100.0
2519,F,Employe,0,Marseille,Prive,0.3174672024496031,10,60.2
2520,M,Employe,1,Toulouse,Public,0.683335822507873,10,51.32
2521,F,Retraite,0,Toulouse,Public,0.4303444947485792,13,63.3
2522,F,Professions_intermediaires,0,Marseille,Prive,0.3558589121253455,13,76.96
2523,F,Ouvrier,0,Marseille,Public,0.3982391028870266,11,71.14
2524,F,Ouvrier,0,Marseille,Public,0.0663401169149409,11,66.44
2525,F,Agriculteur,1,Toulouse,Public,0.7522179360375467,13,63.19
2526,F,Employe,0,Toulouse,Public,0.5452600395281113,10,54.29
2527,F,Ouvrier,1,Toulouse,Public,0.47040012997222386,12,53.97
2528,M,Professions_intermediaires,1,Marseille,Public,0.3614113607942885,13,56.36
2529,F,Retraite,0,Bordeaux,Prive,0.56235521097009,13,76.75
2530,M,Cadre,0,Toulouse,Public,0.6766901811055981,12,85.18
2531,M,Agriculteur,0,Lyon,Public,0.4450910194066641,10,66.68
2532,M,Cadre,0,Nantes,Public,0.6927179551744658,13,96.79
2533,M,Ouvrier,0,Lille,Prive,0.5550199196478481,10,79.31
2534,F,Agriculteur,0,Toulouse,Public,0.48132398652892266,11,70.83
2535,M,Retraite,0,Nancy,Prive,0.6824725478115794,10,56.78
2536,M,Retraite,0,Lille,Prive,0.3984169613387922,10,67.14
2537,F,Ouvrier,0,Marseille,Prive,0.24969356263453224,10,54.32
2538,F,Professions_intermediaires,0,Lyon,Prive,0.48938213484613957,11,66.975
2539,M,Professions_intermediaires,0,Marseille,Public,0.5070557496811564,10,72.97
2540,F,Ouvrier,0,Toulouse,Public,0.45553554946642855,10,66.975
2541,F,Retraite,1,Toulouse,Prive,0.7379789607859726,10,60.21
2542,M,Ouvrier,0,Nancy,Public,0.6000984863002288,12,57.86
2543,M,Employe,0,Marseille,Public,0.476987256930896,12,62.53
2544,F,Retraite,0,Nancy,Prive,0.49889812010366186,10,64.56
2545,M,Professions_intermediaires,0,Paris,Public,0.5161259038089141,13,90.16
2546,F,Agriculteur,0,Lille,Public,0.6052105379209543,10,83.89
2547,M,Cadre,0,Marseille,Public,0.5105068736509812,10,89.31
2548,M,Agriculteur,0,Marseille,Prive,0.46910750817699887,11,72.06
2549,F,Ouvrier,0,Lyon,Public,0.23315921517390797,13,52.8
2550,F,Agriculteur,0,Toulouse,Public,0.35804083309856427,11,73.33
2551,M,Ouvrier,0,Lille,Prive,0.5554003224636349,13,52.28
2552,F,Employe,0,Nancy,Prive,0.5376008617562579,11,66.975
2553,F,Professions_intermediaires,0,Bordeaux,Prive,0.20293374214770143,12,50.68
2554,F,Cadre,0,Nancy,Public,0.38761656025973346,11,68.26
2555,M,Ouvrier,0,Marseille,Public,0.3140493894508408,12,38.5
2556,F,Agriculteur,0,Nantes,Prive,0.7729267550941739,11,92.44
2557,M,Employe,1,Marseille,Prive,0.5502266359888884,10,46.68
2558,M,Retraite,1,Nantes,Prive,0.5860695757466463,11,33.72
2559,F,Ouvrier,0,Lille,Public,0.4866558843428866,11,83.14
2560,M,Employe,0,Paris,Prive,0.3747346196237809,12,57.27
2561,M,Employe,0,Lyon,Public,0.41091201951345396,11,69.77
2562,F,Professions_intermediaires,0,Nantes,Prive,0.5985447166430009,12,70.62
2563,M,Cadre,1,Paris,Public,0.4479805471840554,10,70.0
2564,F,Ouvrier,0,Bordeaux,Prive,0.6006172059506327,12,63.58
2565,F,Professions_intermediaires,0,Lyon,Public,0.5285946359663943,12,69.41
2566,F,Retraite,0,Nancy,Prive,0.5591091263824813,10,54.78
2567,M,Ouvrier,0,Bordeaux,Public,0.5693114381639248,10,55.14
2568,M,Employe,0,Marseille,Public,0.3947689327070337,10,55.64
2569,F,Cadre,0,Nantes,Prive,0.4378159195295593,10,68.28
2570,M,Agriculteur,0,Lille,Prive,0.6817693510231361,13,78.61
2571,M,Ouvrier,0,Lyon,Prive,0.8652721394768039,10,78.08
2572,M,Employe,0,Bordeaux,Public,0.68359844800329,10,64.91
2573,M,Employe,0,Bordeaux,Public,-0.05778607476679587,10,35.99
2574,F,Professions_intermediaires,0,Marseille,Public,0.3484004334376621,13,75.43
2575,M,Ouvrier,0,Nantes,Public,0.5229433592227336,12,61.9
2576,F,Professions_intermediaires,0,Marseille,Public,0.28035655014111777,10,61.66
2577,F,Cadre,1,Marseille,Public,0.27098253304520925,10,59.93
2578,F,Employe,0,Bordeaux,Prive,0.4162566367576397,12,41.84
2579,M,Retraite,0,Paris,Public,0.5690645427433976,13,65.59
2580,M,Agriculteur,0,Lille,Public,0.6235073163650366,12,69.34
2581,F,Agriculteur,0,Toulouse,Public,0.42653065522400113,12,79.85
2582,F,Retraite,1,Toulouse,Prive,0.41117500310473043,11,45.83
2583,F,Employe,0,Bordeaux,Public,0.3312636433459105,13,65.61
2584,M,Retraite,0,Lille,Prive,0.6014193714546625,11,83.91
2585,F,Employe,0,Nantes,Prive,0.5879779595912448,13,63.29
2586,M,Employe,1,Toulouse,Prive,0.6814091027723543,13,37.53
2587,F,Professions_intermediaires,1,Bordeaux,Prive,0.5259505126431563,13,64.29
2588,F,Agriculteur,0,Toulouse,Public,0.23775904034684708,12,73.14
2589,M,Professions_intermediaires,0,Nancy,Prive,0.4302222154871642,11,82.09
2590,F,Professions_intermediaires,0,Bordeaux,Prive,0.6713839168727015,12,77.17
2591,F,Cadre,0,Nancy,Public,0.15290405504477894,11,71.46
2592,F,Professions_intermediaires,0,Paris,Prive,0.48303434756159536,13,63.94
2593,M,Cadre,0,Paris,Public,0.5570300850682413,13,77.27
2594,F,Cadre,0,Lyon,Prive,0.9007374843241178,10,80.77
2595,F,Professions_intermediaires,1,Paris,Prive,0.37977709465343706,13,48.9
2596,F,Professions_intermediaires,0,Bordeaux,Prive,0.4756646137222551,12,89.9
2597,M,Employe,0,Lyon,Prive,0.8375203554302866,12,69.52
2598,M,Ouvrier,1,Lyon,Public,0.3823354613853108,13,66.975
2599,M,Employe,0,Marseille,Public,0.7149411443142818,10,76.65
2600,F,Cadre,0,Lyon,Public,0.5785321315615654,13,83.98
2601,M,Ouvrier,0,Nantes,Public,0.4557975572394306,10,55.71
2602,F,Employe,0,Paris,Prive,0.5903234234420516,10,82.06
2603,M,Retraite,0,Lyon,Prive,0.47049762397347733,12,65.03
2604,M,Employe,0,Lyon,Public,0.9515628292679466,13,87.1
2605,M,Agriculteur,0,Paris,Prive,0.08688867571241471,13,80.4
2606,M,Ouvrier,0,Marseille,Prive,0.4435066870532665,10,50.93
2607,M,Retraite,1,Lyon,Public,0.4493687520772978,13,41.49
2608,F,Employe,0,Marseille,Prive,0.47320145971988065,12,66.41
2609,M,Cadre,0,Lyon,Public,0.7160849263896006,11,84.29
2610,M,Agriculteur,0,Lille,Public,0.41059263291839265,12,62.15
2611,M,Employe,0,Nantes,Prive,0.5984080265615819,11,81.79
2612,M,Professions_intermediaires,0,Bordeaux,Prive,0.546293305926095,11,75.91
2613,F,Agriculteur,0,Nancy,Public,0.6676952899313238,10,95.59
2614,M,Ouvrier,0,Bordeaux,Public,0.4725634915620032,11,55.74
2615,F,Ouvrier,0,Lille,Prive,0.5644414707219637,12,76.47
2616,M,Agriculteur,0,Lyon,Prive,0.4753120540495604,10,83.29
2617,M,Employe,1,Nancy,Public,0.30278928786316156,13,41.91
2618,F,Retraite,0,Lyon,Public,0.8198073012745144,11,76.56
2619,M,Retraite,1,Toulouse,Prive,0.347563215661958,13,48.59
2620,M,Retraite,0,Lille,Prive,0.4043024473246275,10,56.88
2621,M,Retraite,0,Bordeaux,Public,0.3286355509667813,11,75.2
2622,F,Agriculteur,0,Bordeaux,Public,0.5804042892485675,11,63.97
2623,F,Cadre,0,Paris,Prive,0.40436786998151475,12,78.71
2624,M,Retraite,0,Nantes,Prive,0.8030484282223453,12,66.08
2625,M,Cadre,1,Bordeaux,Prive,0.6067901268677351,10,68.38
2626,M,Professions_intermediaires,0,Marseille,Public,0.44463084542927306,12,75.73
2627,M,Ouvrier,0,Marseille,Public,0.31804989355143987,12,50.27
2628,F,Retraite,1,Nancy,Prive,0.47785864982350035,12,43.99
2629,M,Professions_intermediaires,1,Nantes,Public,0.6040060944337147,12,46.26
2630,F,Retraite,0,Nancy,Prive,0.49082305799933706,12,75.78
2631,M,Cadre,0,Nantes,Public,0.47192906989180117,12,89.64
2632,M,Employe,1,Lyon,Prive,0.2959060463145031,10,39.38
2633,M,Professions_intermediaires,0,Bordeaux,Prive,0.9486294307052399,12,82.14
2634,M,Retraite,1,Nantes,Prive,0.4597777536067601,13,37.15
2635,F,Professions_intermediaires,1,Bordeaux,Prive,0.22509651285729088,11,41.09
2636,F,Agriculteur,0,Marseille,Public,0.2849906437787865,11,55.04
2637,F,Employe,0,Toulouse,Prive,0.43117946074424984,12,58.65
2638,M,Agriculteur,0,Toulouse,Prive,0.8889551703262875,10,85.18
2639,F,Agriculteur,1,Marseille,Public,0.4659194922668804,11,58.07
2640,M,Retraite,1,Lyon,Public,0.42503964994555904,10,30.03
2641,F,Ouvrier,0,Lyon,Prive,0.6689384548962685,11,71.5
2642,F,Cadre,1,Bordeaux,Prive,0.683536959353916,13,58.55
2643,F,Ouvrier,0,Lyon,Public,0.6318175372799009,13,71.28
2644,F,Cadre,1,Nantes,Public,0.5399751875882912,11,67.14
2645,F,Agriculteur,0,Nantes,Prive,0.2791327381370726,13,59.95
2646,F,Professions_intermediaires,0,Toulouse,Prive,0.3497966469180958,11,76.21
2647,M,Agriculteur,0,Marseille,Prive,0.18181442805574916,11,73.14
2648,M,Agriculteur,0,Lille,Public,0.4552074326625421,13,50.14
2649,M,Retraite,0,Paris,Public,0.4150680016915938,12,72.37
2650,F,Retraite,0,Marseille,Public,0.3943106269032605,12,56.02
2651,M,Professions_intermediaires,0,Bordeaux,Prive,0.5558525982644305,11,88.04
2652,M,Retraite,0,Nantes,Public,0.3685619788155836,12,68.91
2653,M,Ouvrier,0,Toulouse,Prive,0.43190697218920543,13,48.41
2654,F,Agriculteur,1,Bordeaux,Prive,0.4027335462200811,10,42.12
2655,M,Professions_intermediaires,0,Lyon,Public,0.4936300373525355,13,78.18
2656,M,Retraite,0,Lille,Public,0.5729274626013519,11,74.13
2657,F,Professions_intermediaires,0,Nancy,Public,0.23109337096979748,11,73.87
2658,F,Employe,0,Bordeaux,Prive,0.590643094346746,11,74.0
2659,M,Agriculteur,0,Lyon,Prive,0.5528505049489337,13,63.41
2660,F,Retraite,0,Toulouse,Prive,0.5837252518851912,10,67.65
2661,F,Ouvrier,0,Bordeaux,Prive,0.5266462665214425,11,61.43
2662,M,Ouvrier,0,Toulouse,Prive,0.5723127925299183,13,48.08
2663,F,Professions_intermediaires,0,Lille,Prive,0.41686678323399967,11,76.69
2664,F,Professions_intermediaires,0,Nantes,Public,0.5886736241259019,10,74.15
2665,F,Professions_intermediaires,0,Lyon,Public,0.7289133904637692,13,92.92
2666,M,Ouvrier,0,Nantes,Prive,0.4009238326283767,10,68.35
2667,F,Professions_intermediaires,0,Toulouse,Public,0.40818106430343365,13,75.14
2668,M,Professions_intermediaires,0,Nancy,Public,0.6261010198908421,11,86.71
2669,F,Retraite,0,Toulouse,Prive,0.3891984316570854,12,68.6
2670,M,Cadre,0,Bordeaux,Prive,0.35615236829627206,12,80.63
2671,M,Cadre,0,Toulouse,Prive,0.5844343898784986,11,73.12
2672,M,Ouvrier,0,Toulouse,Public,0.41390649416668557,11,56.67
2673,M,Professions_intermediaires,0,Nancy,Public,0.7443492896926247,10,76.37
2674,F,Professions_intermediaires,0,Lyon,Public,0.4067577016387328,10,72.45
2675,M,Employe,0,Toulouse,Public,0.33617689346172497,10,61.34
2676,M,Agriculteur,0,Paris,Public,0.4990428502753123,10,77.91
2677,M,Retraite,1,Paris,Public,0.5870860630624309,11,56.84
2678,M,Employe,0,Bordeaux,Public,0.5640634200025297,13,64.02
2679,M,Professions_intermediaires,0,Marseille,Prive,0.607782547468389,11,64.45
2680,F,Agriculteur,0,Bordeaux,Prive,0.3893687891012351,12,58.33
2681,F,Ouvrier,1,Nantes,Prive,0.7270986831125176,11,57.67
2682,F,Employe,0,Bordeaux,Public,0.16893036501741232,12,69.83
2683,F,Cadre,0,Toulouse,Public,0.34382870082221095,12,71.81
2684,M,Ouvrier,1,Nancy,Prive,0.5076735165026062,12,26.97
2685,M,Cadre,0,Nantes,Prive,0.3605763659356405,12,75.61
2686,F,Ouvrier,0,Marseille,Public,0.43806001834129993,13,76.3
2687,F,Retraite,0,Toulouse,Public,0.30366804006794346,12,64.95
2688,M,Professions_intermediaires,0,Lyon,Public,0.45836864505474284,11,66.975
2689,M,Employe,0,Lyon,Public,0.5926154507676065,10,67.91
2690,M,Agriculteur,0,Paris,Prive,0.3928899678790649,13,48.71
2691,M,Ouvrier,0,Paris,Prive,0.3242065141679179,10,53.51
2692,M,Professions_intermediaires,0,Lyon,Prive,0.4078163411233109,10,83.13
2693,M,Agriculteur,1,Nantes,Public,0.7207735108917275,11,49.31
2694,F,Agriculteur,0,Bordeaux,Prive,0.719114690168271,13,72.12
2695,M,Employe,0,Paris,Public,0.404378008954548,11,67.86
2696,F,Professions_intermediaires,1,Nantes,Public,0.60165739171564,12,47.62
2697,F,Agriculteur,0,Nantes,Prive,0.49633309512457113,11,72.42
2698,F,Agriculteur,0,Lille,Prive,0.7568097130372093,13,67.7
2699,F,Employe,0,Lille,Public,0.5383132577395587,13,64.85
2700,F,Retraite,0,Paris,Prive,0.4596891633187682,11,61.21
2701,M,Employe,0,Nancy,Public,0.8199754817717124,11,70.64
2702,M,Cadre,1,Nantes,Prive,0.31523976946978793,11,60.85
2703,F,Employe,0,Lyon,Public,0.563840842875238,12,69.24
2704,M,Ouvrier,0,Nancy,Public,0.773214496440337,12,64.37
2705,F,Employe,1,Paris,Prive,0.6332320455320974,11,52.53
2706,F,Ouvrier,0,Marseille,Public,0.34743175275599414,11,49.97
2707,M,Agriculteur,0,Lille,Public,0.33666609174252315,12,44.99
2708,F,Professions_intermediaires,0,Bordeaux,Public,0.21830239440312332,12,69.23
2709,M,Cadre,1,Marseille,Public,0.7965843168083768,12,64.34
2710,M,Professions_intermediaires,0,Lille,Prive,0.27342133310956807,10,73.11
2711,F,Professions_intermediaires,1,Lyon,Public,0.6426803004048159,13,53.67
2712,F,Employe,0,Toulouse,Prive,0.21469771995638626,13,45.14
2713,M,Employe,1,Toulouse,Prive,1.0114181833458633,13,57.17
2714,M,Retraite,0,Bordeaux,Prive,0.22942057494979357,10,67.51
2715,M,Ouvrier,0,Marseille,Prive,0.5085043428390651,12,63.0
2716,F,Retraite,0,Marseille,Public,0.7424120079885395,12,58.05
2717,F,Retraite,0,Bordeaux,Public,0.35938541313570393,11,56.78
2718,M,Employe,0,Lyon,Prive,0.6127542401902393,13,65.01
2719,M,Employe,0,Lyon,Public,0.44363359890574383,10,64.1
2720,F,Employe,0,Lyon,Public,0.5776383481416667,12,64.93
2721,M,Professions_intermediaires,0,Marseille,Public,0.7161539863945395,12,62.95
2722,M,Employe,0,Paris,Prive,0.4143259821246512,11,63.88
2723,F,Agriculteur,0,Paris,Public,0.7993820735793397,13,88.98
2724,F,Cadre,0,Bordeaux,Public,0.5704857949692991,12,81.17
2725,M,Retraite,0,Nancy,Public,0.8896931746012481,10,61.38
2726,M,Retraite,0,Lyon,Prive,0.33361073756592463,11,73.16
2727,F,Cadre,0,Marseille,Public,0.37158466168812404,13,99.96
2728,F,Professions_intermediaires,1,Bordeaux,Public,0.4535467389209511,10,50.81
2729,M,Ouvrier,1,Nantes,Public,0.2574694321652402,10,36.8
2730,F,Ouvrier,0,Nantes,Public,0.6851767213195387,13,67.56
2731,M,Professions_intermediaires,0,Lyon,Public,0.4848320286328542,10,81.67
2732,M,Cadre,0,Nantes,Public,0.27077515804966623,13,68.9
2733,M,Cadre,0,Toulouse,Public,0.33544152859167214,12,80.11
2734,F,Ouvrier,0,Marseille,Public,0.3260070777320749,12,47.86
2735,F,Retraite,1,Nancy,Public,0.6847318959763105,12,52.67
2736,F,Cadre,1,Paris,Public,0.5914352510107586,13,81.13
2737,M,Cadre,0,Toulouse,Prive,0.4734868622366395,13,86.42
2738,F,Cadre,0,Toulouse,Prive,0.4269402961050064,13,76.24
2739,F,Cadre,0,Nancy,Public,0.45225390529121345,12,93.41
2740,F,Professions_intermediaires,0,Lyon,Public,0.8562227588221683,11,77.84
2741,F,Agriculteur,0,Paris,Prive,0.4532197252917781,11,72.73
2742,F,Professions_intermediaires,0,Marseille,Prive,0.671509580068712,11,72.29
2743,M,Ouvrier,0,Lille,Public,0.4341379411730336,13,46.59
2744,M,Retraite,1,Nancy,Public,0.8364995799542734,11,44.57
2745,F,Employe,0,Nancy,Prive,0.25616163654653024,10,38.81
2746,F,Ouvrier,0,Bordeaux,Public,0.6614061194879078,10,55.3
2747,F,Ouvrier,1,Nancy,Prive,0.34812130992637647,12,57.43
2748,M,Agriculteur,0,Lyon,Prive,0.9426597095704099,10,52.37
2749,F,Cadre,0,Lille,Public,0.6394693185896114,12,74.43
2750,M,Ouvrier,0,Lyon,Prive,0.1592414425372471,10,68.18
2751,F,Agriculteur,0,Bordeaux,Prive,0.31370682601892613,12,56.77
2752,F,Employe,0,Nantes,Public,0.6370304586652253,12,67.89
2753,M,Retraite,1,Bordeaux,Prive,0.6315583793411141,12,46.76
2754,M,Retraite,0,Lille,Prive,0.6166250019606528,12,51.73
2755,M,Ouvrier,0,Lyon,Prive,0.5313168882508008,11,70.08
2756,M,Agriculteur,0,Bordeaux,Prive,0.4362155355574053,10,65.51
2757,M,Professions_intermediaires,0,Paris,Public,0.7173494524118824,12,66.975
2758,M,Employe,1,Nancy,Public,0.3271686694276857,10,51.69
2759,F,Cadre,0,Lyon,Public,0.5106866829813782,13,73.76
2760,F,Cadre,0,Bordeaux,Public,0.37597162158924397,12,83.12
2761,F,Ouvrier,0,Marseille,Prive,0.36001612783935577,13,49.29
2762,F,Agriculteur,0,Lyon,Public,0.4082000221838967,12,56.18
2763,F,Employe,1,Nantes,Public,0.35294739816888115,13,63.29
2764,F,Retraite,0,Lille,Prive,0.6099426869030501,13,69.05
2765,F,Agriculteur,0,Lyon,Public,0.20477960828336472,13,71.53
2766,M,Professions_intermediaires,0,Lyon,Public,0.5862034861967517,10,71.22
2767,F,Ouvrier,0,Paris,Public,0.37314670834607444,13,49.45
2768,M,Ouvrier,0,Bordeaux,Public,0.5060776916587273,12,32.08
2769,F,Ouvrier,0,Lille,Prive,0.4666311022776117,13,57.91
2770,M,Cadre,0,Lyon,Prive,0.40015570421276614,10,66.88
2771,M,Agriculteur,1,Toulouse,Public,0.7426246956836922,11,54.19
2772,F,Ouvrier,0,Bordeaux,Prive,0.42582354147829954,13,48.23
2773,F,Agriculteur,0,Toulouse,Public,0.6407004677750141,11,76.81
2774,M,Ouvrier,0,Nantes,Public,0.6432774837687453,13,81.68
2775,M,Employe,0,Nantes,Public,0.44548316939566796,10,91.23
2776,F,Professions_intermediaires,0,Bordeaux,Public,0.24842205018305036,11,72.85
2777,M,Agriculteur,0,Bordeaux,Public,0.32357092493764006,11,64.02
2778,M,Agriculteur,0,Toulouse,Prive,0.7557596490109154,10,67.32
2779,F,Professions_intermediaires,0,Toulouse,Public,0.598510144171537,11,70.63
2780,F,Ouvrier,0,Nancy,Prive,0.527771091302471,10,53.84
2781,F,Employe,0,Paris,Prive,0.3865945159072841,10,79.35
2782,M,Agriculteur,1,Nancy,Public,0.8463643863612706,10,52.09
2783,M,Ouvrier,0,Paris,Public,0.3263784690586722,11,75.62
2784,M,Agriculteur,1,Bordeaux,Public,0.5279418208480134,12,40.26
2785,M,Agriculteur,0,Nancy,Public,0.6003613853778809,11,68.94
2786,F,Agriculteur,0,Toulouse,Prive,0.23885875067913775,10,52.34
2787,F,Employe,0,Marseille,Public,0.34830401475495487,13,66.975
2788,F,Employe,0,Nancy,Prive,0.40849092509112767,10,64.66
2789,F,Employe,1,Bordeaux,Public,0.6723820416492049,12,51.99
2790,M,Cadre,0,Bordeaux,Public,0.4124321656647581,11,79.28
2791,M,Professions_intermediaires,1,Lille,Public,0.2127621191042829,10,52.69
2792,F,Ouvrier,0,Lyon,Prive,0.1935434594453843,13,60.79
2793,M,Professions_intermediaires,0,Paris,Public,0.34660013930095945,10,78.1
2794,M,Employe,0,Bordeaux,Prive,0.20197829480715968,10,51.98
2795,F,Professions_intermediaires,0,Lyon,Prive,0.653728698214252,10,81.77
2796,M,Employe,0,Lyon,Prive,0.6615680694059288,10,66.08
2797,M,Retraite,1,Marseille,Prive,0.5014109939238173,11,55.99
2798,M,Employe,0,Bordeaux,Public,0.4473770058304538,10,68.07
2799,M,Retraite,0,Paris,Public,0.6483193059276426,10,69.97
2800,F,Employe,0,Toulouse,Public,0.640035942375404,10,69.09
2801,M,Ouvrier,0,Paris,Public,0.30266407391441097,10,48.34
2802,F,Employe,1,Nantes,Prive,0.330297335836845,10,45.43
2803,M,Cadre,0,Nantes,Public,0.6413088415797203,11,98.13
2804,F,Retraite,0,Paris,Public,0.5541110518582045,13,59.77
2805,F,Employe,0,Marseille,Public,0.621647044566429,10,83.05
2806,M,Agriculteur,1,Toulouse,Public,0.32121523051943107,13,49.19
2807,F,Agriculteur,0,Toulouse,Prive,0.34966797157356866,12,66.975
2808,F,Cadre,1,Lyon,Prive,0.5927777683048139,10,59.3
2809,M,Cadre,0,Toulouse,Public,0.36360816924198947,10,66.975
2810,F,Retraite,0,Nantes,Prive,0.19601201197036727,10,57.72
2811,M,Agriculteur,1,Lyon,Prive,0.36663770489736813,13,36.93
2812,F,Employe,1,Lyon,Public,0.45897230786269255,10,39.75
2813,F,Retraite,0,Toulouse,Prive,0.8402697998875959,12,71.76
2814,M,Cadre,0,Toulouse,Public,0.3323107303488413,10,88.57
2815,F,Ouvrier,1,Marseille,Public,0.48766278150994374,11,38.19
2816,F,Agriculteur,0,Paris,Prive,0.9085855647698764,13,71.51
2817,M,Retraite,0,Paris,Public,0.2813185122421006,13,38.8
2818,M,Cadre,0,Nantes,Prive,0.632097921082422,12,78.72
2819,F,Agriculteur,0,Lyon,Prive,0.3578047362085168,11,60.09
2820,M,Employe,0,Marseille,Public,0.5803386299684847,11,71.66
2821,M,Retraite,0,Nantes,Public,0.9669284329496175,11,77.92
2822,M,Cadre,0,Nancy,Public,0.6583099996844666,10,100.0
2823,F,Employe,0,Paris,Public,0.5303717689595491,12,58.45
2824,M,Professions_intermediaires,1,Lyon,Public,0.30977534596657286,10,66.975
2825,M,Employe,0,Toulouse,Prive,0.464915839056517,13,67.67
2826,M,Professions_intermediaires,1,Marseille,Prive,0.3869284708966815,10,42.51
2827,F,Agriculteur,0,Lille,Prive,0.20988905933180219,12,71.33
2828,M,Cadre,0,Paris,Prive,0.07421605044887059,12,89.97
2829,M,Agriculteur,0,Paris,Prive,0.33390675964955274,12,64.56
2830,F,Cadre,0,Nancy,Prive,0.49369064639501387,12,81.06
2831,M,Retraite,0,Lille,Prive,0.7238636714594354,11,82.37
2832,M,Employe,0,Paris,Prive,0.35236216163709677,10,67.68
2833,F,Agriculteur,0,Nantes,Prive,0.5383229382190055,12,59.41
2834,M,Professions_intermediaires,0,Lille,Public,0.15976143660242587,10,64.77
2835,F,Retraite,0,Toulouse,Prive,0.33991956720460165,10,58.72
2836,M,Employe,1,Toulouse,Public,0.010534099798397978,13,66.975
2837,M,Employe,0,Lille,Public,0.9468248477755301,10,69.64
2838,M,Retraite,0,Bordeaux,Public,0.5395984375591282,12,58.85
2839,F,Retraite,0,Nancy,Prive,0.5332822862539596,11,73.53
2840,M,Agriculteur,0,Marseille,Public,0.6070439368010769,10,67.71
2841,F,Cadre,0,Lille,Public,1.0064714467991895,13,97.42
2842,M,Cadre,0,Marseille,Public,0.4129451709330631,12,90.79
2843,M,Professions_intermediaires,0,Toulouse,Prive,0.30384512130428265,11,67.0
2844,F,Agriculteur,0,Nantes,Public,0.9000362953079244,13,67.48
2845,F,Employe,0,Nancy,Prive,0.2538227972929987,11,71.58
2846,F,Ouvrier,0,Nantes,Prive,0.759625426630774,11,63.79
2847,M,Ouvrier,1,Lille,Public,0.48523608551907815,10,55.71
2848,F,Cadre,0,Bordeaux,Prive,0.5866694413262941,13,96.49
2849,F,Agriculteur,0,Lyon,Prive,0.21265739134205885,13,67.94
2850,F,Cadre,0,Nantes,Prive,1.0187153432495808,13,98.95
2851,F,Professions_intermediaires,0,Nancy,Public,0.423553885397413,10,83.92
2852,F,Cadre,0,Lyon,Prive,0.35972938593255077,11,84.66
2853,F,Employe,0,Paris,Public,0.6096741714259893,13,51.37
2854,F,Agriculteur,0,Lille,Prive,0.3710071846983563,13,65.75
2855,M,Agriculteur,0,Paris,Prive,0.5848919693447244,10,75.01
2856,F,Retraite,0,Toulouse,Public,0.2478036733622705,11,50.91
2857,M,Agriculteur,0,Lille,Public,0.529121667580359,12,91.97
2858,M,Cadre,0,Nantes,Public,0.3793668983246043,10,80.03
2859,M,Agriculteur,0,Nantes,Prive,0.3433366926579737,11,69.61
2860,F,Cadre,0,Bordeaux,Prive,0.31173497170703923,13,91.91
2861,F,Retraite,1,Toulouse,Public,0.6771727728073967,13,54.84
2862,M,Professions_intermediaires,0,Marseille,Prive,0.42992048542973543,10,71.5
2863,M,Retraite,0,Lille,Prive,0.46322288638025066,12,66.8
2864,M,Employe,0,Nancy,Public,0.5854131769477132,10,67.14
2865,F,Ouvrier,1,Toulouse,Public,0.7280314668884159,12,45.67
2866,F,Ouvrier,0,Lille,Prive,0.315349265500861,12,47.11
2867,F,Professions_intermediaires,0,Marseille,Prive,0.5441285100701756,12,74.13
2868,F,Retraite,0,Paris,Public,0.3180692461784732,12,50.67
2869,M,Professions_intermediaires,0,Nancy,Prive,0.45829716032151935,11,73.04
2870,F,Agriculteur,0,Toulouse,Public,0.7130173842732266,10,70.52
2871,F,Cadre,1,Nancy,Prive,0.03078932894518216,13,66.975
2872,M,Retraite,1,Nancy,Prive,0.3154242097956307,13,26.48
2873,M,Retraite,0,Bordeaux,Prive,0.45373486267803154,11,54.63
2874,F,Employe,0,Marseille,Prive,0.576124684552203,10,61.89
2875,F,Retraite,0,Marseille,Public,0.7439504713845722,12,70.73
2876,M,Ouvrier,0,Marseille,Public,0.1605438315010123,10,50.33
2877,M,Professions_intermediaires,0,Lille,Prive,0.7830959433184321,13,90.1
2878,M,Cadre,1,Bordeaux,Public,0.6041582212530104,12,66.67
2879,M,Employe,0,Toulouse,Prive,0.4518743746775857,13,65.94
2880,M,Retraite,0,Lille,Prive,0.2061929314499913,13,48.04
2881,F,Professions_intermediaires,0,Nantes,Prive,0.3855127151626702,13,70.38
2882,F,Ouvrier,0,Nancy,Prive,0.7050385846413012,11,54.0
2883,M,Ouvrier,0,Nantes,Public,0.5052848162054818,13,64.56
2884,F,Ouvrier,0,Lille,Public,0.46383862133696735,11,68.18
2885,F,Employe,0,Nancy,Public,0.305703852480528,11,50.66
2886,F,Ouvrier,0,Paris,Public,0.6469274481864213,13,65.13
2887,M,Employe,0,Toulouse,Public,0.4700580590516631,11,65.4
2888,F,Agriculteur,0,Lyon,Prive,0.45267556686994664,11,79.3
2889,F,Retraite,1,Bordeaux,Prive,0.4809530845253688,12,36.08
2890,F,Agriculteur,0,Paris,Public,0.37095017741405406,12,59.82
2891,F,Cadre,0,Toulouse,Prive,0.33694025814765594,12,66.975
2892,M,Agriculteur,0,Toulouse,Prive,0.19609482886483748,12,56.92
2893,F,Retraite,1,Toulouse,Public,0.37610584999099217,11,38.86
2894,M,Ouvrier,0,Bordeaux,Public,0.13996789898062917,13,48.0
2895,F,Retraite,0,Nancy,Prive,0.5971402415245662,13,72.34
2896,M,Agriculteur,1,Lyon,Public,0.3664732641431123,13,55.29
2897,M,Cadre,1,Nantes,Public,0.42153971473541785,11,61.53
2898,M,Cadre,0,Toulouse,Prive,0.4925730696516162,10,81.4
2899,M,Cadre,0,Lyon,Public,0.3395616778005546,10,86.45
2900,F,Ouvrier,0,Bordeaux,Public,0.26499923066750103,13,58.19
2901,M,Employe,0,Toulouse,Public,0.544365266943439,10,69.41
2902,M,Employe,0,Bordeaux,Prive,0.8778020105580262,12,85.51
2903,M,Ouvrier,1,Nantes,Public,0.6820273680547763,11,66.975
2904,M,Professions_intermediaires,0,Bordeaux,Public,0.7559740268625075,13,77.26
2905,M,Cadre,0,Lille,Public,0.2403126499086528,13,69.46
2906,M,Employe,0,Nancy,Public,0.4617074028785497,10,61.33
2907,M,Employe,0,Toulouse,Prive,0.46039922007958645,11,54.65
2908,M,Retraite,0,Lille,Prive,0.7856849042485023,13,66.88
2909,F,Agriculteur,0,Nancy,Prive,0.6833653089420039,11,76.87
2910,F,Cadre,1,Bordeaux,Public,0.4671726165938264,13,41.1
2911,F,Agriculteur,0,Marseille,Prive,0.04232749121120116,12,56.49
2912,F,Cadre,0,Lille,Prive,0.2682385378276946,13,79.59
2913,F,Employe,0,Lille,Public,0.6265895672885471,10,68.8
2914,F,Agriculteur,1,Lille,Public,0.4358521594786883,13,33.01
2915,F,Agriculteur,0,Toulouse,Prive,0.4779579453813833,10,77.62
2916,F,Professions_intermediaires,0,Nantes,Prive,0.6227263990733656,10,86.68
2917,M,Professions_intermediaires,0,Bordeaux,Public,0.7263615451545377,10,89.27
2918,M,Ouvrier,0,Paris,Prive,0.34423487107228556,13,51.55
2919,M,Professions_intermediaires,0,Lille,Public,0.6183308488709809,10,78.16
2920,F,Professions_intermediaires,0,Nancy,Public,0.8222901014720401,12,76.02
2921,F,Cadre,0,Nancy,Public,0.7855947167058863,11,82.13
2922,M,Employe,1,Toulouse,Public,0.3938364597850749,12,34.54
2923,F,Retraite,1,Nantes,Public,0.558975232542396,12,48.6
2924,M,Cadre,0,Paris,Prive,0.6501502957276744,11,94.83
2925,F,Employe,1,Toulouse,Prive,0.5040300803014135,13,60.17
2926,F,Agriculteur,0,Nancy,Prive,0.4501613896107843,11,67.96
2927,M,Cadre,0,Lyon,Prive,0.15390818475495283,10,70.25
2928,F,Professions_intermediaires,1,Lyon,Public,0.32698468856628904,12,50.82
2929,F,Professions_intermediaires,0,Nancy,Prive,0.3609344481872265,10,81.18
2930,M,Cadre,0,Nancy,Prive,0.247724713995153,11,93.05
2931,F,Ouvrier,0,Nantes,Public,0.5218996981646152,12,72.58
2932,M,Employe,0,Nantes,Prive,0.6733115975764798,13,80.52
2933,F,Retraite,0,Paris,Prive,0.41615494722587026,12,75.91
2934,F,Professions_intermediaires,1,Toulouse,Public,0.05925931265198947,12,46.47
2935,M,Cadre,0,Nantes,Prive,0.4763254133303676,12,86.02
2936,F,Employe,0,Lille,Prive,0.5547973150478857,11,79.25
2937,M,Agriculteur,0,Paris,Prive,0.5412734500016552,13,73.54
2938,M,Retraite,0,Nantes,Public,0.3557711520339164,10,68.63
2939,M,Agriculteur,0,Lyon,Prive,0.2590011521977509,10,57.23
2940,F,Professions_intermediaires,0,Nantes,Prive,0.6772799417812148,10,91.99
2941,M,Cadre,0,Toulouse,Public,0.570345697115319,12,81.06
2942,M,Retraite,0,Paris,Prive,0.3637534778843895,11,71.01
2943,M,Retraite,0,Lyon,Public,0.1997631695596202,10,56.59
2944,F,Cadre,0,Lille,Prive,0.5445213507074601,10,81.68
2945,M,Retraite,0,Nantes,Prive,0.3204909148353966,12,42.11
2946,F,Agriculteur,1,Paris,Prive,0.5765384367760683,12,49.22
2947,M,Retraite,0,Lille,Public,0.5315672877390529,12,53.47
2948,F,Ouvrier,0,Nantes,Public,0.9153816674645237,12,62.33
2949,M,Ouvrier,0,Nancy,Prive,0.484419546071573,12,64.24
2950,M,Employe,1,Paris,Prive,0.9001517806461111,13,42.14
2951,F,Agriculteur,1,Toulouse,Public,0.51638256295172,12,60.93
2952,M,Ouvrier,0,Lyon,Prive,0.36661465529826404,12,79.75
2953,M,Ouvrier,0,Marseille,Public,0.28890360811834953,11,51.01
2954,F,Ouvrier,0,Marseille,Public,0.32459413948628346,12,68.48
2955,F,Employe,1,Bordeaux,Public,0.5858159825890519,10,37.81
2956,M,Retraite,0,Bordeaux,Public,0.5258319363302486,10,68.17
2957,F,Agriculteur,0,Lyon,Public,0.13227206398274077,13,64.61
2958,F,Agriculteur,1,Lille,Public,0.7040327615738975,13,81.66
2959,M,Employe,0,Bordeaux,Prive,0.795381309802005,11,70.15
2960,F,Professions_intermediaires,0,Bordeaux,Prive,0.13024215764727098,11,71.53
2961,M,Agriculteur,0,Nantes,Prive,0.7024049228786438,12,70.79
2962,F,Professions_intermediaires,1,Bordeaux,Public,0.836618565907105,12,59.56
2963,M,Retraite,0,Nantes,Prive,0.1407875136076932,10,54.85
2964,F,Professions_intermediaires,1,Marseille,Public,0.40654772161582287,12,51.75
2965,M,Employe,0,Bordeaux,Public,0.3300907946397925,10,57.56
2966,M,Professions_intermediaires,0,Lille,Prive,0.6947793262358469,10,80.7
2967,F,Retraite,1,Nantes,Public,0.4170623103700684,11,35.61
2968,F,Agriculteur,0,Toulouse,Prive,0.40908752371598245,12,63.91
2969,M,Cadre,0,Bordeaux,Public,0.5842532186535503,11,100.0
2970,M,Professions_intermediaires,0,Lille,Public,0.8119238517606527,13,79.82
2971,M,Retraite,0,Bordeaux,Prive,0.48767095385250203,11,71.71
2972,F,Agriculteur,0,Nantes,Prive,0.4058532231192036,12,66.74
2973,M,Professions_intermediaires,0,Lille,Public,0.44312942085217394,12,79.66
2974,M,Employe,1,Marseille,Prive,0.6316288962708423,11,48.32
2975,F,Retraite,1,Marseille,Public,0.23372343704609178,11,16.37
2976,F,Retraite,1,Marseille,Prive,0.49671234498642564,11,45.15
2977,F,Ouvrier,0,Marseille,Public,0.31245279279208404,11,48.36
2978,M,Ouvrier,1,Bordeaux,Public,0.25940048670358057,10,32.01
2979,F,Ouvrier,1,Toulouse,Public,0.11106426290045701,12,39.14
2980,F,Cadre,0,Lille,Public,0.3970018405195889,10,99.58
2981,M,Ouvrier,1,Bordeaux,Prive,0.7157456350028673,10,32.07
2982,F,Retraite,0,Bordeaux,Public,0.10332377903612805,13,54.62
2983,M,Retraite,1,Lille,Prive,0.6085437052265108,12,46.54
2984,M,Employe,0,Nantes,Public,0.37023294995901146,11,64.59
2985,M,Agriculteur,0,Paris,Public,0.287321014811171,12,63.82
2986,M,Ouvrier,0,Lille,Public,0.5687751318960875,10,66.58
2987,M,Agriculteur,0,Lille,Public,0.7621133972988572,11,69.83
2988,M,Cadre,0,Marseille,Prive,0.7995986408068188,11,88.8
2989,M,Ouvrier,0,Lyon,Public,0.5567398427591128,11,64.8
2990,F,Cadre,1,Nancy,Prive,0.4859430940443463,11,58.9
2991,F,Agriculteur,0,Lille,Prive,0.5783106590680773,11,65.9
2992,M,Retraite,0,Nancy,Prive,0.9953924555230503,11,74.3
2993,F,Ouvrier,0,Nancy,Public,0.44146400891454285,11,54.89
2994,M,Retraite,0,Lyon,Prive,0.7269874531031066,10,60.19
2995,M,Employe,0,Lille,Prive,0.38152546830874057,10,66.975
2996,M,Cadre,0,Nantes,Prive,0.3338742024505511,11,79.95
2997,F,Ouvrier,0,Paris,Prive,0.8537800710836576,12,81.62
2998,F,Retraite,0,Marseille,Prive,0.5005314660940358,13,69.04
2999,F,Agriculteur,1,Lille,Prive,0.5449132988717049,13,41.92
3000,M,Professions_intermediaires,0,Bordeaux,Public,0.609389589968371,11,90.34
3001,M,Agriculteur,0,Toulouse,Prive,0.32147022237563905,12,59.56
3002,M,Retraite,0,Nancy,Prive,0.41234537009851374,11,76.36
3003,M,Ouvrier,1,Lyon,Prive,0.3715906281525729,10,36.51
3004,M,Employe,0,Nantes,Prive,0.566435583715925,12,70.86
3005,M,Ouvrier,1,Bordeaux,Public,0.5733270389470599,10,38.32
3006,F,Cadre,0,Nancy,Public,0.3798976387665339,10,80.17
3007,M,Cadre,1,Nancy,Prive,0.9055532489611755,13,85.36
3008,F,Ouvrier,0,Nancy,Public,0.4945242825852511,13,66.975
3009,M,Professions_intermediaires,0,Toulouse,Prive,0.5205563441342,12,82.94
3010,M,Ouvrier,0,Lyon,Prive,0.7686985201062146,12,66.34
3011,F,Agriculteur,0,Toulouse,Public,0.3250143960964978,12,64.61
3012,M,Agriculteur,1,Nantes,Public,0.39582563880184907,12,51.32
3013,F,Agriculteur,0,Paris,Public,0.5571009079298961,12,66.975
3014,M,Ouvrier,0,Toulouse,Prive,0.20486917749193717,10,46.42
3015,F,Retraite,0,Nantes,Public,0.45250943174583697,13,57.63
3016,F,Professions_intermediaires,0,Nancy,Public,0.9101753552249737,10,89.74
3017,M,Retraite,1,Paris,Prive,0.8657972438933521,12,32.16
3018,F,Agriculteur,0,Nantes,Prive,0.6794432585810481,13,76.83
3019,M,Professions_intermediaires,0,Paris,Public,0.7365504898774029,10,66.26
3020,M,Ouvrier,0,Toulouse,Public,0.5986761924315988,10,66.975
3021,F,Agriculteur,1,Paris,Public,0.41369696974853126,11,59.65
3022,F,Cadre,1,Marseille,Public,0.8287153543495795,11,64.78
3023,F,Retraite,0,Toulouse,Prive,0.3102351120052386,10,66.04
3024,F,Agriculteur,0,Marseille,Prive,0.6936923522651218,12,83.88
3025,F,Ouvrier,1,Lille,Public,0.3981621755983447,13,34.08
3026,M,Retraite,1,Nancy,Public,0.41020516762528403,10,36.2
3027,F,Ouvrier,0,Marseille,Prive,0.6077321811361464,13,66.975
3028,M,Employe,0,Marseille,Public,0.9067951709163056,12,87.2
3029,F,Employe,0,Toulouse,Prive,0.7857322530857116,11,95.33
3030,M,Retraite,0,Marseille,Public,0.5677521672114751,12,58.83
3031,M,Ouvrier,0,Nantes,Prive,0.5125745212982894,10,66.11
3032,F,Retraite,1,Lyon,Public,0.6562952318787788,13,44.62
3033,M,Employe,0,Bordeaux,Prive,0.7730327263971617,10,62.85
3034,F,Professions_intermediaires,1,Toulouse,Public,0.1478884934020293,10,45.65
3035,F,Ouvrier,0,Marseille,Prive,0.4745980022326295,12,58.86
3036,M,Cadre,0,Toulouse,Public,0.28951322652779254,10,80.15
3037,M,Professions_intermediaires,0,Paris,Prive,0.4562640042671888,10,76.81
3038,F,Agriculteur,0,Nancy,Public,0.2484190772692682,11,66.06
3039,F,Retraite,1,Bordeaux,Public,0.1387863366275593,12,48.49
3040,F,Agriculteur,0,Nancy,Prive,0.2361497500957906,11,80.6
3041,F,Professions_intermediaires,0,Paris,Prive,0.38929840090511714,13,73.2
3042,F,Employe,1,Nancy,Prive,0.6173090211623549,13,46.65
3043,F,Employe,0,Paris,Prive,0.3372200676527437,11,63.12
3044,M,Retraite,0,Marseille,Public,0.32685907151183813,12,58.12
3045,F,Professions_intermediaires,1,Bordeaux,Public,0.5791433144795618,12,51.92
3046,M,Retraite,0,Lille,Prive,0.5573577826364371,11,51.77
3047,M,Cadre,0,Lille,Prive,0.840437188242811,11,79.36
3048,M,Cadre,0,Nancy,Prive,0.6869372502709532,10,94.27
3049,F,Agriculteur,0,Lyon,Prive,0.2948200877819635,13,71.73
3050,M,Agriculteur,0,Nantes,Prive,0.3658865838478307,12,67.98
3051,M,Employe,1,Marseille,Prive,0.6492960620185291,11,48.11
3052,F,Professions_intermediaires,0,Nancy,Prive,0.3226898224598351,10,67.05
3053,M,Employe,1,Lyon,Prive,0.4351318947232373,10,33.22
3054,F,Agriculteur,0,Marseille,Public,0.15790980719078213,10,56.11
3055,M,Ouvrier,0,Toulouse,Prive,0.23867535129191525,11,47.66
3056,F,Agriculteur,0,Bordeaux,Public,0.7518761593894361,12,62.31
3057,M,Retraite,0,Lille,Prive,0.5334385712959974,13,66.69
3058,F,Ouvrier,0,Lyon,Prive,0.3741981326517041,12,52.08
3059,F,Professions_intermediaires,1,Nancy,Prive,0.4022998116565005,10,53.71
3060,F,Ouvrier,1,Lille,Prive,0.8430599828950909,10,35.73
3061,F,Cadre,0,Paris,Public,0.3686370169911285,12,87.9
3062,F,Cadre,0,Nancy,Public,0.5946732371073421,12,91.45
3063,F,Professions_intermediaires,1,Nantes,Public,0.6742919877784862,10,54.71
3064,F,Retraite,0,Paris,Public,0.7889941484080152,12,84.22
3065,M,Cadre,0,Bordeaux,Prive,0.32978739700119175,10,79.53
3066,M,Cadre,0,Toulouse,Public,0.22011144435079516,12,66.975
3067,M,Ouvrier,0,Nancy,Public,0.2792652128376222,13,41.09
3068,M,Retraite,0,Bordeaux,Public,0.6462061305318942,10,60.17
3069,F,Employe,1,Lyon,Public,0.8983810653411455,11,51.41
3070,F,Cadre,0,Paris,Prive,0.6531585412967549,13,95.91
3071,F,Ouvrier,0,Marseille,Public,0.3681006999987617,12,67.27
3072,F,Employe,1,Marseille,Public,0.7375651268181032,12,48.59
3073,F,Professions_intermediaires,0,Marseille,Public,0.40618072772214814,13,74.97
3074,M,Retraite,0,Lille,Prive,0.33365873389273876,11,68.05
3075,M,Employe,0,Bordeaux,Public,0.43371378165440716,12,62.48
3076,M,Professions_intermediaires,0,Marseille,Prive,0.38377533439157513,11,58.28
3077,F,Retraite,0,Nancy,Public,0.35962065984757086,13,68.81
3078,M,Cadre,0,Lyon,Public,0.7443515128553017,11,93.2
3079,F,Employe,0,Lyon,Prive,0.39684513234994395,10,68.85
3080,F,Ouvrier,1,Paris,Prive,0.18254193491762433,13,66.975
3081,F,Retraite,1,Toulouse,Prive,0.6171740756096789,11,57.45
3082,M,Ouvrier,0,Nancy,Public,0.3090734539273699,12,61.39
3083,F,Employe,1,Nancy,Public,0.3155208451248389,11,66.975
3084,F,Ouvrier,0,Nancy,Public,0.6402480291587237,11,50.97
3085,F,Agriculteur,1,Lyon,Public,0.3549144527416236,10,66.975
3086,F,Cadre,0,Bordeaux,Prive,0.40943053318208733,10,84.1
3087,F,Agriculteur,0,Nancy,Prive,0.5084351985124258,10,70.95
3088,F,Professions_intermediaires,1,Lille,Public,0.44273158028892345,11,69.46
3089,F,Ouvrier,0,Lyon,Public,0.41415650128832404,13,67.87
3090,F,Employe,0,Paris,Prive,0.031411721816351046,10,56.53
3091,F,Ouvrier,0,Toulouse,Prive,0.4654274391273971,12,54.11
3092,F,Ouvrier,0,Lyon,Public,0.8226909280291934,12,74.4
3093,M,Cadre,0,Lyon,Public,0.6259288097580559,12,90.93
3094,F,Employe,0,Lyon,Prive,0.4248997444057008,12,64.91
3095,M,Ouvrier,0,Bordeaux,Prive,0.594035994008043,13,37.45
3096,M,Cadre,0,Toulouse,Prive,0.625472210375991,11,78.13
3097,F,Cadre,0,Nantes,Public,0.3315878146362379,12,89.42
3098,F,Retraite,0,Paris,Prive,0.7514349488836678,13,59.4
3099,F,Professions_intermediaires,0,Lille,Public,0.5326149004932311,12,81.43
3100,F,Cadre,0,Toulouse,Prive,0.43753405709380766,13,88.12
3101,F,Cadre,0,Nancy,Prive,0.8180874044031812,13,83.58
3102,F,Ouvrier,0,Nantes,Prive,0.08633385289467621,11,60.5
3103,F,Cadre,0,Toulouse,Prive,0.2648381323052794,13,79.61
3104,F,Professions_intermediaires,0,Lyon,Public,0.6283204928078585,11,76.99
3105,M,Ouvrier,0,Lyon,Public,0.6348167897844301,13,52.62
3106,F,Retraite,0,Lille,Public,0.8293579726926255,10,84.42
3107,M,Professions_intermediaires,0,Paris,Prive,0.04880367933977081,13,53.34
3108,F,Agriculteur,0,Lille,Prive,0.6717398336960305,13,62.45
3109,M,Employe,0,Bordeaux,Public,0.2509301998365758,11,62.79
3110,F,Retraite,1,Nancy,Prive,0.5837799626524925,10,38.52
3111,M,Cadre,0,Marseille,Prive,0.48699661272389555,12,100.0
3112,M,Retraite,1,Nantes,Prive,0.669979997953523,12,38.85
3113,F,Professions_intermediaires,0,Paris,Public,0.4529251563507101,11,81.6
3114,M,Professions_intermediaires,0,Bordeaux,Public,0.702203184959991,12,93.23
3115,F,Employe,0,Lyon,Prive,0.3343831552218584,12,71.3
3116,F,Retraite,0,Marseille,Public,0.4837111688846351,11,58.34
3117,M,Employe,0,Paris,Prive,0.5385570121824562,11,66.975
3118,M,Ouvrier,0,Nancy,Public,0.835340252226102,10,79.58
3119,F,Cadre,0,Lyon,Prive,0.6665897497688335,12,75.67
3120,M,Retraite,0,Paris,Public,0.5408720081635531,12,74.78
3121,M,Retraite,0,Marseille,Prive,0.6279612497018847,13,71.24
3122,M,Retraite,0,Toulouse,Prive,0.7172309935364204,11,85.79
3123,F,Professions_intermediaires,0,Lille,Prive,0.5749073306490682,10,81.0
3124,M,Retraite,0,Nantes,Prive,0.2949513209685065,10,60.86
3125,F,Cadre,0,Toulouse,Prive,0.6256750261284765,13,94.42
3126,M,Cadre,0,Nancy,Prive,0.49433712568443433,13,72.72
3127,M,Employe,0,Nantes,Prive,0.4294021591354159,13,58.11
3128,M,Agriculteur,0,Toulouse,Public,0.3429524081277063,11,65.17
3129,M,Employe,1,Nantes,Prive,0.6158664482931661,13,44.84
3130,M,Employe,0,Bordeaux,Prive,0.6024001650776493,12,63.75
3131,F,Cadre,0,Bordeaux,Prive,0.30888679131126034,10,99.64
3132,F,Professions_intermediaires,0,Lille,Public,0.27877751407544316,11,66.975
3133,M,Employe,0,Toulouse,Public,0.8783247328437239,13,52.45
3134,F,Cadre,0,Paris,Public,0.6721255518252369,10,89.65
3135,M,Employe,1,Nancy,Public,0.5173447226109492,12,36.66
3136,F,Professions_intermediaires,0,Marseille,Prive,0.6212490344263684,10,88.52
3137,M,Agriculteur,0,Paris,Prive,0.40645336193191434,12,67.95
3138,F,Agriculteur,1,Lyon,Prive,0.4655205365350228,11,61.93
3139,F,Ouvrier,0,Nancy,Public,0.5042936186897191,10,53.84
3140,F,Cadre,0,Lille,Public,0.6928605585712551,10,81.19
3141,F,Professions_intermediaires,0,Marseille,Prive,0.21733473501850709,10,67.31
3142,F,Employe,0,Nancy,Public,0.2959483740722708,13,58.64
3143,F,Ouvrier,1,Lyon,Public,0.25505168675057077,13,35.28
3144,M,Employe,0,Lyon,Public,0.6706235214196372,10,81.44
3145,M,Agriculteur,0,Nantes,Prive,0.4798172673002862,11,71.76
3146,M,Professions_intermediaires,0,Nancy,Prive,0.31672450290258003,10,67.3
3147,M,Ouvrier,0,Lyon,Public,0.4556958247930256,12,59.51
3148,M,Agriculteur,1,Nancy,Public,0.3736389231362258,13,30.98
3149,M,Employe,1,Nancy,Prive,0.21309308761637086,12,23.11
3150,F,Agriculteur,1,Paris,Prive,0.752070190954321,13,65.95
3151,M,Professions_intermediaires,0,Marseille,Prive,0.47013138342064764,13,66.49
3152,F,Ouvrier,0,Nantes,Public,0.7566898354609353,13,80.05
3153,F,Cadre,0,Marseille,Prive,0.21024427625455044,11,76.37
3154,M,Agriculteur,0,Bordeaux,Prive,0.6008551253731524,10,71.43
3155,F,Cadre,0,Nancy,Public,0.2114990644001976,11,86.63
3156,M,Agriculteur,0,Paris,Prive,0.9890763520068699,10,87.29
3157,M,Agriculteur,0,Lille,Public,0.15410839039980517,11,55.76
3158,M,Ouvrier,0,Lille,Prive,0.8592018401955517,12,68.54
3159,M,Retraite,1,Bordeaux,Prive,0.49603514158286305,10,43.75
3160,M,Cadre,0,Lyon,Public,0.46345140088733494,13,86.6
3161,F,Agriculteur,0,Nantes,Public,0.6178681773795971,13,73.83
3162,M,Cadre,0,Paris,Public,0.3123953415387366,11,73.3
3163,F,Professions_intermediaires,1,Nancy,Public,0.6570216139012416,11,60.3
3164,F,Cadre,0,Toulouse,Public,0.6716677844679949,13,76.11
3165,F,Retraite,0,Bordeaux,Prive,0.5023823896088503,13,65.58
3166,F,Ouvrier,0,Lyon,Public,0.5500104374326856,13,63.67
3167,M,Retraite,1,Lille,Public,0.8859290310829488,11,43.67
3168,F,Employe,0,Nancy,Public,0.6302355514278019,11,68.83
3169,M,Retraite,0,Marseille,Prive,0.34355886955025167,12,55.94
3170,M,Ouvrier,0,Marseille,Public,0.6501065967644295,12,58.85
3171,M,Ouvrier,0,Bordeaux,Public,0.39241320779022526,10,64.45
3172,M,Ouvrier,0,Lyon,Prive,0.35368975871444586,10,60.94
3173,F,Professions_intermediaires,1,Marseille,Public,0.6025295532899104,10,66.41
3174,F,Employe,1,Lille,Prive,0.29812797238936906,11,62.76
3175,M,Professions_intermediaires,0,Lille,Public,0.5092788646864749,11,84.08
3176,M,Agriculteur,0,Marseille,Prive,0.6347504577868528,10,57.14
3177,M,Ouvrier,0,Nancy,Public,0.8819420896296182,10,62.5
3178,F,Professions_intermediaires,0,Toulouse,Public,0.6276668496862681,11,90.39
3179,F,Agriculteur,1,Lyon,Prive,0.20600627846517222,13,39.48
3180,F,Cadre,1,Marseille,Prive,0.23724244414971463,10,55.57
3181,F,Retraite,0,Paris,Prive,0.8452689695795186,12,76.1
3182,F,Professions_intermediaires,0,Nantes,Prive,0.3731491853601181,12,70.15
3183,M,Ouvrier,0,Lyon,Public,0.19670691858516792,12,68.71
3184,F,Professions_intermediaires,1,Lyon,Prive,0.2990461470354499,13,49.63
3185,M,Cadre,0,Bordeaux,Public,0.6588260819878164,11,100.0
3186,M,Ouvrier,0,Lyon,Public,0.522567950076296,10,55.46
3187,M,Retraite,0,Lille,Public,0.6294669101671543,10,60.93
3188,F,Employe,0,Lille,Prive,0.49339886354353535,11,60.84
3189,F,Ouvrier,0,Toulouse,Prive,0.27942930241938435,12,49.56
3190,M,Employe,1,Lyon,Public,0.14255005216272293,12,45.65
3191,F,Agriculteur,1,Lyon,Prive,0.33308254691031225,13,33.73
3192,M,Professions_intermediaires,0,Nantes,Public,0.5243535397902949,10,65.5
3193,M,Agriculteur,0,Toulouse,Prive,0.26328967475034726,12,67.47
3194,F,Cadre,0,Nancy,Public,0.6965804136066683,11,70.3
3195,M,Ouvrier,0,Paris,Prive,0.2999863187956062,12,42.35
3196,F,Cadre,0,Nantes,Public,0.1696059351247733,10,77.76
3197,F,Employe,0,Nancy,Public,0.5001323479641783,10,66.975
3198,M,Professions_intermediaires,0,Paris,Prive,0.6521444789707252,12,74.32
3199,M,Employe,1,Paris,Prive,0.7985121127547151,11,57.49
3200,F,Retraite,0,Lille,Prive,0.17764055108310428,13,50.66
3201,M,Cadre,1,Paris,Prive,0.784737974861487,12,83.89
3202,M,Employe,0,Marseille,Prive,0.5370666574966932,11,76.01
3203,M,Retraite,0,Paris,Public,0.375799134081814,11,53.94
3204,F,Professions_intermediaires,0,Paris,Prive,0.6361625446508725,12,76.8
3205,F,Employe,0,Nantes,Public,0.7710769904178645,11,56.78
3206,M,Cadre,0,Nantes,Prive,0.1641862724386957,12,84.98
3207,M,Employe,1,Marseille,Prive,0.41381362047356585,12,33.59
3208,M,Agriculteur,1,Lyon,Prive,0.39106498804549694,13,40.76
3209,F,Professions_intermediaires,0,Lyon,Public,0.6251976226275152,11,75.62
3210,F,Agriculteur,0,Marseille,Prive,0.7920058855987699,12,63.54
3211,M,Retraite,0,Nantes,Public,0.5146800013350998,11,56.83
3212,F,Agriculteur,0,Nancy,Public,0.44156228119002067,10,71.57
3213,F,Cadre,0,Toulouse,Public,0.5890721653503049,10,82.98
3214,M,Employe,0,Paris,Public,0.45310460798316265,10,73.81
3215,M,Professions_intermediaires,1,Paris,Prive,0.06608994916139421,11,51.13
3216,F,Cadre,1,Lyon,Public,0.6034054999508875,10,60.14
3217,F,Employe,0,Lyon,Prive,0.6971351633980887,10,66.975
3218,F,Agriculteur,0,Toulouse,Prive,0.7147393038287854,10,70.15
3219,M,Retraite,0,Nantes,Prive,0.26880111397794404,10,55.28
3220,F,Cadre,0,Toulouse,Prive,0.6214316258443557,12,100.0
3221,M,Agriculteur,0,Marseille,Public,0.8065534921973565,13,76.47
3222,F,Retraite,0,Nancy,Public,1.0061234196101765,11,61.7
3223,M,Ouvrier,0,Paris,Public,0.5957864662425352,12,56.21
3224,M,Cadre,1,Bordeaux,Prive,0.6967721910820708,12,64.17
3225,M,Agriculteur,0,Paris,Public,0.30147506554858594,12,67.44
3226,M,Cadre,0,Marseille,Prive,0.27532009118102263,10,95.28
3227,M,Agriculteur,0,Lille,Prive,0.6974663342302012,11,79.43
3228,F,Cadre,0,Toulouse,Public,0.09282303453365015,13,75.62
3229,M,Ouvrier,0,Bordeaux,Public,0.5310697250166212,10,53.03
3230,M,Cadre,0,Marseille,Prive,0.7861197839639998,10,100.0
3231,M,Cadre,0,Nantes,Public,0.6425172576159175,12,84.46
3232,F,Retraite,0,Marseille,Prive,0.6412138681981581,12,55.82
3233,M,Ouvrier,0,Lyon,Public,0.4901058165918449,12,63.0
3234,F,Ouvrier,0,Paris,Public,0.4180226364387363,12,48.57
3235,M,Ouvrier,0,Marseille,Prive,0.9309550645452882,11,75.42
3236,M,Professions_intermediaires,0,Nancy,Public,0.7467288310706466,12,75.88
3237,F,Retraite,0,Paris,Prive,0.6692513871933625,13,66.47
3238,M,Professions_intermediaires,0,Lyon,Prive,0.5055691401983968,10,49.41
3239,M,Agriculteur,0,Marseille,Prive,0.3831761269783126,12,75.13
3240,F,Retraite,0,Bordeaux,Public,0.7159270559150749,12,59.64
3241,F,Professions_intermediaires,0,Nancy,Public,0.4386233727562754,11,67.65
3242,F,Professions_intermediaires,0,Paris,Public,0.5157411928392839,13,77.56
3243,M,Employe,0,Paris,Public,0.6231385045829355,10,68.4
3244,M,Retraite,0,Paris,Prive,0.5418933223530713,13,85.59
3245,M,Agriculteur,0,Marseille,Public,0.8099989111766521,12,59.3
3246,M,Retraite,0,Marseille,Public,0.23600883366420777,10,54.74
3247,M,Retraite,0,Paris,Prive,0.5134673144867761,11,71.37
3248,F,Cadre,0,Toulouse,Public,0.9276128673693884,11,90.92
3249,F,Ouvrier,1,Nancy,Prive,0.679410681048466,11,45.42
3250,F,Retraite,0,Bordeaux,Prive,0.46059117136205785,13,87.9
3251,F,Cadre,0,Lille,Public,0.6597641579561916,12,89.61
3252,M,Retraite,0,Bordeaux,Prive,0.49045239753925374,10,76.4
3253,F,Agriculteur,0,Lille,Public,0.7932743021463342,12,81.8
3254,F,Employe,0,Lille,Public,0.6642506112971762,12,78.75
3255,F,Cadre,1,Nantes,Public,0.3266966667666721,10,59.9
3256,F,Professions_intermediaires,0,Marseille,Public,0.5476723411566617,13,61.89
3257,F,Cadre,0,Paris,Public,0.5837251345651544,10,97.13
3258,F,Employe,0,Paris,Public,0.5936217027458665,11,75.57
3259,M,Employe,0,Nantes,Prive,0.5637498851827027,11,73.22
3260,F,Professions_intermediaires,0,Nantes,Public,0.6129489472826941,10,76.63
3261,F,Ouvrier,0,Marseille,Prive,0.5838050752881215,12,57.51
3262,F,Ouvrier,0,Bordeaux,Prive,0.3557624382256801,11,70.23
3263,M,Ouvrier,0,Toulouse,Public,0.4087050238389817,13,60.93
3264,M,Agriculteur,0,Paris,Public,0.4491667526333176,11,50.42
3265,M,Ouvrier,0,Bordeaux,Public,0.5191061253904152,13,59.94
3266,M,Cadre,0,Paris,Public,0.4498198801573068,12,80.16
3267,M,Ouvrier,0,Lyon,Public,0.720576061407733,10,41.22
3268,M,Professions_intermediaires,0,Toulouse,Prive,0.3079743641984021,11,63.04
3269,F,Ouvrier,0,Paris,Public,0.15307424012492132,11,77.23
3270,M,Ouvrier,0,Marseille,Prive,0.893368837410391,12,66.975
3271,F,Cadre,0,Nantes,Public,0.33649938929001755,12,71.52
3272,F,Agriculteur,1,Nancy,Prive,0.7200754858403897,10,32.44
3273,M,Ouvrier,0,Paris,Prive,0.6217179362329756,13,48.43
3274,F,Cadre,0,Lyon,Public,0.3435475191002336,10,65.51
3275,F,Agriculteur,0,Lille,Public,0.47340585372148714,13,58.25
3276,M,Professions_intermediaires,0,Lille,Public,0.44360918946619327,11,88.2
3277,F,Agriculteur,0,Lille,Prive,0.5712759854195418,13,79.22
3278,F,Employe,0,Nancy,Prive,0.34651454115650415,10,62.79
3279,M,Retraite,0,Toulouse,Prive,0.46469673840224446,10,78.29
3280,M,Ouvrier,0,Nantes,Prive,0.49254960874471176,13,55.55
3281,F,Professions_intermediaires,0,Lille,Prive,0.7203641621109047,10,71.75
3282,M,Cadre,0,Lyon,Prive,0.41777736619993144,11,78.29
3283,M,Ouvrier,1,Lille,Prive,0.3048694237084701,12,21.46
3284,F,Retraite,0,Nancy,Public,0.3910571493934804,10,46.13
3285,F,Agriculteur,0,Lyon,Public,0.5734058609084769,11,77.05
3286,F,Employe,0,Nantes,Prive,0.14568211128989805,12,63.69
3287,F,Ouvrier,0,Paris,Prive,0.7394630334442419,11,55.18
3288,F,Agriculteur,1,Paris,Prive,0.5039302995649846,11,53.79
3289,F,Professions_intermediaires,0,Marseille,Prive,0.5866432147942622,12,81.97
3290,F,Ouvrier,1,Nancy,Public,0.5438368708367655,13,37.02
3291,F,Retraite,0,Toulouse,Prive,0.36652763819928313,13,53.99
3292,F,Agriculteur,0,Lyon,Public,0.2835602289278178,10,66.975
3293,F,Cadre,1,Bordeaux,Prive,0.3599042364537135,12,66.45
3294,F,Employe,0,Toulouse,Public,0.19879409915673568,11,77.53
3295,F,Employe,1,Paris,Prive,0.5696505955976527,11,53.96
3296,M,Cadre,1,Nantes,Prive,0.46744934863562404,10,47.33
3297,F,Ouvrier,0,Marseille,Prive,0.19313554725438492,11,40.96
3298,M,Cadre,0,Bordeaux,Public,0.37669882171310504,12,79.33
3299,M,Employe,0,Marseille,Prive,0.6304271247711988,13,77.15
3300,M,Ouvrier,0,Nantes,Public,0.7586045641687233,12,68.58
3301,M,Ouvrier,0,Marseille,Prive,0.2432232604654146,10,48.8
3302,F,Cadre,0,Lyon,Prive,0.9322777620053577,10,79.87
3303,M,Cadre,0,Paris,Prive,0.30811733291611665,10,93.0
3304,F,Cadre,0,Nantes,Prive,0.15904741809154832,12,90.79
3305,F,Agriculteur,0,Bordeaux,Public,0.8514913006611233,12,64.57
3306,F,Professions_intermediaires,0,Nancy,Public,0.29183278737247265,13,76.9
3307,F,Employe,0,Nancy,Public,0.8047665652766927,12,77.5
3308,F,Retraite,0,Paris,Prive,0.3670207853934532,13,68.73
3309,F,Agriculteur,0,Toulouse,Prive,0.4413790903930991,13,81.87
3310,M,Cadre,0,Nantes,Public,0.23897736000558528,10,91.08
3311,M,Ouvrier,0,Marseille,Public,0.7554877655739425,13,70.18
3312,F,Retraite,0,Paris,Prive,0.7280145576564908,10,68.32
3313,M,Agriculteur,0,Nantes,Public,0.36790208569423066,12,62.4
3314,F,Cadre,0,Paris,Prive,0.4850227004284413,12,83.2
3315,F,Ouvrier,0,Bordeaux,Prive,0.6324185591074402,10,88.98
3316,M,Ouvrier,0,Nantes,Prive,0.40571719123177463,11,58.33
3317,M,Employe,0,Bordeaux,Prive,0.7728442206629309,13,80.02
3318,F,Employe,1,Paris,Prive,0.47882970522333573,12,51.78
3319,F,Employe,0,Lille,Public,0.39610397908075606,12,57.31
3320,F,Cadre,0,Paris,Prive,0.18343298729826402,13,82.84
3321,F,Ouvrier,1,Nantes,Public,0.24125745312842511,10,29.85
3322,F,Employe,0,Paris,Prive,0.6177098746058012,10,62.57
3323,M,Retraite,0,Toulouse,Public,0.547089565322721,12,70.38
3324,M,Retraite,0,Lille,Prive,0.6631419904584968,11,56.21
3325,F,Ouvrier,0,Marseille,Public,0.38743035486460603,10,66.92
3326,M,Agriculteur,0,Paris,Prive,0.17173920163197814,10,65.91
3327,F,Retraite,0,Paris,Prive,0.4007375256106135,11,74.7
3328,F,Professions_intermediaires,0,Marseille,Prive,0.9075848511738016,12,88.79
3329,F,Cadre,0,Marseille,Public,0.3070351382421305,11,72.65
3330,M,Cadre,0,Lyon,Prive,0.49271441324364806,12,93.87
3331,M,Employe,0,Toulouse,Prive,0.01728616338017569,10,66.87
3332,M,Cadre,0,Marseille,Prive,0.3960251851222017,13,89.75
3333,F,Retraite,0,Nancy,Public,0.41721293870216575,13,70.28
3334,M,Professions_intermediaires,1,Marseille,Public,0.5663692817770717,11,42.16
3335,F,Cadre,0,Marseille,Public,0.4364105667308352,11,91.8
3336,F,Ouvrier,0,Lille,Prive,0.19628333955265387,12,43.58
3337,M,Retraite,0,Nantes,Public,0.36721846807481195,10,55.48
3338,F,Ouvrier,0,Nantes,Public,0.45920548567262687,12,53.12
3339,M,Agriculteur,0,Toulouse,Public,0.30076649871818784,10,49.5
3340,M,Employe,0,Lille,Public,0.32982732242696167,12,64.85
3341,M,Employe,0,Marseille,Prive,0.7010364822651354,11,71.14
3342,F,Employe,0,Bordeaux,Prive,0.3750244122427494,11,77.7
3343,F,Cadre,0,Nantes,Prive,0.5879910171461487,12,98.28
3344,M,Agriculteur,0,Marseille,Prive,0.4646079530960501,11,68.81
3345,M,Cadre,0,Nancy,Prive,0.254007080802143,13,85.68
3346,M,Ouvrier,0,Lyon,Public,0.4334069652185214,10,57.6
3347,M,Employe,0,Toulouse,Prive,0.5581971552480293,10,67.29
3348,F,Ouvrier,0,Nancy,Prive,0.847356290628868,12,70.27
3349,F,Cadre,0,Bordeaux,Public,0.34555120120341576,12,80.75
3350,M,Retraite,0,Marseille,Public,0.4829505576778734,12,65.53
3351,F,Retraite,0,Bordeaux,Public,0.6818165515055463,11,75.47
3352,M,Retraite,0,Bordeaux,Prive,0.7521047579619919,12,58.57
3353,F,Ouvrier,0,Nantes,Public,0.37021730718985796,10,54.97
3354,M,Cadre,0,Paris,Public,0.46884145339666367,13,90.3
3355,M,Ouvrier,0,Nancy,Prive,0.7225391907702197,13,59.91
3356,F,Cadre,0,Bordeaux,Prive,0.6022902173822282,11,82.95
3357,F,Professions_intermediaires,0,Toulouse,Public,0.7066888277554265,11,89.19
3358,M,Agriculteur,0,Marseille,Prive,0.7342845947427834,10,66.49
3359,F,Cadre,0,Nancy,Public,0.6107444690434766,13,91.84
3360,M,Ouvrier,0,Toulouse,Prive,0.5287093421967164,10,61.98
3361,M,Cadre,0,Toulouse,Public,0.36580503616542637,13,66.975
3362,M,Cadre,0,Lille,Public,0.4511572983734347,10,82.33
3363,F,Professions_intermediaires,0,Toulouse,Public,0.4644278093130548,13,67.6
3364,M,Ouvrier,0,Lyon,Prive,0.7397991496989307,11,59.41
3365,F,Professions_intermediaires,0,Paris,Prive,0.5352684082220319,11,91.18
3366,M,Cadre,0,Paris,Prive,0.5371620665712913,10,80.01
3367,M,Agriculteur,1,Nancy,Public,0.30119283415852194,11,38.24
3368,F,Retraite,0,Lyon,Public,0.7408963537394238,13,66.64
3369,F,Employe,0,Paris,Prive,0.34653331592903447,12,62.69
3370,F,Agriculteur,0,Marseille,Public,0.443055274219428,11,64.57
3371,M,Ouvrier,0,Lyon,Prive,0.7618814466800795,13,70.84
3372,F,Retraite,0,Nancy,Prive,0.6773216756096112,13,70.32
3373,F,Cadre,1,Paris,Prive,0.3300444817041318,11,56.45
3374,M,Agriculteur,0,Lille,Public,0.2842351357068338,11,69.76
3375,M,Agriculteur,0,Lille,Public,0.45925394637068057,13,69.64
3376,M,Professions_intermediaires,0,Nantes,Public,0.3847181203181478,12,83.41
3377,M,Cadre,0,Lyon,Prive,0.20651813008607517,11,80.39
3378,M,Agriculteur,0,Bordeaux,Public,0.3493411634203314,12,63.53
3379,M,Cadre,1,Paris,Public,-0.04960943875308743,11,50.08
3380,F,Professions_intermediaires,1,Bordeaux,Public,0.6807949786356116,11,60.78
3381,M,Professions_intermediaires,0,Nantes,Public,0.6682074235741676,12,81.0
3382,M,Cadre,0,Marseille,Prive,0.7819383048219921,11,90.18
3383,M,Ouvrier,0,Toulouse,Prive,0.5706478971853495,12,57.59
3384,M,Employe,0,Lille,Prive,0.4103398799330583,12,70.67
3385,M,Retraite,0,Lyon,Public,0.7046806121127966,13,72.4
3386,F,Professions_intermediaires,0,Nancy,Prive,0.3597075833540551,13,72.58
3387,M,Professions_intermediaires,1,Marseille,Public,0.23469493909511996,13,54.18
3388,M,Employe,0,Lyon,Public,0.4705545809206028,12,65.66
3389,F,Agriculteur,0,Bordeaux,Prive,0.5822096648411408,11,71.42
3390,M,Cadre,1,Lille,Public,0.3376079193856053,11,66.11
3391,F,Employe,0,Nancy,Public,0.2904985606789333,10,71.1
3392,M,Ouvrier,0,Nancy,Public,0.41663128020398854,13,64.05
3393,M,Cadre,0,Nancy,Public,0.5823817111774363,13,78.93
3394,F,Professions_intermediaires,1,Lyon,Prive,0.47091413174861335,12,58.24
3395,F,Employe,0,Lyon,Prive,1.02729944575908,13,80.49
3396,M,Employe,1,Bordeaux,Prive,0.4727860124881274,12,49.93
3397,F,Employe,0,Nancy,Public,0.6501290592844411,10,88.21
3398,M,Employe,0,Lyon,Prive,0.2102497640255237,13,58.73
3399,F,Agriculteur,1,Paris,Public,0.6173785691776525,11,52.28
3400,M,Cadre,0,Lyon,Public,0.4075300228751513,12,76.9
3401,M,Cadre,0,Nancy,Prive,0.49815595540567437,12,82.23
3402,M,Ouvrier,0,Marseille,Public,0.8373608055452458,11,61.33
3403,F,Professions_intermediaires,0,Bordeaux,Prive,0.4255470693969376,11,66.975
3404,M,Retraite,0,Nancy,Prive,0.23839682451901895,12,40.64
3405,F,Agriculteur,0,Lyon,Prive,0.2695794606440624,11,58.17
3406,F,Cadre,0,Marseille,Public,0.5345786235249655,11,80.62
3407,F,Employe,0,Paris,Prive,0.5237326037508493,10,68.49
3408,M,Cadre,0,Paris,Public,0.5154195357240038,11,79.49
3409,M,Ouvrier,0,Nantes,Prive,0.24289486502510438,12,63.64
3410,F,Ouvrier,0,Toulouse,Public,0.905270044611403,12,72.46
3411,F,Agriculteur,0,Lille,Public,0.7929021116835031,11,82.62
3412,M,Retraite,0,Lyon,Public,0.5260647413264203,13,73.42
3413,F,Retraite,1,Marseille,Prive,0.19577437427081046,10,51.29
3414,F,Professions_intermediaires,0,Nancy,Public,0.8168910707663851,12,91.23
3415,M,Retraite,0,Marseille,Public,0.7273646166739062,10,61.05
3416,F,Cadre,0,Toulouse,Public,0.5205629263224202,13,93.69
3417,M,Employe,0,Paris,Public,0.7397537351720155,13,75.16
3418,M,Employe,0,Paris,Prive,0.40113554340744223,13,76.94
3419,F,Employe,0,Nantes,Public,0.30794805217712856,11,64.51
3420,F,Agriculteur,0,Lyon,Prive,0.5314737455541374,11,80.49
3421,M,Ouvrier,1,Paris,Prive,0.18945156781707473,11,34.07
3422,M,Retraite,0,Marseille,Public,0.2779737668098824,11,60.37
3423,M,Agriculteur,0,Toulouse,Prive,0.6087749031017211,10,76.39
3424,F,Cadre,0,Toulouse,Public,0.547996593409072,12,83.72
3425,M,Agriculteur,0,Nantes,Public,0.2236676244330919,10,66.89
3426,M,Ouvrier,0,Nantes,Prive,0.41820074140774843,13,44.53
3427,F,Cadre,1,Marseille,Prive,0.23238620821179584,10,63.96
3428,M,Ouvrier,1,Lyon,Prive,0.40228625336819335,11,26.4
3429,M,Ouvrier,0,Paris,Prive,0.3804243352740235,11,66.975
3430,F,Ouvrier,0,Lyon,Prive,0.6984459322928832,10,37.78
3431,F,Agriculteur,0,Paris,Public,0.46864064843267506,13,52.48
3432,M,Agriculteur,0,Paris,Public,0.45134883676870063,10,66.975
3433,F,Retraite,0,Toulouse,Prive,0.4215131138902365,13,64.41
3434,F,Retraite,0,Nancy,Prive,0.1558754002843652,12,55.66
3435,F,Retraite,1,Nantes,Public,0.4802716840278068,12,51.57
3436,M,Retraite,0,Marseille,Prive,0.5965658197910179,11,74.52
3437,F,Ouvrier,0,Marseille,Prive,0.5463189596481224,10,85.3
3438,M,Agriculteur,1,Bordeaux,Public,0.6385225775149073,12,51.44
3439,M,Agriculteur,0,Bordeaux,Public,0.6482582722073067,10,80.57
3440,M,Ouvrier,0,Bordeaux,Public,0.9396173662351222,11,62.21
3441,M,Ouvrier,1,Lyon,Public,0.2742527327309212,12,30.11
3442,F,Retraite,0,Paris,Prive,0.5469443821252314,12,59.14
3443,F,Retraite,0,Nancy,Public,0.5693570353157588,12,66.03
3444,F,Employe,0,Toulouse,Prive,0.4360405312427625,11,69.1
3445,M,Ouvrier,1,Marseille,Public,0.3735008647378245,13,46.59
3446,M,Cadre,0,Lille,Public,0.5997543315793822,11,89.31
3447,F,Ouvrier,0,Lyon,Public,0.580559073831201,12,75.3
3448,M,Agriculteur,0,Marseille,Prive,0.28938451960932604,11,75.54
3449,M,Cadre,0,Bordeaux,Prive,0.140480571282057,11,76.45
3450,F,Ouvrier,0,Nancy,Public,0.4016798753732858,12,58.4
3451,F,Retraite,0,Lyon,Prive,0.3653133619053083,13,48.81
3452,F,Agriculteur,1,Nancy,Prive,0.6205457866360399,11,47.27
3453,F,Retraite,0,Toulouse,Prive,0.31520388197759197,10,66.975
3454,F,Retraite,1,Marseille,Public,0.46447686130196064,12,37.83
3455,M,Ouvrier,1,Bordeaux,Prive,0.15861792979433775,11,28.68
3456,M,Agriculteur,1,Nantes,Public,0.18970226866554107,12,45.91
3457,M,Agriculteur,0,Paris,Prive,0.34610278225641933,13,67.22
3458,F,Agriculteur,0,Paris,Public,0.44989372388434806,11,77.29
3459,M,Employe,1,Lille,Public,0.3360366972770008,13,46.86
3460,F,Cadre,0,Lyon,Public,0.528547003019173,12,80.81
3461,F,Retraite,0,Paris,Prive,0.1597471786188281,12,64.83
3462,M,Ouvrier,0,Nancy,Prive,0.45699392547847034,13,46.72
3463,M,Professions_intermediaires,0,Marseille,Public,0.45930788950261275,13,81.9
3464,F,Agriculteur,0,Lille,Prive,0.21043050347284542,13,56.24
3465,F,Agriculteur,0,Lille,Public,0.5456775887141043,13,49.84
3466,M,Professions_intermediaires,0,Paris,Public,0.06619478870005996,13,69.36
3467,M,Agriculteur,0,Lyon,Public,0.3629591029581455,13,62.2
3468,F,Retraite,0,Nancy,Public,0.6574977633398258,12,79.54
3469,M,Agriculteur,1,Marseille,Public,0.054988387131744754,11,46.87
3470,M,Ouvrier,0,Paris,Public,0.6342025506391705,11,54.08
3471,F,Employe,0,Toulouse,Public,0.2668112516678305,13,77.08
3472,M,Employe,0,Nancy,Public,0.38191055737962964,13,47.44
3473,M,Cadre,1,Lille,Public,0.7813119805668349,12,74.37
3474,M,Cadre,0,Toulouse,Prive,0.37461344090271004,10,94.06
3475,F,Employe,0,Nantes,Public,0.822753458607119,13,66.46
3476,F,Agriculteur,0,Toulouse,Public,0.43894665261936183,11,87.16
3477,M,Ouvrier,1,Bordeaux,Public,0.48307716388747524,12,41.09
3478,M,Agriculteur,0,Lille,Public,0.6684519471100506,10,75.06
3479,F,Professions_intermediaires,0,Nantes,Prive,0.6088134813248839,13,88.46
3480,M,Retraite,0,Bordeaux,Prive,0.5308186251165973,11,68.44
3481,M,Ouvrier,0,Nantes,Public,0.4073351771791817,11,46.04
3482,F,Employe,0,Lyon,Prive,0.18982675576517072,12,32.73
3483,M,Retraite,0,Nantes,Public,0.19956323987523938,12,48.61
3484,F,Cadre,0,Lille,Public,0.7626326290935301,11,83.29
3485,F,Professions_intermediaires,0,Lille,Prive,0.8398876566825,10,74.44
3486,F,Ouvrier,0,Marseille,Prive,0.525915576431594,13,56.38
3487,F,Agriculteur,1,Toulouse,Prive,0.14526173891675281,13,16.07
3488,M,Employe,0,Bordeaux,Public,0.34554482458328817,12,52.88
3489,F,Retraite,0,Paris,Prive,0.3356212446753589,10,66.8
3490,M,Cadre,0,Bordeaux,Prive,0.38884419597762443,13,90.93
3491,F,Employe,0,Marseille,Public,0.32306019811805764,11,58.05
3492,M,Professions_intermediaires,1,Nantes,Public,0.6041189806695388,12,62.51
3493,F,Cadre,0,Nancy,Public,0.5494787009129299,12,63.28
3494,M,Cadre,1,Toulouse,Public,0.8160125480722976,12,73.38
3495,M,Retraite,0,Paris,Public,0.42216931782026573,10,72.95
3496,M,Cadre,0,Bordeaux,Public,0.5400364601420153,13,89.52
3497,F,Cadre,0,Nancy,Public,0.6482256479738256,12,88.52
3498,F,Professions_intermediaires,0,Bordeaux,Prive,0.7043343173945023,13,57.04
3499,F,Employe,1,Paris,Prive,0.2530189782081227,10,60.08
3500,F,Agriculteur,0,Toulouse,Prive,0.580968788491098,12,88.75
3501,F,Employe,0,Nantes,Prive,0.5293316669609107,10,75.45
3502,M,Employe,0,Lille,Prive,0.5605592751690404,10,80.32
3503,F,Ouvrier,0,Marseille,Prive,0.511927314387475,13,61.78
3504,F,Cadre,0,Marseille,Prive,0.8425743496349517,10,99.89
3505,F,Professions_intermediaires,0,Bordeaux,Prive,0.3218322883299459,10,79.13
3506,M,Agriculteur,0,Lyon,Prive,0.30999930407014586,10,63.25
3507,M,Retraite,0,Lille,Public,0.33580541792598373,11,52.95
3508,M,Agriculteur,0,Bordeaux,Prive,0.44196028107590973,10,74.6
3509,F,Employe,0,Lille,Prive,0.5586634026911199,10,86.7
3510,F,Agriculteur,1,Lyon,Public,0.40877154604391985,12,58.67
3511,M,Employe,0,Paris,Public,0.7012624157683998,10,74.5
3512,M,Employe,0,Nantes,Public,0.49929962507844755,11,69.36
3513,F,Cadre,1,Marseille,Public,0.48072478237609517,10,67.97
3514,F,Professions_intermediaires,0,Marseille,Prive,0.23395159851662617,12,49.08
3515,F,Employe,0,Marseille,Prive,0.8642180007934787,11,75.56
3516,M,Retraite,0,Toulouse,Prive,0.49050968606942813,13,61.85
3517,F,Employe,0,Lille,Public,0.8274209882536221,13,64.84
3518,M,Cadre,1,Bordeaux,Prive,0.37554712400372126,11,70.75
3519,M,Professions_intermediaires,0,Paris,Prive,0.6661246461891877,11,80.19
3520,M,Cadre,0,Lille,Prive,0.38747541486565584,13,57.97
3521,M,Cadre,0,Toulouse,Public,0.8638084160303701,11,94.12
3522,F,Retraite,0,Bordeaux,Prive,0.7241543260144334,13,81.92
3523,M,Cadre,1,Marseille,Public,0.6699076001331584,10,62.38
3524,F,Ouvrier,0,Paris,Public,0.3550568822471417,12,49.09
3525,F,Agriculteur,0,Toulouse,Prive,0.8813320247807818,11,66.29
3526,F,Agriculteur,0,Marseille,Prive,0.907595306318125,13,79.37
3527,F,Employe,0,Paris,Public,0.4240714399501964,10,60.29
3528,F,Retraite,0,Nantes,Prive,0.5323325774141969,13,52.98
3529,F,Cadre,0,Nantes,Prive,0.6853623047147318,13,100.0
3530,F,Ouvrier,0,Lille,Prive,0.10556417457235112,11,54.66
3531,F,Employe,1,Lyon,Public,0.7291740335568904,12,48.82
3532,F,Agriculteur,1,Bordeaux,Prive,0.7047347944095621,12,69.07
3533,F,Employe,0,Nancy,Prive,0.3873711940552721,12,68.49
3534,M,Cadre,1,Nancy,Public,0.06153708787761464,12,53.14
3535,F,Agriculteur,0,Nantes,Prive,0.5666364857990248,12,72.93
3536,F,Retraite,0,Toulouse,Prive,0.2732675618807594,11,55.75
3537,F,Cadre,0,Marseille,Public,0.18235915812424236,13,77.26
3538,F,Retraite,0,Toulouse,Public,0.5741417523328785,13,72.39
3539,M,Employe,0,Bordeaux,Public,0.7635912754783225,13,87.93
3540,M,Retraite,0,Toulouse,Prive,0.4562136492909747,10,66.975
3541,M,Employe,0,Marseille,Public,0.7370278657440354,10,77.87
3542,M,Ouvrier,0,Paris,Prive,0.6328269317111153,11,49.65
3543,F,Agriculteur,0,Nancy,Public,0.22536200869557943,10,68.01
3544,M,Agriculteur,0,Paris,Public,0.3891755032064447,13,81.8
3545,F,Retraite,0,Toulouse,Public,0.7158536435931964,11,70.46
3546,M,Retraite,0,Nancy,Public,0.3875474325801003,13,56.33
3547,F,Ouvrier,0,Toulouse,Public,0.663821334896118,13,60.32
3548,M,Professions_intermediaires,0,Nancy,Public,0.4179701461906358,11,76.55
3549,F,Agriculteur,0,Marseille,Prive,0.6442510526212312,12,73.21
3550,M,Professions_intermediaires,0,Lyon,Prive,0.585820895499985,12,72.25
3551,F,Ouvrier,0,Nantes,Public,0.45034156980041296,12,66.29
3552,M,Ouvrier,0,Lille,Public,0.6386110014340807,10,55.15
3553,M,Agriculteur,0,Lyon,Public,0.0680252873791719,12,66.28
3554,M,Retraite,0,Lyon,Prive,0.2828658677483128,12,56.39
3555,F,Employe,1,Marseille,Prive,0.407274358758559,10,52.39
3556,F,Ouvrier,1,Bordeaux,Prive,0.7345404709476238,13,54.22
3557,M,Cadre,0,Paris,Public,0.2107651966416741,13,60.15
3558,F,Employe,0,Nantes,Public,0.49306219955743646,12,67.71
3559,F,Retraite,0,Paris,Prive,0.563486507526254,11,53.14
3560,F,Retraite,0,Nantes,Prive,0.5495084805678533,13,51.01
3561,F,Professions_intermediaires,0,Paris,Prive,0.4802825302039406,11,72.96
3562,F,Retraite,0,Nantes,Prive,0.3758832226085367,10,65.53
3563,F,Employe,0,Lille,Public,0.4506658877602612,13,53.51
3564,M,Retraite,0,Nantes,Prive,0.6949530610904685,12,70.73
3565,M,Cadre,0,Lille,Prive,0.36233922260823137,12,73.1
3566,F,Cadre,0,Toulouse,Public,0.06813179987578644,12,76.61
3567,F,Ouvrier,0,Bordeaux,Prive,0.5932347809971231,10,86.32
3568,F,Employe,0,Nancy,Prive,0.7991681823020261,10,66.975
3569,M,Employe,0,Paris,Prive,0.2897565991993436,11,52.13
3570,F,Cadre,0,Nantes,Prive,0.7721501620936895,13,91.33
3571,M,Employe,0,Bordeaux,Prive,0.6041334664116458,13,67.58
3572,M,Ouvrier,0,Toulouse,Prive,0.26872694087939036,11,51.8
3573,M,Professions_intermediaires,0,Lyon,Prive,0.3592540039080977,13,71.21
3574,F,Retraite,0,Bordeaux,Public,0.3504927180039207,13,60.55
3575,M,Ouvrier,0,Lille,Prive,0.5338060923184182,13,49.6
3576,M,Professions_intermediaires,0,Lyon,Prive,0.463743554551448,11,80.62
3577,M,Retraite,0,Lille,Public,0.7211136354578209,12,80.69
3578,M,Cadre,0,Nancy,Prive,0.6698743947975692,13,84.39
3579,M,Employe,1,Nantes,Prive,0.19094204386889102,12,43.36
3580,F,Ouvrier,0,Lyon,Prive,0.21620791848155047,13,36.85
3581,M,Retraite,0,Paris,Prive,0.6228554972846992,11,66.54
3582,M,Cadre,0,Bordeaux,Prive,0.3969133749763839,13,99.04
3583,F,Ouvrier,0,Marseille,Prive,0.46502484400020827,10,67.93
3584,F,Retraite,1,Toulouse,Public,0.6093116774847217,12,49.29
3585,M,Agriculteur,0,Nancy,Prive,0.6716945691025527,11,71.38
3586,F,Agriculteur,0,Lyon,Prive,0.2533230956038166,11,61.38
3587,F,Ouvrier,0,Marseille,Public,0.05567812803545508,12,55.5
3588,M,Ouvrier,0,Marseille,Public,0.4773706855662212,11,68.76
3589,M,Employe,0,Marseille,Public,0.32903163455863926,13,58.72
3590,M,Ouvrier,0,Bordeaux,Prive,0.513250086672544,12,67.05
3591,F,Professions_intermediaires,0,Lyon,Prive,0.4822777554916766,12,67.83
3592,F,Cadre,0,Lille,Prive,0.30491786799621656,11,77.27
3593,M,Agriculteur,0,Bordeaux,Prive,0.9173726661195549,12,67.18
3594,M,Ouvrier,0,Paris,Prive,0.5034002630751174,11,61.52
3595,F,Agriculteur,0,Nancy,Prive,0.3852489690614863,12,67.73
3596,F,Retraite,0,Lyon,Prive,0.5202867540287576,11,69.52
3597,F,Ouvrier,0,Lyon,Prive,0.6059757032587044,12,66.61
3598,M,Professions_intermediaires,0,Bordeaux,Prive,0.3734922254246408,12,77.73
3599,F,Professions_intermediaires,0,Lyon,Prive,0.9640512256570755,10,100.0
3600,M,Ouvrier,0,Nancy,Public,0.19548331013825682,13,59.9
3601,F,Employe,1,Marseille,Prive,0.20938818493612948,13,24.35
3602,M,Agriculteur,0,Marseille,Prive,0.18013316414107505,12,58.73
3603,F,Retraite,0,Bordeaux,Public,0.500778239159159,10,65.2
3604,M,Cadre,0,Bordeaux,Prive,0.5945909705044506,12,71.82
3605,M,Ouvrier,0,Paris,Prive,0.4339084212985928,10,66.02
3606,F,Employe,0,Nantes,Prive,0.5939950503880546,12,86.67
3607,F,Retraite,0,Nancy,Public,0.5913114295016548,11,59.71
3608,M,Professions_intermediaires,0,Marseille,Public,0.42784729774414565,13,83.78
3609,M,Cadre,1,Paris,Public,0.5854803959971345,12,75.54
3610,M,Ouvrier,1,Toulouse,Public,0.4607107878532641,10,41.6
3611,M,Agriculteur,0,Bordeaux,Public,0.4181952446461618,13,73.68
3612,M,Cadre,0,Paris,Public,0.40029819957263546,12,74.93
3613,M,Professions_intermediaires,0,Marseille,Prive,0.546608994822408,13,85.38
3614,F,Retraite,1,Lille,Public,0.7435582268321337,10,62.25
3615,M,Professions_intermediaires,0,Paris,Public,0.2589937040165015,10,72.99
3616,F,Retraite,0,Nantes,Public,0.4039401633050998,10,66.14
3617,F,Professions_intermediaires,0,Lyon,Public,0.5325333107560556,11,69.08
3618,F,Cadre,0,Nancy,Public,0.8513719502437301,11,100.0
3619,F,Retraite,0,Nantes,Public,0.5863383596018559,12,67.53
3620,F,Professions_intermediaires,0,Lille,Prive,0.33745900935364603,11,70.7
3621,M,Agriculteur,0,Nancy,Public,0.3152204722459715,11,72.43
3622,F,Employe,0,Lyon,Prive,0.6970190192256535,12,70.24
3623,F,Agriculteur,0,Paris,Prive,0.4372736587196778,11,61.77
3624,F,Professions_intermediaires,0,Bordeaux,Public,0.2538180183677007,13,79.87
3625,M,Ouvrier,0,Nancy,Public,0.7027605528999875,10,50.88
3626,M,Employe,0,Nantes,Prive,0.561636919632222,13,74.91
3627,M,Retraite,0,Lille,Public,0.26117052369478855,13,47.67
3628,F,Professions_intermediaires,0,Nantes,Public,0.23193450883014116,12,53.31
3629,M,Agriculteur,0,Nancy,Public,0.06647228182397713,11,64.38
3630,M,Employe,0,Bordeaux,Public,0.3755246028079432,10,67.18
3631,F,Employe,0,Bordeaux,Public,0.5609158846102643,13,64.15
3632,M,Retraite,0,Lyon,Prive,0.6921107259213252,10,147.78533319529524
3633,F,Cadre,0,Marseille,Public,0.5849886164516291,10,90.42
3634,M,Retraite,0,Paris,Prive,0.2390344722602345,10,54.05
3635,M,Agriculteur,1,Marseille,Prive,0.44325881158722646,10,53.87
3636,F,Cadre,0,Lyon,Public,0.7858750517185238,11,86.61
3637,M,Retraite,0,Lille,Prive,0.39757878464232155,10,57.92
3638,F,Agriculteur,0,Nantes,Prive,0.6537740477696595,11,82.86
3639,F,Ouvrier,0,Bordeaux,Public,0.6290694912000239,13,55.09
3640,M,Ouvrier,1,Toulouse,Public,0.6519633864314544,11,30.24
3641,M,Ouvrier,0,Paris,Prive,0.5862389703051065,10,53.48
3642,M,Agriculteur,0,Nancy,Public,0.6513468070979984,10,73.51
3643,M,Ouvrier,0,Paris,Public,0.20368951837593713,13,70.68
3644,F,Employe,0,Paris,Public,0.8030661022170158,10,76.54
3645,M,Cadre,0,Lyon,Prive,0.13868428935008237,13,68.2
3646,M,Ouvrier,0,Toulouse,Public,0.5623612586532646,10,53.91
3647,M,Employe,0,Bordeaux,Prive,0.49030937808755615,10,70.48
3648,M,Agriculteur,1,Toulouse,Prive,0.3748734967303671,10,29.65
3649,M,Retraite,0,Nantes,Prive,0.3049679499539725,13,42.77
3650,M,Cadre,0,Nancy,Prive,0.6099499312764375,10,88.19
3651,F,Agriculteur,0,Lille,Public,0.660267609179296,13,80.99
3652,F,Professions_intermediaires,0,Toulouse,Public,0.4793851059052475,10,83.24
3653,F,Cadre,1,Marseille,Public,0.4421501495094942,12,150.14635481913425
3654,M,Professions_intermediaires,0,Paris,Prive,0.7562855618220959,11,90.41
3655,M,Retraite,1,Lyon,Public,0.4156582985410756,10,40.44
3656,F,Ouvrier,0,Paris,Prive,0.4915636319360562,12,57.91
3657,M,Professions_intermediaires,1,Lyon,Prive,0.459278653468079,12,66.975
3658,M,Ouvrier,0,Lille,Public,0.9941586875231475,11,73.53
3659,F,Retraite,0,Nancy,Prive,0.3320045557246907,10,96.82
3660,F,Professions_intermediaires,0,Nancy,Prive,0.6662859480623681,11,77.39
3661,M,Ouvrier,0,Toulouse,Prive,0.16012991399005172,10,54.14
3662,F,Professions_intermediaires,0,Bordeaux,Prive,0.3084147440193503,12,86.92
3663,M,Cadre,0,Nancy,Prive,0.4381578803833753,11,66.975
3664,M,Ouvrier,0,Lille,Public,0.47380823065697436,12,44.31
3665,M,Retraite,0,Nantes,Public,0.44511551389400694,12,78.26
3666,F,Cadre,0,Nancy,Prive,0.48011828114567384,12,87.98
3667,M,Ouvrier,0,Nantes,Prive,0.362194486641181,11,31.43
3668,F,Professions_intermediaires,1,Nancy,Prive,0.7575143225493938,11,57.5
3669,F,Cadre,0,Lille,Prive,0.29991556845416123,12,74.61
3670,F,Professions_intermediaires,0,Nancy,Public,0.6488910735806285,13,74.5
3671,F,Ouvrier,1,Nantes,Prive,0.6355242572013753,12,44.16
3672,F,Agriculteur,0,Lyon,Public,0.3104323473767031,10,71.83
3673,M,Cadre,0,Lyon,Public,0.42660118552169224,11,93.79
3674,F,Cadre,0,Marseille,Prive,0.49950292800757257,13,97.22
3675,M,Agriculteur,1,Nantes,Prive,0.8350832698076767,12,69.8
3676,F,Professions_intermediaires,0,Lille,Prive,0.4261651132742517,12,72.07
3677,F,Ouvrier,0,Toulouse,Prive,1.2247258901108091,12,58.64
3678,M,Professions_intermediaires,0,Toulouse,Public,0.6535752833150066,11,54.85
3679,M,Professions_intermediaires,0,Toulouse,Public,0.5686998892355675,13,82.48
3680,M,Employe,0,Lyon,Prive,0.6768425916735873,10,70.35
3681,M,Employe,1,Nancy,Public,0.15628387530194537,13,52.91
3682,F,Ouvrier,0,Nantes,Public,0.7343754179523752,10,70.83
3683,F,Retraite,0,Nantes,Public,0.2354367940009764,11,43.89
3684,M,Ouvrier,0,Paris,Prive,0.6739318630581033,12,146.38380955662802
3685,M,Professions_intermediaires,1,Marseille,Prive,0.3814941407773825,11,55.25
3686,F,Retraite,0,Bordeaux,Prive,0.34014649568872135,13,51.96
3687,F,Cadre,0,Nancy,Prive,0.8545019287547175,13,100.0
3688,M,Employe,0,Bordeaux,Public,0.48006869267630525,13,62.6
3689,M,Agriculteur,0,Bordeaux,Public,0.19378870620789224,12,58.37
3690,F,Professions_intermediaires,0,Marseille,Prive,0.6949572074645629,13,65.35
3691,F,Ouvrier,0,Toulouse,Prive,0.25586946425936563,12,74.47
3692,M,Professions_intermediaires,0,Lyon,Public,0.77214961702484,11,78.23
3693,F,Ouvrier,0,Bordeaux,Prive,0.49675842939741627,12,64.04
3694,F,Cadre,0,Toulouse,Prive,0.2452344459818896,11,72.94
3695,F,Employe,0,Marseille,Prive,0.6642667464543608,11,68.56
3696,M,Retraite,0,Nantes,Prive,0.6042381909058321,12,69.06
3697,F,Retraite,0,Lille,Prive,0.07532765617051246,11,60.06
3698,F,Agriculteur,0,Lille,Prive,0.4873168352515066,11,74.41
3699,F,Agriculteur,0,Lyon,Prive,0.5597711105313735,13,79.91
3700,M,Ouvrier,0,Nantes,Prive,0.5481055918925674,11,67.3
3701,F,Ouvrier,0,Nancy,Prive,0.4630531619347263,12,65.6
3702,F,Agriculteur,0,Paris,Public,0.6489962896876299,11,66.86
3703,F,Cadre,1,Toulouse,Prive,0.613788243397816,11,65.97
3704,M,Professions_intermediaires,0,Lyon,Public,0.5062289841709958,11,63.09
3705,M,Agriculteur,0,Marseille,Public,0.4527280205667854,11,62.46
3706,M,Cadre,0,Nancy,Public,0.5296234645420484,13,88.49
3707,F,Agriculteur,0,Toulouse,Public,0.379260284122301,11,70.45
3708,M,Agriculteur,0,Bordeaux,Prive,0.2954997467744662,10,69.46
3709,F,Employe,1,Nantes,Prive,0.27523963357029513,10,56.8
3710,M,Agriculteur,0,Paris,Prive,0.4799974738377574,10,55.74
3711,F,Employe,0,Nantes,Public,0.3284533044192205,13,47.92
3712,M,Employe,0,Lyon,Prive,0.4682399632551614,10,63.93
3713,M,Agriculteur,0,Paris,Public,0.7660190620985972,13,87.12
3714,F,Retraite,0,Paris,Public,0.4585871066260185,12,77.57
3715,M,Ouvrier,0,Paris,Prive,0.5276336545470829,10,62.4
3716,F,Professions_intermediaires,1,Marseille,Prive,0.4542581512775146,11,51.93
3717,F,Professions_intermediaires,0,Nantes,Prive,0.761301354521044,13,83.6
3718,F,Professions_intermediaires,0,Bordeaux,Public,0.8315583938198049,11,66.975
3719,M,Agriculteur,0,Toulouse,Public,0.4060939650449841,13,58.92
3720,F,Ouvrier,0,Lille,Prive,0.6455597691369089,11,59.56
3721,M,Agriculteur,1,Toulouse,Public,0.9182295033591694,11,58.06
3722,M,Employe,0,Paris,Public,0.26787296253916315,10,71.97
3723,M,Ouvrier,1,Paris,Prive,0.6960648939449804,12,51.83
3724,M,Cadre,1,Nancy,Public,0.15185583537406472,13,38.61
3725,F,Ouvrier,0,Lyon,Prive,0.5059248862291377,12,69.17
3726,M,Professions_intermediaires,0,Marseille,Prive,0.47198371577783693,10,73.25
3727,F,Professions_intermediaires,0,Marseille,Public,0.15859719050427173,11,73.72
3728,M,Professions_intermediaires,0,Toulouse,Public,0.7178458963340888,12,76.85
3729,F,Ouvrier,0,Lille,Prive,0.5295270911113624,10,66.64
3730,M,Agriculteur,0,Paris,Prive,0.31454971122062525,12,64.34
3731,M,Ouvrier,1,Paris,Public,0.5657162193386537,13,36.55
3732,M,Employe,0,Marseille,Prive,0.6807669279090829,11,64.15
3733,F,Cadre,1,Bordeaux,Public,0.14624417529922046,11,55.99
3734,M,Agriculteur,1,Marseille,Public,-0.12966230075684138,12,22.5
3735,F,Cadre,1,Lyon,Prive,0.49160216069127194,12,61.33
3736,F,Agriculteur,0,Bordeaux,Public,0.3463424602773859,10,63.23
3737,F,Retraite,0,Nancy,Public,0.7676974612527017,11,80.72
3738,M,Agriculteur,0,Bordeaux,Public,0.42591618743814896,12,72.34
3739,M,Ouvrier,0,Bordeaux,Public,0.5618875187712311,13,79.48
3740,M,Agriculteur,0,Bordeaux,Prive,0.4626042447592476,12,52.08
3741,F,Employe,0,Nancy,Prive,0.19080919053215156,10,59.39
3742,F,Retraite,0,Nancy,Public,0.5061035173535938,10,76.73
3743,M,Retraite,0,Nantes,Public,0.23476140613704544,13,60.63
3744,F,Ouvrier,1,Marseille,Public,0.22497483714135008,12,33.49
3745,F,Ouvrier,0,Marseille,Prive,0.2804843581045164,13,48.28
3746,M,Agriculteur,1,Lyon,Public,0.2629348254058509,10,66.975
3747,F,Ouvrier,0,Nantes,Public,0.4579078310660529,12,62.25
3748,M,Retraite,0,Paris,Prive,0.42160154510008413,10,59.23
3749,M,Professions_intermediaires,0,Lyon,Prive,0.5568282649515274,11,84.33
3750,M,Professions_intermediaires,0,Lyon,Public,0.1851629339216297,11,87.22
3751,M,Retraite,0,Marseille,Prive,0.44966135670592866,11,54.9
3752,M,Employe,1,Lyon,Public,0.40373329141287806,10,50.13
3753,M,Professions_intermediaires,1,Nancy,Prive,0.5402804730788455,10,56.13
3754,F,Retraite,0,Lille,Public,0.549871998374601,10,72.44
3755,F,Ouvrier,0,Toulouse,Prive,0.5312561425374231,12,74.07
3756,F,Employe,0,Lille,Prive,0.3019457632916309,11,76.94
3757,M,Ouvrier,0,Marseille,Prive,0.5049381099961956,11,55.62
3758,M,Cadre,0,Nantes,Prive,0.3973594743961544,13,66.82
3759,F,Ouvrier,0,Lyon,Prive,0.7628400567168174,11,66.44
3760,M,Employe,0,Nancy,Public,0.5220635650226628,13,66.7
3761,F,Retraite,0,Nantes,Prive,0.5158758742939898,12,41.08
3762,M,Cadre,0,Bordeaux,Prive,0.2438208866980705,13,87.48
3763,M,Cadre,0,Lille,Prive,0.3819195572009024,12,76.68
3764,M,Cadre,0,Nancy,Public,0.5517589303984107,13,84.67
3765,F,Retraite,0,Nancy,Public,0.4842540336638715,12,60.02
3766,F,Cadre,0,Bordeaux,Prive,0.4820957853892673,12,83.24
3767,M,Cadre,0,Marseille,Prive,0.14925943428142113,11,87.77
3768,M,Retraite,1,Lyon,Public,0.337185126339386,12,41.18
3769,M,Ouvrier,0,Lille,Prive,0.44501571099183884,11,77.88
3770,F,Cadre,1,Lille,Public,0.7403364645618662,11,76.45
3771,F,Agriculteur,0,Lille,Prive,0.12178470389078377,10,67.49
3772,F,Professions_intermediaires,0,Nantes,Prive,0.29118311919758477,13,69.07
3773,M,Retraite,0,Lyon,Public,0.12035747924053408,11,55.11
3774,F,Retraite,0,Lyon,Public,0.5650816779909159,11,76.22
3775,F,Cadre,0,Marseille,Public,0.7372314412784351,13,100.0
3776,F,Agriculteur,0,Nancy,Prive,0.5721039784417561,12,73.48
3777,M,Employe,0,Lyon,Public,0.6154437801887837,12,74.55
3778,M,Employe,0,Nantes,Public,0.29359291648617614,13,61.2
3779,M,Retraite,0,Paris,Prive,0.5738862161821014,13,67.61
3780,F,Ouvrier,0,Lille,Public,0.345506543511542,13,58.89
3781,F,Cadre,0,Toulouse,Prive,0.5119495646039887,11,86.12
3782,F,Professions_intermediaires,1,Toulouse,Prive,0.6004844997375318,10,66.73
3783,F,Cadre,0,Toulouse,Prive,0.44161444431019947,10,83.76
3784,M,Retraite,0,Toulouse,Public,0.6640329276862941,11,61.95
3785,M,Employe,0,Nancy,Prive,0.4672815909870763,12,63.86
3786,M,Professions_intermediaires,0,Marseille,Public,0.5547252570600505,11,72.63
3787,F,Ouvrier,0,Marseille,Public,0.8781944065280527,12,66.975
3788,F,Employe,0,Toulouse,Public,0.5994976664265874,13,65.67
3789,M,Employe,1,Lyon,Prive,0.3501228600766068,12,53.83
3790,F,Agriculteur,1,Lyon,Public,0.40390483382876724,12,44.96
3791,F,Employe,0,Toulouse,Prive,0.6746198580047609,13,86.46
3792,F,Agriculteur,1,Paris,Prive,0.7085412595732931,10,54.32
3793,F,Cadre,0,Toulouse,Public,0.4927086750578734,11,66.975
3794,M,Professions_intermediaires,1,Toulouse,Prive,0.194583798701917,13,56.22
3795,M,Retraite,0,Paris,Prive,0.3099492983490322,10,70.83
3796,F,Retraite,1,Toulouse,Prive,0.5361490111876783,11,51.94
3797,M,Ouvrier,0,Bordeaux,Prive,0.6160756478726495,13,86.15
3798,F,Agriculteur,0,Nantes,Prive,0.7009542035536472,13,73.95
3799,F,Retraite,1,Toulouse,Prive,0.09356176925764559,13,22.98
3800,F,Agriculteur,0,Nancy,Public,0.6742939755210372,13,73.02
3801,M,Employe,0,Paris,Prive,0.7854014918622811,10,80.43
3802,M,Professions_intermediaires,0,Marseille,Prive,0.02128832456560037,13,67.56
3803,M,Professions_intermediaires,0,Bordeaux,Public,0.49893796215763164,11,64.81
3804,F,Professions_intermediaires,0,Toulouse,Prive,0.6515553060822212,13,75.79
3805,F,Cadre,0,Lille,Prive,0.21771520596567367,11,72.0
3806,M,Professions_intermediaires,0,Nantes,Public,0.40011801453889306,13,65.83
3807,F,Professions_intermediaires,0,Lille,Prive,0.6120415640456214,10,77.12
3808,F,Cadre,0,Toulouse,Prive,0.3954546448833291,12,87.4
3809,M,Agriculteur,1,Paris,Prive,0.42727392537998377,10,39.84
3810,M,Agriculteur,0,Nancy,Public,0.5441614227974582,12,63.26
3811,F,Employe,0,Lille,Public,0.2660401371232184,13,69.75
3812,F,Professions_intermediaires,0,Lyon,Public,0.2866211615705506,12,63.1
3813,M,Agriculteur,1,Lille,Prive,0.5936795169318682,10,41.95
3814,F,Cadre,0,Paris,Public,0.6897882214124249,12,100.0
3815,F,Agriculteur,0,Nancy,Public,0.5797041023409154,10,66.51
3816,F,Ouvrier,1,Lille,Public,0.7722470606797995,10,31.06
3817,F,Cadre,0,Lyon,Public,0.5839355191430092,12,76.19
3818,M,Agriculteur,0,Marseille,Public,0.8694064308554772,11,58.19
3819,M,Retraite,0,Nantes,Prive,0.5131579126341976,11,79.14
3820,M,Professions_intermediaires,0,Marseille,Prive,0.5505388846264816,10,74.46
3821,F,Professions_intermediaires,0,Bordeaux,Prive,0.5806405533166885,12,67.91
3822,F,Cadre,0,Paris,Public,0.3743932187702209,12,87.79
3823,M,Agriculteur,1,Bordeaux,Public,0.34478635336488533,13,60.0
3824,F,Cadre,0,Nancy,Public,0.31998310677972563,11,80.0
3825,M,Ouvrier,0,Nancy,Public,0.3888538245901139,10,72.25
3826,M,Employe,0,Bordeaux,Public,0.9141506998693949,10,73.09
3827,F,Professions_intermediaires,0,Toulouse,Prive,0.8642958862169705,13,72.93
3828,M,Retraite,0,Bordeaux,Prive,0.4344143991811653,13,78.85
3829,M,Cadre,0,Toulouse,Public,0.41589351837692334,12,75.66
3830,F,Retraite,0,Nantes,Prive,0.07062926167782296,13,50.96
3831,M,Agriculteur,1,Nancy,Public,0.30114787579837315,11,52.98
3832,F,Professions_intermediaires,0,Marseille,Public,0.33813262951120804,10,72.26
3833,M,Agriculteur,0,Lille,Prive,0.41206313741175943,12,65.07
3834,M,Cadre,0,Marseille,Prive,0.3860635954591317,13,79.2
3835,F,Cadre,0,Lille,Prive,0.5429517692394247,10,66.975
3836,M,Agriculteur,0,Lille,Prive,0.6549897622333496,10,73.04
3837,F,Professions_intermediaires,0,Nancy,Prive,0.35444071132398347,12,76.68
3838,M,Professions_intermediaires,0,Toulouse,Prive,0.787385223040211,12,78.31
3839,M,Cadre,0,Marseille,Prive,0.5691333813024081,10,90.62
3840,M,Retraite,0,Nantes,Prive,0.6776560262941609,13,71.62
3841,M,Ouvrier,0,Marseille,Prive,0.4120906271087764,13,61.55
3842,F,Ouvrier,0,Nancy,Public,0.6092920339020645,10,61.35
3843,M,Cadre,0,Nantes,Prive,0.5907020870764683,13,82.65
3844,F,Ouvrier,0,Lyon,Public,0.7935170599700845,13,66.975
3845,M,Cadre,0,Lyon,Public,0.630538587367093,11,76.08
3846,F,Professions_intermediaires,0,Lille,Prive,0.6707417042152487,12,100.0
3847,M,Cadre,1,Lille,Public,0.3941977877892677,11,39.04
3848,F,Employe,1,Marseille,Prive,0.7391846178709164,13,48.71
3849,M,Employe,1,Lyon,Public,0.24476916810893257,10,46.01
3850,F,Professions_intermediaires,0,Bordeaux,Public,0.38539202009963847,10,79.55
3851,M,Retraite,0,Nancy,Public,0.5562602396367399,10,57.64
3852,F,Agriculteur,0,Marseille,Prive,0.26945874082678944,10,58.58
3853,F,Professions_intermediaires,0,Lyon,Public,0.31536414971468385,10,71.89
3854,F,Ouvrier,0,Nancy,Prive,0.31546411185131873,12,45.22
3855,F,Employe,0,Marseille,Public,0.575732864834841,12,59.35
3856,M,Cadre,0,Nancy,Public,0.4682092420335594,12,91.19
3857,F,Employe,0,Bordeaux,Public,0.6927464194222798,12,80.09
3858,F,Agriculteur,1,Marseille,Prive,0.876118065865115,13,57.88
3859,F,Cadre,0,Nancy,Prive,0.5540874616074949,11,93.62
3860,F,Retraite,0,Lille,Public,0.397704393496276,11,64.09
3861,M,Employe,0,Nancy,Public,0.573666617809951,12,61.65
3862,M,Cadre,0,Lyon,Public,0.3208589858667039,10,69.63
3863,F,Agriculteur,1,Bordeaux,Prive,0.48726714505536955,12,54.84
3864,M,Employe,1,Toulouse,Public,0.9924503552303732,11,51.76
3865,M,Agriculteur,0,Bordeaux,Prive,0.45938075167318815,11,74.39
3866,M,Professions_intermediaires,0,Paris,Public,0.5605301593084878,12,72.58
3867,M,Professions_intermediaires,0,Bordeaux,Public,0.46769480047461987,11,84.98
3868,M,Cadre,0,Bordeaux,Prive,0.4180835419701888,11,73.59
3869,F,Retraite,0,Paris,Prive,0.5961804123038595,12,57.36
3870,M,Agriculteur,0,Toulouse,Public,0.2458181632940018,12,64.26
3871,F,Employe,0,Toulouse,Prive,0.466762581376695,10,64.64
3872,F,Professions_intermediaires,0,Nancy,Public,0.22851045443282436,12,70.86
3873,M,Retraite,0,Nancy,Prive,0.8088947907579995,11,70.14
3874,F,Employe,0,Bordeaux,Public,0.6974414525735849,12,68.21
3875,M,Professions_intermediaires,0,Lille,Prive,0.34636567591266876,11,68.2
3876,M,Agriculteur,0,Nantes,Prive,0.12883365379577638,10,40.13
3877,M,Employe,0,Marseille,Public,0.5980737541787331,10,82.57
3878,F,Professions_intermediaires,0,Lille,Public,0.49125659583635456,11,69.53
3879,F,Professions_intermediaires,0,Toulouse,Prive,0.9487540182264014,12,89.29
3880,F,Employe,0,Nantes,Public,0.780346972456702,12,55.95
3881,M,Employe,0,Toulouse,Public,0.6270297963632226,13,61.81
3882,F,Professions_intermediaires,0,Marseille,Prive,0.39435229795540494,11,75.42
3883,M,Employe,0,Bordeaux,Prive,0.4476811001274288,13,82.11
3884,F,Retraite,0,Bordeaux,Prive,0.5604217754546994,13,70.8
3885,F,Professions_intermediaires,0,Paris,Public,0.5710065865305199,11,82.0
3886,F,Agriculteur,0,Paris,Prive,0.3584665929985117,11,61.9
3887,F,Cadre,0,Nantes,Public,0.22718788090336955,12,79.3
3888,F,Employe,0,Lyon,Prive,0.8856453986290117,13,75.12
3889,F,Cadre,0,Toulouse,Public,0.5067717285007459,11,88.33
3890,M,Agriculteur,0,Toulouse,Public,0.5848378984867991,10,80.94
3891,M,Cadre,0,Toulouse,Prive,0.32851297432940996,13,76.98
3892,M,Employe,0,Toulouse,Public,0.7732394582350555,11,66.975
3893,F,Ouvrier,0,Lille,Public,0.708015933183864,10,62.44
3894,F,Professions_intermediaires,0,Nancy,Public,0.5120952014037602,10,73.33
3895,M,Agriculteur,1,Nantes,Prive,0.5420225645176787,12,59.03
3896,M,Professions_intermediaires,0,Toulouse,Prive,0.5569967321057685,12,79.19
3897,M,Employe,0,Toulouse,Public,0.5196368102948021,10,70.2
3898,F,Employe,1,Bordeaux,Prive,0.6115811118402485,12,49.73
3899,F,Cadre,1,Lyon,Public,0.5753172049586116,12,59.3
3900,M,Cadre,0,Lille,Prive,0.46481946565493326,12,89.4
3901,M,Employe,0,Lille,Public,0.2662842855137846,10,69.32
3902,M,Retraite,0,Lyon,Prive,0.49493220645789315,10,71.74
3903,M,Employe,0,Lyon,Prive,0.650051899700092,10,70.08
3904,F,Employe,1,Marseille,Public,0.6344316435560885,13,44.38
3905,M,Professions_intermediaires,0,Lyon,Public,0.7624828353613575,10,85.47
3906,M,Agriculteur,1,Paris,Prive,0.7836467863660188,10,63.89
3907,M,Cadre,0,Nantes,Public,0.6403248789573084,11,94.57
3908,M,Agriculteur,0,Lyon,Prive,0.5374884811491294,12,61.73
3909,F,Ouvrier,0,Marseille,Prive,0.5687007104600952,10,66.33
3910,M,Professions_intermediaires,0,Lille,Prive,0.3851254448610968,12,53.89
3911,F,Ouvrier,0,Toulouse,Prive,0.6598553852113702,10,77.01
3912,M,Ouvrier,0,Paris,Prive,0.7647349161863466,13,67.3
3913,F,Professions_intermediaires,1,Lyon,Public,0.7083255385100263,12,61.81
3914,M,Employe,0,Lyon,Public,0.611272083015403,13,83.32
3915,M,Ouvrier,0,Nancy,Prive,0.45186921235410904,12,53.6
3916,F,Employe,0,Toulouse,Public,0.42880559483896075,10,67.98
3917,F,Agriculteur,0,Paris,Public,0.46804303231421157,12,61.03
3918,M,Professions_intermediaires,0,Marseille,Public,0.35396655786318054,13,57.31
3919,F,Cadre,0,Toulouse,Prive,0.5549348734894181,11,89.22
3920,M,Retraite,0,Nancy,Public,-0.05930228838833662,10,53.79
3921,M,Cadre,1,Toulouse,Public,0.3922422251519255,12,42.52
3922,M,Retraite,0,Lille,Public,0.5136290519785468,12,70.86
3923,F,Cadre,1,Toulouse,Public,1.0003313758054864,13,76.13
3924,F,Ouvrier,0,Bordeaux,Public,0.5008852743677483,10,68.29
3925,M,Ouvrier,0,Nancy,Prive,0.508255200030715,12,62.3
3926,M,Employe,0,Toulouse,Public,0.3332940214031656,11,72.74
3927,M,Employe,1,Paris,Prive,0.8439072194733466,10,65.01
3928,F,Ouvrier,0,Bordeaux,Prive,0.33732201156295816,13,59.71
3929,M,Cadre,0,Nantes,Prive,0.9065597051378177,12,100.0
3930,M,Retraite,0,Nantes,Public,0.3520115403563915,13,68.69
3931,M,Employe,1,Nantes,Public,0.6883261527145543,10,40.51
3932,F,Employe,0,Lyon,Prive,0.4886604940591096,11,60.31
3933,M,Retraite,0,Toulouse,Prive,0.38752450722654264,13,52.43
3934,M,Employe,0,Bordeaux,Prive,0.7019179595650258,11,77.42
3935,F,Agriculteur,0,Bordeaux,Prive,0.7656999778632707,11,68.98
3936,M,Professions_intermediaires,0,Nancy,Public,0.46289412144590475,13,54.89
3937,M,Retraite,0,Paris,Public,0.4951629318127699,10,54.81
3938,F,Professions_intermediaires,1,Bordeaux,Public,0.41747838424700134,12,50.24
3939,M,Professions_intermediaires,0,Nancy,Prive,0.5448111649958554,11,79.12
3940,M,Employe,1,Paris,Public,0.28106754156169633,13,53.82
3941,M,Professions_intermediaires,0,Nancy,Public,-0.03867687641059947,10,70.72
3942,F,Agriculteur,0,Bordeaux,Public,0.12595436725549308,11,62.87
3943,M,Retraite,0,Lille,Prive,0.4557876372277445,10,55.58
3944,M,Ouvrier,0,Nantes,Public,0.2860235592695079,10,37.25
3945,F,Ouvrier,0,Marseille,Prive,0.4764820850710353,11,56.6
3946,M,Ouvrier,1,Bordeaux,Prive,0.39750393054790445,12,35.17
3947,F,Agriculteur,0,Bordeaux,Prive,0.35872618955450714,11,67.29
3948,F,Ouvrier,0,Lyon,Public,0.3702311238266575,11,66.7
3949,M,Retraite,0,Nantes,Public,0.6934407022152507,13,74.3
3950,F,Cadre,0,Lyon,Prive,0.5470559691691228,13,87.38
3951,F,Employe,1,Nantes,Prive,0.8129899106223462,10,51.8
3952,F,Retraite,0,Bordeaux,Prive,0.5206520674597951,10,52.25
3953,M,Agriculteur,1,Lille,Public,0.11800989327679201,12,32.39
3954,F,Professions_intermediaires,0,Bordeaux,Prive,0.29123969052764326,10,62.22
3955,M,Retraite,0,Paris,Public,0.523025447951014,12,87.84
3956,M,Agriculteur,0,Lille,Prive,0.548395643658134,10,87.02
3957,M,Professions_intermediaires,0,Toulouse,Prive,0.3828020493659018,10,60.09
3958,M,Employe,0,Toulouse,Public,0.3408521445142005,12,67.03
3959,F,Retraite,0,Nantes,Public,0.378405177286553,13,50.67
3960,F,Agriculteur,0,Lyon,Public,0.4711083338315211,11,70.88
3961,M,Retraite,0,Bordeaux,Prive,0.49019737866073587,11,59.37
3962,M,Retraite,0,Nantes,Prive,0.2804247343592986,10,57.89
3963,M,Professions_intermediaires,0,Nancy,Public,0.5492507586387896,13,84.55
3964,F,Cadre,0,Bordeaux,Prive,0.5474055436496238,13,89.89
3965,F,Retraite,0,Bordeaux,Prive,0.47801025698042515,10,72.85
3966,M,Retraite,1,Nancy,Prive,0.36180166586759566,13,45.48
3967,M,Ouvrier,0,Paris,Public,0.634314496349143,13,56.36
3968,F,Professions_intermediaires,0,Bordeaux,Prive,0.7647242267691386,13,69.52
3969,M,Professions_intermediaires,0,Nantes,Public,0.41035229536849654,11,69.33
3970,M,Agriculteur,0,Marseille,Public,0.37430097458711664,10,62.52
3971,F,Retraite,0,Nantes,Public,0.5931835976857258,12,62.85
3972,M,Employe,0,Lyon,Prive,0.2658830974670038,11,55.51
3973,F,Retraite,0,Lyon,Prive,0.24468719662754018,11,60.48
3974,F,Professions_intermediaires,0,Lyon,Public,0.3702315601807379,12,84.54
3975,F,Ouvrier,0,Nancy,Public,0.5618967480114127,12,43.96
3976,M,Professions_intermediaires,0,Marseille,Prive,0.3239115605630628,10,58.94
3977,M,Ouvrier,0,Bordeaux,Public,0.4962494449605748,12,62.27
3978,M,Retraite,1,Bordeaux,Prive,0.0981330512420614,13,18.44
3979,M,Agriculteur,0,Toulouse,Prive,0.6233584685666612,10,57.72
3980,F,Retraite,0,Marseille,Public,0.78809124159123,13,90.88
3981,F,Professions_intermediaires,0,Lille,Public,0.318025988853018,10,76.56
3982,F,Cadre,0,Lille,Prive,0.5888206013721866,12,100.0
3983,M,Cadre,0,Marseille,Prive,0.4583886825856332,10,67.71
3984,M,Retraite,0,Lyon,Prive,0.5212336386012152,13,83.23
3985,M,Ouvrier,0,Nantes,Public,0.450821470513023,13,47.11
3986,F,Retraite,0,Bordeaux,Public,0.43929912376021873,13,72.22
3987,F,Cadre,0,Toulouse,Public,0.333373022108547,10,62.24
3988,F,Professions_intermediaires,0,Nancy,Prive,0.28142556092697957,12,73.31
3989,F,Agriculteur,0,Bordeaux,Public,0.719877644500192,13,77.59
3990,F,Ouvrier,0,Lyon,Prive,0.16418827641952127,10,50.08
3991,M,Ouvrier,0,Lille,Prive,0.4962630240383799,13,47.39
3992,M,Ouvrier,0,Nancy,Public,0.48717611605647787,10,57.19
3993,F,Agriculteur,0,Lyon,Prive,0.49061490318063994,10,71.45
3994,F,Ouvrier,0,Lille,Public,0.6329733633922952,11,54.06
3995,M,Professions_intermediaires,0,Lille,Prive,0.4258523114735862,13,70.51
3996,F,Ouvrier,1,Lille,Public,0.630600252888539,13,43.8
3997,F,Agriculteur,0,Bordeaux,Public,0.8971755103408536,11,82.3
3998,M,Retraite,0,Marseille,Public,0.4695576584352498,12,49.0
3999,M,Cadre,0,Nancy,Prive,0.09360426015074119,10,69.7
4000,M,Employe,0,Nancy,Public,0.4714907151475383,13,67.96
4001,F,Cadre,0,Nancy,Prive,0.45184942044623466,10,80.86
4002,M,Agriculteur,1,Lyon,Prive,0.5804033712101805,12,39.88
4003,F,Agriculteur,1,Marseille,Prive,0.1011861856364889,11,49.15
4004,F,Professions_intermediaires,0,Toulouse,Public,0.5648994552693654,13,85.65
4005,M,Professions_intermediaires,0,Nancy,Prive,0.41571492440254293,10,78.93
4006,M,Professions_intermediaires,0,Marseille,Prive,0.6605471924836486,11,74.24
4007,F,Employe,1,Bordeaux,Prive,0.3963089712696582,12,44.37
4008,M,Employe,0,Lille,Public,0.6735970288409276,12,82.06
4009,F,Retraite,0,Toulouse,Prive,0.19785436295377334,10,66.07
4010,F,Professions_intermediaires,0,Bordeaux,Prive,0.5035566230180692,10,86.95
4011,F,Retraite,0,Lyon,Public,0.3056338633577806,11,61.98
4012,M,Professions_intermediaires,0,Lyon,Public,0.40237748064950135,12,77.34
4013,M,Cadre,0,Paris,Public,1.0440173196577727,12,100.0
4014,F,Professions_intermediaires,0,Lille,Prive,0.31008608732805765,11,84.31
4015,F,Agriculteur,0,Marseille,Prive,0.4254809214225497,12,47.35
4016,F,Employe,0,Bordeaux,Public,0.2712516995401475,11,64.57
4017,F,Cadre,0,Nancy,Public,0.43860091364062237,12,92.73
4018,F,Agriculteur,0,Lyon,Prive,0.47000782969355237,12,79.43
4019,F,Ouvrier,0,Lyon,Prive,0.353085531413149,10,54.19
4020,M,Ouvrier,0,Nantes,Prive,0.8152731372871603,10,70.44
4021,F,Ouvrier,1,Nantes,Public,0.7310338153158356,11,53.2
4022,F,Professions_intermediaires,0,Nancy,Prive,0.31063831982590034,13,82.62
4023,M,Employe,0,Marseille,Prive,0.6633415716583317,13,73.8
4024,F,Cadre,0,Toulouse,Public,0.4039821781556151,12,85.7
4025,F,Ouvrier,1,Nantes,Public,0.2541377528482509,13,33.65
4026,F,Employe,0,Lyon,Prive,0.3564291025815137,11,75.43
4027,F,Ouvrier,0,Paris,Public,0.24880689760659547,12,67.17
4028,F,Agriculteur,0,Marseille,Public,0.6882376065083301,12,83.03
4029,M,Cadre,0,Lyon,Prive,0.3247212722718742,10,86.82
4030,F,Employe,1,Lyon,Public,0.7576266094526947,11,56.37
4031,M,Professions_intermediaires,0,Toulouse,Prive,0.5281745012588608,12,69.33
4032,M,Retraite,0,Nantes,Prive,0.4192849277647067,12,55.56
4033,F,Agriculteur,0,Bordeaux,Public,0.3995805294184736,12,76.56
4034,F,Retraite,1,Marseille,Public,0.8505284901560727,10,63.4
4035,F,Cadre,1,Toulouse,Prive,0.502061318258789,10,67.76
4036,F,Cadre,0,Toulouse,Prive,0.39913255907421785,13,85.48
4037,M,Employe,0,Toulouse,Prive,0.6706883626658015,11,72.67
4038,M,Employe,0,Lille,Public,0.6171096070402853,13,80.36
4039,F,Retraite,0,Lille,Prive,0.30238148594835923,10,67.96
4040,F,Ouvrier,0,Lille,Prive,0.5010492621521031,13,57.65
4041,F,Retraite,0,Toulouse,Public,0.1382615551149129,13,62.12
4042,M,Retraite,0,Nantes,Public,0.493309726848054,12,49.61
4043,M,Retraite,0,Bordeaux,Public,0.5628408845327204,11,59.83
4044,F,Professions_intermediaires,0,Nantes,Prive,0.5895730052149266,10,61.73
4045,F,Retraite,0,Lyon,Public,0.3001058866710366,10,66.975
4046,F,Ouvrier,1,Lille,Prive,0.35228991439040624,12,31.38
4047,F,Agriculteur,0,Lille,Public,0.5494788742425771,13,51.84
4048,F,Professions_intermediaires,0,Nantes,Prive,0.7500965454626174,12,91.55
4049,F,Retraite,0,Nancy,Prive,0.5184129147939299,11,61.33
4050,F,Ouvrier,0,Toulouse,Prive,0.38837855435058516,12,56.14
4051,F,Retraite,0,Lyon,Prive,0.6940447616686386,12,62.02
4052,F,Professions_intermediaires,0,Paris,Prive,0.5258181431398168,12,81.16
4053,M,Ouvrier,0,Lille,Prive,0.5357468862273255,10,73.21
4054,M,Professions_intermediaires,0,Lyon,Prive,0.6595428158578438,12,82.21
4055,F,Ouvrier,0,Marseille,Prive,0.48073940675918553,13,64.21
4056,F,Ouvrier,0,Toulouse,Prive,0.3133148634210414,12,39.62
4057,M,Professions_intermediaires,0,Bordeaux,Public,0.4690829796611221,11,72.41
4058,M,Agriculteur,0,Marseille,Public,0.7224274614886108,12,78.72
4059,F,Ouvrier,0,Lyon,Public,0.8785347024414532,12,80.62
4060,M,Employe,0,Marseille,Public,0.2562525708214246,10,67.1
4061,F,Cadre,0,Marseille,Prive,0.8274500303697825,10,100.0
4062,F,Professions_intermediaires,0,Paris,Prive,0.4266191671457306,12,67.33
4063,M,Ouvrier,0,Toulouse,Public,0.5040915624773832,10,53.53
4064,M,Professions_intermediaires,1,Nancy,Prive,0.8399738897246245,11,64.93
4065,M,Cadre,0,Toulouse,Public,0.4180592422350568,13,66.975
4066,F,Retraite,0,Marseille,Prive,0.44512061342359,12,77.24
4067,M,Employe,0,Lille,Prive,0.371442327901236,13,45.85
4068,F,Cadre,0,Marseille,Prive,0.5075745772366903,10,86.66
4069,M,Ouvrier,1,Nantes,Prive,0.5623522830485276,11,49.94
4070,F,Retraite,0,Nancy,Prive,0.36258496307725774,13,70.8
4071,F,Retraite,0,Bordeaux,Prive,0.7900721021639433,12,76.97
4072,M,Cadre,1,Marseille,Prive,0.35053447926507864,13,59.94
4073,M,Cadre,1,Lille,Public,0.599679359688639,11,38.88
4074,M,Retraite,1,Toulouse,Prive,0.5053090693990994,10,62.62
4075,F,Employe,0,Nancy,Public,0.7487444834296396,11,79.48
4076,F,Employe,0,Lyon,Public,0.33921377526136165,13,57.03
4077,M,Employe,0,Toulouse,Prive,0.6145065752753778,10,66.6
4078,M,Agriculteur,0,Bordeaux,Public,0.9842160333584882,13,66.975
4079,F,Employe,0,Lille,Public,0.2116771242121871,12,66.43
4080,M,Ouvrier,0,Nantes,Prive,0.3198827719400893,13,43.53
4081,M,Ouvrier,0,Lyon,Prive,0.9167945325571822,13,60.25
4082,F,Retraite,0,Paris,Prive,0.47316687749066977,13,69.41
4083,M,Retraite,0,Lille,Public,0.5227186175457141,12,59.31
4084,M,Retraite,0,Nantes,Public,0.4335469553738064,12,46.53
4085,M,Employe,1,Lyon,Public,0.8308367591620192,10,47.16
4086,M,Cadre,0,Nantes,Prive,0.1772802764369406,10,76.79
4087,F,Cadre,0,Nantes,Prive,0.7474067224067094,13,76.19
4088,M,Professions_intermediaires,0,Lille,Prive,0.2044984916313075,10,82.21
4089,M,Ouvrier,0,Lyon,Public,0.18661022284223172,10,63.8
4090,M,Professions_intermediaires,0,Nantes,Public,0.28260546562284994,10,77.47
4091,M,Ouvrier,1,Marseille,Prive,0.4744325929994089,10,40.26
4092,F,Employe,0,Nancy,Public,0.3571362658078338,11,54.24
4093,F,Employe,0,Marseille,Public,0.3452754496254971,10,57.54
4094,F,Agriculteur,0,Paris,Prive,0.31448264627911837,10,77.33
4095,M,Retraite,0,Bordeaux,Public,0.3179417733290091,13,52.85
4096,M,Agriculteur,0,Paris,Public,0.3134314764902729,10,63.6
4097,M,Cadre,0,Toulouse,Prive,0.5469722851137715,10,82.43
4098,F,Professions_intermediaires,0,Lyon,Public,0.3728189517411632,12,71.29
4099,M,Professions_intermediaires,0,Lille,Public,-0.0330397642925091,10,61.14
4100,F,Ouvrier,0,Toulouse,Prive,0.4925414076212135,11,59.19
4101,F,Retraite,0,Lyon,Prive,0.649883519732408,11,64.73
4102,M,Retraite,0,Lille,Prive,0.4442370280499007,10,59.9
4103,F,Employe,0,Bordeaux,Public,0.24784200198532713,12,61.07
4104,F,Ouvrier,0,Lyon,Prive,0.6490065968123229,12,56.28
4105,F,Ouvrier,0,Marseille,Prive,0.22549130461109185,10,42.85
4106,F,Professions_intermediaires,0,Nancy,Prive,0.4357647540287308,12,70.75
4107,F,Ouvrier,0,Nantes,Public,0.495628097888246,11,53.53
4108,M,Ouvrier,0,Lille,Prive,0.7158315275740096,12,64.15
4109,M,Professions_intermediaires,1,Nantes,Public,0.6155469842781642,12,46.94
4110,F,Ouvrier,0,Paris,Prive,0.5476869667837362,11,45.52
4111,F,Ouvrier,0,Toulouse,Public,0.6861191161411233,12,78.69
4112,F,Ouvrier,0,Paris,Prive,0.2683994636056176,13,50.71
4113,F,Agriculteur,0,Marseille,Public,0.8159942325169505,13,56.44
4114,M,Cadre,0,Marseille,Public,-0.11300728895587764,10,77.2
4115,F,Employe,0,Marseille,Public,0.7855538570694296,12,70.35
4116,F,Professions_intermediaires,0,Lyon,Public,0.33174869315290245,11,71.19
4117,F,Employe,0,Toulouse,Public,0.5760358348294922,13,71.23
4118,F,Professions_intermediaires,0,Toulouse,Public,0.7896926856378826,11,90.15
4119,F,Cadre,0,Lille,Public,0.6121889145747397,10,89.9
4120,F,Agriculteur,0,Toulouse,Public,0.5744837268390309,13,57.71
4121,M,Professions_intermediaires,0,Paris,Public,0.673265523385883,11,66.22
4122,M,Agriculteur,0,Nancy,Public,0.20401207310052644,10,47.74
4123,M,Employe,1,Marseille,Public,0.23401071983577282,12,35.85
4124,F,Ouvrier,0,Lyon,Public,0.554271451572279,13,65.38
4125,M,Professions_intermediaires,0,Bordeaux,Public,0.46047844096177315,11,65.0
4126,M,Ouvrier,1,Bordeaux,Public,0.4374380202882868,10,31.7
4127,F,Cadre,0,Marseille,Prive,0.7476400145199438,11,83.65
4128,F,Professions_intermediaires,0,Lyon,Prive,0.7302962019842332,11,74.49
4129,M,Agriculteur,0,Toulouse,Prive,0.3158529758618486,11,69.26
4130,F,Professions_intermediaires,0,Toulouse,Public,0.5884840216437073,12,66.975
4131,F,Retraite,0,Lille,Public,0.18713576958310463,10,67.83
4132,M,Professions_intermediaires,1,Paris,Public,0.18232513015058727,11,41.49
4133,M,Cadre,0,Lyon,Prive,0.3214305264219482,10,79.62
4134,M,Employe,0,Nantes,Prive,0.4894057580924188,13,64.32
4135,M,Agriculteur,0,Lille,Public,0.36938840860953503,12,67.03
4136,M,Agriculteur,0,Bordeaux,Prive,0.5902429621247207,12,74.13
4137,M,Employe,1,Marseille,Prive,0.4969334671418715,12,46.53
4138,F,Ouvrier,1,Lyon,Prive,0.7228178035956239,12,66.975
4139,M,Ouvrier,0,Nantes,Prive,0.6091276982525102,12,75.54
4140,M,Professions_intermediaires,0,Nancy,Public,0.29229395619728715,13,63.99
4141,M,Professions_intermediaires,0,Toulouse,Public,0.6801249137485593,12,89.56
4142,M,Ouvrier,1,Toulouse,Prive,0.32760922759375033,10,46.82
4143,F,Ouvrier,0,Lyon,Prive,0.5822939506895053,11,51.21
4144,F,Professions_intermediaires,0,Nantes,Prive,0.40154229958988974,11,54.03
4145,F,Cadre,0,Paris,Prive,0.7648160859009099,13,93.01
4146,F,Cadre,1,Lille,Public,0.6462370439378685,11,67.27
4147,F,Employe,0,Lyon,Prive,0.3614759098029307,13,42.9
4148,M,Agriculteur,1,Paris,Public,0.42279720620219574,13,47.21
4149,M,Agriculteur,0,Paris,Public,1.1538626644864831,11,82.57
4150,F,Ouvrier,0,Toulouse,Public,0.24780963674792617,13,50.24
4151,F,Ouvrier,0,Paris,Prive,0.35601755713028216,11,72.3
4152,M,Professions_intermediaires,0,Marseille,Public,0.3657967806692465,11,68.8
4153,M,Professions_intermediaires,0,Nantes,Prive,0.2682134870619922,10,65.12
4154,M,Ouvrier,0,Bordeaux,Public,0.28922927875360305,10,55.13
4155,F,Ouvrier,1,Marseille,Prive,0.47826694172944484,12,28.52
4156,F,Agriculteur,1,Paris,Public,0.5953065957475514,13,43.12
4157,M,Cadre,0,Lyon,Prive,0.18137099753704872,13,51.4
4158,F,Ouvrier,0,Nancy,Public,0.39971202257723526,13,62.54
4159,F,Professions_intermediaires,0,Toulouse,Public,0.3392025657007564,11,79.97
4160,F,Ouvrier,0,Nantes,Prive,0.2659029795576209,11,58.66
4161,F,Employe,0,Toulouse,Prive,0.699157432178065,11,74.49
4162,F,Agriculteur,0,Toulouse,Prive,0.3469970961044636,10,65.08
4163,M,Employe,0,Bordeaux,Prive,0.22602142564629074,12,74.23
4164,F,Ouvrier,0,Nantes,Prive,0.6760298548928678,10,63.71
4165,M,Retraite,0,Nantes,Public,0.7502481269177538,13,77.21
4166,M,Employe,0,Lyon,Public,0.5475311963645366,10,74.84
4167,F,Professions_intermediaires,1,Toulouse,Prive,0.31183014265365516,11,38.6
4168,F,Agriculteur,0,Lille,Prive,0.44446733982200937,11,73.8
4169,M,Retraite,1,Nantes,Public,0.3689927457080671,12,30.7
4170,M,Agriculteur,0,Nantes,Public,0.49012174204725895,12,62.34
4171,F,Cadre,0,Paris,Public,0.6431820207241333,11,86.64
4172,F,Retraite,0,Toulouse,Prive,0.4949544569567463,11,76.28
4173,M,Ouvrier,0,Nantes,Prive,0.4992944993747134,13,53.16
4174,F,Employe,0,Lyon,Prive,0.397383110882498,13,68.84
4175,F,Employe,1,Bordeaux,Public,0.6329730245198063,13,37.0
4176,F,Professions_intermediaires,0,Nancy,Prive,0.573657214123203,11,75.06
4177,F,Retraite,0,Bordeaux,Public,0.1323621560417758,10,52.73
4178,M,Agriculteur,0,Bordeaux,Prive,0.1437029500799562,12,71.14
4179,F,Retraite,0,Paris,Prive,0.4336709613414735,10,56.92
4180,F,Ouvrier,0,Lyon,Prive,0.6941344868183822,10,51.33
4181,M,Agriculteur,0,Marseille,Prive,0.7333295721556008,13,68.88
4182,F,Agriculteur,0,Lille,Prive,0.6525897557335327,10,66.95
4183,F,Cadre,0,Lille,Public,0.46986647160986766,13,86.67
4184,M,Ouvrier,0,Nantes,Public,0.7929803907208028,10,77.98
4185,F,Ouvrier,1,Lyon,Prive,0.3555009200150682,11,34.96
4186,M,Retraite,0,Lille,Public,0.4317955202710168,12,66.975
4187,F,Employe,1,Bordeaux,Prive,0.2158132686912146,12,41.03
4188,F,Professions_intermediaires,0,Marseille,Prive,0.4309326742607664,12,78.17
4189,F,Retraite,0,Bordeaux,Prive,0.3276557722681397,12,52.6
4190,M,Cadre,0,Toulouse,Prive,0.80757416475148,12,90.25
4191,F,Employe,1,Toulouse,Public,0.7682001165975973,11,62.59
4192,F,Cadre,0,Lyon,Public,0.5126559344533896,11,78.61
4193,M,Employe,0,Bordeaux,Prive,0.5933891289005833,10,67.18
4194,F,Employe,1,Marseille,Prive,0.37915904046052223,12,44.91
4195,M,Agriculteur,1,Lille,Prive,-0.007330261295987017,11,23.17
4196,F,Cadre,0,Lyon,Prive,0.34750709578187183,13,66.975
4197,M,Agriculteur,0,Marseille,Public,0.6495925490367076,13,65.84
4198,F,Agriculteur,0,Lyon,Prive,0.5876313882316623,10,70.69
4199,M,Professions_intermediaires,0,Lyon,Public,0.4215857896826134,12,77.48
4200,F,Professions_intermediaires,0,Bordeaux,Prive,0.6479005044118309,10,84.87
4201,M,Employe,0,Lille,Prive,0.40583457899204145,11,53.91
4202,M,Professions_intermediaires,0,Lyon,Public,0.2716775889071612,11,72.39
4203,F,Agriculteur,0,Lyon,Public,0.6479183873152244,11,81.3
4204,F,Employe,0,Lyon,Prive,0.3776356710991442,13,59.59
4205,F,Employe,0,Nantes,Public,0.7053224147661259,10,79.86
4206,M,Agriculteur,0,Nancy,Prive,0.1004668197126673,13,62.62
4207,M,Retraite,0,Marseille,Public,0.38609130321571905,13,65.63
4208,M,Cadre,0,Bordeaux,Public,0.6194352947722395,12,94.11
4209,F,Agriculteur,0,Paris,Public,0.598772994954983,13,63.43
4210,M,Employe,1,Nantes,Public,0.45577160195935373,10,37.25
4211,F,Professions_intermediaires,0,Paris,Public,0.5574643366148495,12,86.96
4212,M,Retraite,0,Nancy,Prive,0.5280318179269331,13,61.6
4213,F,Cadre,1,Paris,Prive,0.20219267468887048,11,45.68
4214,M,Professions_intermediaires,0,Lyon,Public,0.427275758850222,10,70.78
4215,M,Ouvrier,0,Nancy,Public,0.5454781938226545,11,59.89
4216,M,Professions_intermediaires,1,Nancy,Prive,0.6012436405915141,10,58.3
4217,F,Professions_intermediaires,1,Toulouse,Public,0.4869756207235607,12,51.62
4218,F,Retraite,0,Bordeaux,Public,0.38960785199092274,10,78.58
4219,M,Employe,1,Nantes,Prive,0.2331005726856063,11,32.94
4220,F,Cadre,0,Marseille,Public,0.6505561340897306,13,71.22
4221,F,Professions_intermediaires,0,Lille,Public,0.6285695469864421,10,65.0
4222,M,Retraite,0,Lyon,Prive,0.6974467694504082,12,61.59
4223,M,Employe,0,Lille,Public,0.2843258474654966,10,66.4
4224,M,Agriculteur,0,Lille,Public,0.5244024268528068,10,66.55
4225,M,Retraite,0,Toulouse,Public,0.3615467467798218,12,63.93
4226,F,Professions_intermediaires,0,Paris,Prive,0.5092897826235587,11,69.52
4227,F,Cadre,0,Toulouse,Public,1.0813324441542016,12,100.0
4228,M,Employe,0,Marseille,Public,0.680729224898508,13,56.56
4229,F,Employe,0,Nancy,Public,0.3488724850460861,12,66.44
4230,F,Ouvrier,0,Lyon,Prive,0.4494743062596372,12,65.59
4231,F,Ouvrier,0,Paris,Prive,0.4275836788207463,12,51.43
4232,M,Cadre,0,Lille,Public,0.5247816372424455,10,99.49
4233,M,Ouvrier,0,Nantes,Prive,0.19521056864127617,11,36.23
4234,F,Ouvrier,1,Nancy,Prive,0.5647404199874017,13,49.05
4235,F,Agriculteur,1,Nantes,Prive,0.0764774640623927,12,47.51
4236,F,Ouvrier,0,Lille,Prive,0.16545900025330157,12,46.16
4237,M,Ouvrier,0,Lille,Public,0.9003349208829634,12,71.46
4238,F,Professions_intermediaires,0,Nantes,Public,0.42784780993682303,12,65.99
4239,M,Retraite,0,Paris,Prive,0.7852491505927008,10,72.72
4240,F,Agriculteur,0,Nantes,Public,0.3379673444903481,12,63.73
4241,F,Ouvrier,0,Lille,Prive,0.0796986308822647,10,52.06
4242,F,Employe,1,Lyon,Prive,0.28986393680164946,12,38.41
4243,M,Agriculteur,0,Paris,Public,1.0375999390470412,13,74.41
4244,F,Agriculteur,0,Marseille,Prive,0.2178636443829301,11,56.12
4245,F,Cadre,0,Nantes,Prive,0.8552972810307866,11,98.89
4246,F,Retraite,0,Nantes,Public,0.5690427756342773,10,81.82
4247,F,Retraite,0,Nancy,Public,0.523967025375398,11,86.32
4248,F,Agriculteur,0,Lille,Prive,0.3502805841337404,12,74.42
4249,M,Agriculteur,0,Lyon,Prive,0.3197574531322024,10,63.79
4250,F,Agriculteur,0,Lille,Prive,0.6128189040434164,11,66.975
4251,F,Ouvrier,0,Nantes,Public,0.7638551416014294,13,70.27
4252,F,Agriculteur,0,Lille,Prive,0.5392581621869736,13,67.09
4253,M,Retraite,0,Marseille,Prive,0.6479137238524504,10,66.975
4254,F,Employe,0,Bordeaux,Public,0.4148820399618942,13,75.26
4255,F,Ouvrier,0,Marseille,Prive,0.9346169382041747,13,64.22
4256,F,Cadre,0,Toulouse,Prive,0.5477173407999635,12,95.07
4257,F,Employe,0,Lille,Public,0.9066401459966975,13,82.49
4258,F,Retraite,0,Nancy,Prive,0.3069594917946422,12,66.975
4259,M,Cadre,1,Nantes,Prive,0.49099786015790625,11,64.35
4260,F,Professions_intermediaires,0,Toulouse,Prive,0.7142990810613049,12,79.58
4261,F,Retraite,0,Paris,Public,0.528402837973431,13,42.64
4262,F,Agriculteur,0,Lyon,Public,0.6035473752588391,10,58.98
4263,F,Agriculteur,0,Bordeaux,Prive,0.3044442371284022,12,66.975
4264,M,Retraite,0,Marseille,Prive,0.41890129758069555,11,55.66
4265,M,Agriculteur,0,Marseille,Public,0.3249354753229978,13,69.39
4266,M,Employe,1,Paris,Prive,0.4828945621579712,12,57.99
4267,F,Agriculteur,1,Nantes,Public,0.4623199758266294,10,30.01
4268,M,Employe,0,Paris,Public,0.3941918158672995,12,79.15
4269,F,Employe,0,Nancy,Public,0.6264692765765906,13,69.72
4270,M,Professions_intermediaires,0,Marseille,Prive,0.2869654322811491,13,72.79
4271,M,Employe,0,Lille,Prive,0.0701616115287037,12,74.98
4272,M,Ouvrier,0,Bordeaux,Public,0.38568556553998934,10,66.15
4273,M,Retraite,0,Paris,Prive,0.9304806340127647,13,71.86
4274,F,Professions_intermediaires,0,Nancy,Public,0.6019796164892254,12,72.93
4275,F,Agriculteur,0,Lyon,Prive,0.3307517252163964,13,61.73
4276,M,Agriculteur,0,Nancy,Public,0.5890070846874038,13,64.86
4277,F,Professions_intermediaires,0,Lyon,Public,0.4731704544532015,13,86.27
4278,M,Professions_intermediaires,0,Bordeaux,Public,0.5775252766788443,12,80.56
4279,M,Agriculteur,0,Toulouse,Public,0.6761466728784445,12,73.76
4280,M,Employe,0,Toulouse,Prive,0.5387026889019491,10,65.88
4281,F,Agriculteur,0,Lille,Prive,0.5241095933139917,10,76.58
4282,M,Agriculteur,0,Toulouse,Prive,0.7973003463694712,12,57.58
4283,F,Employe,0,Lyon,Prive,0.6079334696445137,13,87.64
4284,F,Ouvrier,0,Nancy,Public,0.5389676848733784,13,59.95
4285,F,Retraite,0,Nantes,Prive,0.5084428038635459,13,57.12
4286,M,Retraite,1,Paris,Public,0.3868203134894952,10,51.83
4287,M,Retraite,0,Marseille,Prive,0.25089271642691047,11,68.63
4288,M,Ouvrier,0,Nancy,Prive,0.6340798520106694,12,62.28
4289,M,Retraite,0,Lyon,Prive,0.755317506635864,12,81.56
4290,F,Retraite,0,Nantes,Public,0.5855668000649176,11,76.41
4291,F,Agriculteur,0,Paris,Public,0.6131867773207962,13,75.41
4292,M,Cadre,1,Marseille,Prive,0.3225808606438515,10,45.33
4293,F,Professions_intermediaires,0,Nancy,Prive,0.38076107596533043,13,74.01
4294,F,Cadre,0,Nantes,Prive,0.24363645977344106,11,79.94
4295,M,Ouvrier,0,Marseille,Public,0.45009620230930597,12,56.66
4296,M,Professions_intermediaires,0,Marseille,Prive,0.696640882663875,11,74.99
4297,F,Employe,0,Lille,Prive,0.36051472036049825,11,72.2
4298,M,Employe,0,Nancy,Prive,0.48506750797306025,12,55.47
4299,F,Ouvrier,0,Lyon,Prive,0.6404906326092243,12,75.34
4300,F,Cadre,1,Nantes,Prive,0.7416247582535587,12,70.36
4301,F,Ouvrier,0,Paris,Prive,0.1705933145364471,10,66.975
4302,M,Retraite,1,Bordeaux,Prive,0.40466263517685347,10,39.29
4303,F,Retraite,1,Lille,Public,0.35234425065696806,11,44.04
4304,F,Agriculteur,1,Nancy,Public,0.32465985882377707,10,58.62
4305,M,Employe,1,Lille,Public,0.42340791937901556,12,51.71
4306,M,Ouvrier,0,Nancy,Prive,0.1105034213391291,12,62.06
4307,M,Professions_intermediaires,0,Nancy,Public,0.42647993755301516,10,71.81
4308,M,Agriculteur,0,Paris,Public,0.5070021589564729,10,66.24
4309,M,Ouvrier,0,Lyon,Prive,0.2913731925406733,13,72.12
4310,M,Retraite,0,Bordeaux,Prive,0.4036579154939853,12,60.64
4311,M,Cadre,0,Bordeaux,Public,0.5039114741808689,13,79.16
4312,M,Agriculteur,1,Nancy,Public,0.5239637014477943,12,42.68
4313,F,Ouvrier,0,Lyon,Public,0.17311586334194984,11,56.96
4314,F,Cadre,0,Paris,Prive,0.6400511675262158,11,78.82
4315,M,Cadre,0,Paris,Public,0.6448610237892047,13,88.83
4316,F,Ouvrier,0,Paris,Prive,0.3515124767643639,13,59.71
4317,M,Agriculteur,0,Lyon,Public,0.8355896339540645,11,80.7
4318,F,Retraite,0,Lille,Prive,0.5911659522497397,11,51.76
4319,M,Professions_intermediaires,0,Nantes,Public,0.5622546120069208,11,57.38
4320,F,Cadre,0,Lyon,Public,0.6366129132993179,13,66.975
4321,M,Professions_intermediaires,0,Marseille,Public,0.2934010206394355,10,68.2
4322,F,Cadre,0,Lille,Prive,0.4293126785967159,10,73.89
4323,F,Cadre,0,Toulouse,Public,0.6235200816142059,13,75.9
4324,F,Agriculteur,0,Marseille,Prive,0.34044304472886266,13,69.88
4325,M,Professions_intermediaires,1,Marseille,Public,0.42951179382433957,11,49.64
4326,F,Employe,0,Toulouse,Public,0.6202044575777301,12,78.42
4327,M,Cadre,1,Nancy,Prive,0.5619700775024224,11,52.98
4328,F,Retraite,0,Nancy,Public,0.5041860861829114,13,64.62
4329,F,Professions_intermediaires,0,Nancy,Public,0.51251461410349,10,90.83
4330,M,Ouvrier,1,Bordeaux,Public,0.465022705740751,12,36.55
4331,F,Retraite,0,Marseille,Prive,0.6705550959208727,12,64.0
4332,F,Agriculteur,0,Toulouse,Public,0.9180126971214932,13,86.91
4333,M,Employe,0,Nantes,Prive,0.5585343631806003,12,79.26
4334,M,Retraite,0,Marseille,Prive,0.7564048202891963,11,63.92
4335,M,Retraite,0,Lille,Public,0.4126586216719279,11,57.02
4336,F,Retraite,0,Toulouse,Public,0.36368632511026333,12,70.29
4337,M,Cadre,0,Toulouse,Prive,0.342361944515012,13,83.23
4338,F,Retraite,1,Bordeaux,Public,0.31633121042829787,10,44.36
4339,M,Agriculteur,1,Toulouse,Public,0.4412929519366808,12,48.84
4340,M,Retraite,0,Toulouse,Prive,0.6772217872920603,12,67.44
4341,F,Professions_intermediaires,0,Marseille,Prive,0.7005870379493832,10,88.94
4342,F,Employe,0,Nancy,Public,0.3980694946383973,11,78.75
4343,F,Employe,0,Paris,Public,0.43521525961080354,12,57.81
4344,F,Retraite,1,Toulouse,Prive,0.49959109403941193,13,53.48
4345,F,Professions_intermediaires,0,Nantes,Public,0.546818921259223,13,76.13
4346,M,Retraite,0,Marseille,Public,0.6173417744923301,11,55.01
4347,F,Professions_intermediaires,0,Nancy,Prive,0.42017080713348254,12,65.42
4348,F,Professions_intermediaires,0,Marseille,Prive,0.459915272233404,12,70.93
4349,M,Ouvrier,0,Lille,Prive,0.7709372947840318,12,75.48
4350,F,Cadre,0,Lyon,Prive,0.4442827308187543,13,74.97
4351,M,Professions_intermediaires,0,Nantes,Prive,0.3850773972002207,10,55.27
4352,M,Ouvrier,0,Nantes,Public,0.48289318331755704,13,57.24
4353,M,Ouvrier,0,Toulouse,Prive,0.5156297771451175,10,56.05
4354,F,Professions_intermediaires,0,Lille,Public,0.19182421471395994,13,78.36
4355,F,Employe,1,Lille,Prive,0.4112640305184677,11,66.975
4356,M,Agriculteur,0,Paris,Prive,0.5839929126482979,10,76.26
4357,M,Cadre,0,Nancy,Prive,0.9008997395191756,10,89.28
4358,F,Cadre,0,Lyon,Public,0.39422289649129316,13,72.21
4359,M,Ouvrier,0,Lille,Prive,0.6529758515586823,12,75.17
4360,M,Cadre,0,Lille,Prive,0.535841240767992,11,79.48
4361,F,Professions_intermediaires,1,Toulouse,Public,0.7320024584497752,13,66.43
4362,M,Professions_intermediaires,1,Marseille,Prive,0.37622992493841656,13,47.96
4363,F,Employe,0,Nantes,Public,0.7206374352591212,10,79.27
4364,M,Ouvrier,0,Toulouse,Public,0.7804144876703166,12,68.89
4365,M,Retraite,0,Bordeaux,Public,0.7889220566145513,12,71.51
4366,M,Retraite,1,Bordeaux,Prive,0.7854815659124621,12,54.0
4367,F,Retraite,0,Marseille,Public,0.5381735115857024,12,64.17
4368,F,Employe,1,Marseille,Prive,0.616989157947425,11,35.73
4369,M,Professions_intermediaires,1,Lille,Public,0.4160843889837553,10,54.75
4370,M,Ouvrier,0,Toulouse,Prive,0.05541388208906123,10,60.53
4371,M,Retraite,0,Toulouse,Public,0.5511749203725899,11,64.73
4372,F,Ouvrier,1,Lille,Prive,0.46780092108616034,12,37.97
4373,F,Cadre,0,Nancy,Public,0.6926127129764333,13,92.09
4374,M,Retraite,0,Nancy,Prive,0.6723953454079669,10,76.61
4375,F,Agriculteur,0,Toulouse,Prive,0.2875667045150262,11,62.3
4376,M,Retraite,0,Bordeaux,Public,0.9678312647372249,12,60.84
4377,F,Cadre,0,Paris,Prive,0.5776269036172033,11,88.63
4378,F,Ouvrier,1,Lyon,Prive,0.24316642458181287,10,39.13
4379,F,Ouvrier,0,Nantes,Public,0.27117490425928215,12,58.03
4380,M,Ouvrier,0,Marseille,Prive,0.06444863708321513,10,45.97
4381,M,Ouvrier,0,Lille,Prive,0.652729166237684,12,66.37
4382,F,Cadre,1,Lille,Prive,0.3946267648493921,11,61.1
4383,F,Ouvrier,0,Toulouse,Public,0.33192269474075853,12,53.87
4384,M,Employe,0,Lille,Public,0.37120642436040274,10,61.59
4385,F,Cadre,0,Bordeaux,Public,0.43987778339159633,12,85.73
4386,M,Agriculteur,1,Nantes,Public,0.6151313371603131,10,53.06
4387,F,Agriculteur,0,Toulouse,Prive,0.17110741731206436,11,57.64
4388,F,Ouvrier,0,Paris,Prive,0.2860399644816611,13,58.58
4389,F,Retraite,0,Nancy,Prive,0.5930067789547151,11,70.98
4390,M,Professions_intermediaires,0,Nantes,Prive,0.3811846025001785,11,76.4
4391,F,Cadre,0,Paris,Public,0.6164568812113635,11,92.4
4392,M,Cadre,0,Paris,Public,0.4005072832655551,11,93.54
4393,F,Retraite,0,Nantes,Public,0.8149625635177701,12,78.6
4394,F,Cadre,0,Nancy,Prive,0.5417339882423868,11,100.0
4395,M,Employe,0,Nancy,Public,0.7452532820420684,12,66.975
4396,M,Cadre,0,Bordeaux,Prive,0.6035524971076469,13,95.28
4397,F,Ouvrier,0,Bordeaux,Public,0.6156560891273177,13,53.01
4398,F,Ouvrier,0,Toulouse,Prive,0.3495159463037055,10,65.0
4399,F,Employe,1,Nancy,Public,0.733476313082375,12,61.3
4400,M,Employe,0,Toulouse,Public,0.5431521104350066,13,67.55
4401,F,Cadre,0,Lyon,Public,0.3092404370627699,12,62.87
4402,F,Ouvrier,1,Bordeaux,Prive,0.07800172760957502,12,11.25
4403,F,Professions_intermediaires,0,Toulouse,Public,0.5279879495528832,11,73.6
4404,M,Ouvrier,0,Lille,Public,0.8015745923043001,10,61.79
4405,F,Employe,0,Toulouse,Public,0.31857059941946564,12,51.09
4406,M,Retraite,1,Lyon,Public,0.3118385985038752,13,43.34
4407,F,Ouvrier,1,Nantes,Public,0.43674804877039536,11,29.91
4408,F,Employe,0,Lyon,Prive,0.7202474026731306,12,58.35
4409,F,Professions_intermediaires,0,Lille,Prive,0.13264245075046438,12,85.99
4410,F,Employe,1,Bordeaux,Public,0.3699641428519643,13,50.18
4411,F,Employe,0,Toulouse,Prive,0.29884783303163087,11,60.24
4412,M,Ouvrier,0,Lyon,Public,0.6124202468353415,11,49.76
4413,F,Cadre,0,Lyon,Prive,0.47145692390341565,12,76.9
4414,M,Agriculteur,0,Lyon,Public,0.4306840266143479,12,60.87
4415,F,Professions_intermediaires,0,Nantes,Prive,0.4639839078380669,12,69.81
4416,F,Retraite,0,Lyon,Public,0.6569649337849106,12,66.05
4417,F,Agriculteur,0,Paris,Public,0.7243204547731966,13,63.81
4418,F,Agriculteur,0,Lyon,Public,0.7049259270471099,11,66.15
4419,M,Cadre,0,Nancy,Public,0.615081277704993,11,71.13
4420,F,Professions_intermediaires,1,Toulouse,Prive,0.7767810122054801,13,43.77
4421,M,Professions_intermediaires,1,Marseille,Public,0.313677174670119,10,36.08
4422,M,Agriculteur,0,Lille,Public,0.5775360470117786,13,64.22
4423,M,Professions_intermediaires,1,Marseille,Public,0.9697176817866381,10,61.56
4424,F,Cadre,1,Nantes,Prive,0.13265228853868238,12,61.61
4425,F,Ouvrier,0,Paris,Public,0.39315348804362243,13,62.89
4426,M,Retraite,0,Nancy,Public,0.2928314326370706,13,65.06
4427,F,Cadre,0,Lyon,Prive,0.5577438462829166,12,84.03
4428,F,Agriculteur,0,Paris,Prive,0.7875663665638345,10,81.72
4429,M,Agriculteur,0,Bordeaux,Public,0.6075013997760358,11,51.08
4430,M,Ouvrier,1,Bordeaux,Prive,0.4565364891121235,12,44.48
4431,M,Professions_intermediaires,0,Nancy,Prive,0.6091357695201071,12,76.04
4432,F,Cadre,1,Toulouse,Prive,0.4420562234190313,11,72.88
4433,M,Employe,0,Marseille,Public,0.5388683404919109,12,43.74
4434,F,Employe,0,Nantes,Public,0.623722380202132,13,79.43
4435,M,Professions_intermediaires,1,Lyon,Public,0.8505644810933692,10,47.08
4436,M,Ouvrier,0,Toulouse,Prive,0.5898867769230515,12,72.05
4437,M,Professions_intermediaires,0,Lille,Prive,0.5435391444373696,12,67.37
4438,M,Retraite,0,Bordeaux,Public,0.9070803627776578,13,76.69
4439,F,Ouvrier,0,Nantes,Public,0.10880672915184059,11,52.12
4440,F,Ouvrier,0,Lyon,Public,0.4815968627336698,10,70.23
4441,F,Ouvrier,0,Paris,Public,0.3517437299874401,11,59.6
4442,F,Agriculteur,0,Nantes,Prive,0.4523181975290657,11,82.58
4443,M,Retraite,0,Nancy,Public,0.6207949483342246,13,60.18
4444,F,Retraite,0,Nantes,Prive,0.6961325736516225,13,60.5
4445,M,Ouvrier,0,Nantes,Prive,0.3959197706585932,11,51.83
4446,F,Cadre,0,Marseille,Public,0.6338263570491509,11,94.14
4447,F,Ouvrier,0,Paris,Prive,0.32047105319486235,10,63.62
4448,F,Cadre,0,Lille,Prive,0.24390251873913826,10,68.28
4449,M,Employe,1,Marseille,Prive,0.5141714236419345,12,39.68
4450,M,Professions_intermediaires,1,Lyon,Prive,0.45629211421996685,12,55.63
4451,M,Retraite,0,Nancy,Prive,0.7981067405783382,13,81.77
4452,F,Agriculteur,0,Paris,Public,0.9256901470978148,10,72.54
4453,F,Ouvrier,0,Paris,Prive,0.3782900065443402,10,45.98
4454,M,Employe,0,Nantes,Prive,0.13769444144262855,12,68.06
4455,M,Employe,0,Paris,Prive,0.22656523957900382,10,45.25
4456,F,Employe,1,Nancy,Prive,0.3328603605895188,13,49.68
4457,M,Cadre,0,Toulouse,Prive,0.5414610846408865,11,65.39
4458,F,Professions_intermediaires,1,Paris,Prive,0.44776162144887954,12,53.27
4459,F,Agriculteur,0,Lille,Prive,0.24829791451930067,13,60.78
4460,M,Retraite,0,Lyon,Prive,0.8572276046528478,12,64.82
4461,F,Agriculteur,0,Bordeaux,Public,0.6325717691131866,10,85.37
4462,F,Employe,0,Lyon,Prive,0.8518038751078468,10,75.49
4463,M,Employe,0,Nancy,Prive,0.13978155704602901,11,66.975
4464,M,Cadre,0,Lyon,Public,0.7545355610553355,10,87.29
4465,F,Agriculteur,0,Lille,Prive,0.47019441854545824,12,61.93
4466,F,Retraite,1,Toulouse,Prive,0.42163255309330305,10,60.22
4467,M,Cadre,0,Paris,Public,0.5048659307384227,10,66.975
4468,M,Employe,1,Paris,Prive,0.3601007321941462,13,60.62
4469,M,Ouvrier,0,Nancy,Prive,0.4714010560516152,10,51.94
4470,M,Ouvrier,0,Nancy,Public,0.689284511746362,10,64.33
4471,F,Professions_intermediaires,0,Marseille,Public,0.10739782996453479,11,62.56
4472,M,Professions_intermediaires,0,Nancy,Prive,0.7994625762590822,13,73.36
4473,F,Professions_intermediaires,0,Nantes,Prive,0.578478169004615,10,75.53
4474,F,Ouvrier,0,Bordeaux,Prive,0.47795649222848385,11,76.0
4475,M,Cadre,0,Bordeaux,Prive,0.6871227012073347,13,99.71
4476,F,Employe,1,Lille,Public,0.5727628827335626,13,50.32
4477,M,Cadre,0,Lyon,Public,0.40401789614146677,11,69.59
4478,F,Professions_intermediaires,0,Paris,Prive,0.3454286752042466,10,75.0
4479,M,Employe,0,Paris,Public,0.7999099964297005,10,68.84
4480,M,Professions_intermediaires,0,Paris,Prive,0.20419517489888872,13,58.81
4481,F,Employe,0,Marseille,Public,0.46061867602231377,11,73.38
4482,F,Professions_intermediaires,0,Lyon,Prive,0.21791647172465017,13,57.77
4483,M,Cadre,1,Lille,Public,0.5975575272228093,11,67.08
4484,F,Cadre,1,Marseille,Public,0.4805908321970688,11,69.09
4485,F,Ouvrier,0,Lyon,Prive,0.2500959289493566,12,61.93
4486,F,Professions_intermediaires,1,Nancy,Public,0.32620032577456914,13,40.13
4487,M,Retraite,0,Toulouse,Prive,0.5088816022945015,12,79.24
4488,F,Professions_intermediaires,0,Paris,Public,0.5570151959983806,10,79.15
4489,M,Agriculteur,0,Lille,Prive,0.11256594219682442,11,66.975
4490,F,Agriculteur,1,Bordeaux,Public,0.3589149376591392,10,34.22
4491,F,Ouvrier,0,Nantes,Public,0.5320905880006297,12,54.54
4492,F,Agriculteur,0,Lille,Public,0.7419648205271219,13,71.35
4493,M,Employe,0,Lille,Prive,0.6678521262891035,11,70.18
4494,F,Professions_intermediaires,0,Lyon,Prive,0.4090080687358022,11,76.33
4495,F,Retraite,1,Nantes,Public,0.6998187703099121,13,46.45
4496,M,Retraite,0,Paris,Prive,0.4369866174528837,10,75.38
4497,F,Cadre,0,Marseille,Prive,-0.12447827121064214,10,68.08
4498,F,Retraite,1,Nantes,Prive,0.7881751679895785,11,53.31
4499,F,Professions_intermediaires,0,Bordeaux,Prive,0.591531010804146,13,87.47
4500,F,Ouvrier,1,Nantes,Prive,0.5376108035886256,13,37.11
4501,M,Employe,1,Nantes,Public,0.5016449319518906,13,34.46
4502,M,Retraite,0,Paris,Prive,0.5605433314632973,13,61.33
4503,M,Retraite,0,Nancy,Prive,0.5014608424276809,10,71.97
4504,M,Retraite,1,Nancy,Public,0.4421773532520008,10,43.07
4505,F,Cadre,1,Lyon,Public,0.36937938292651046,13,68.44
4506,F,Employe,0,Lyon,Public,0.5153903994490565,11,56.75
4507,F,Agriculteur,0,Toulouse,Prive,0.3237451753504752,10,66.975
4508,M,Ouvrier,0,Bordeaux,Public,0.2715056352977392,12,59.93
4509,F,Retraite,0,Nantes,Prive,0.5539600459374251,13,69.57
4510,M,Professions_intermediaires,0,Bordeaux,Prive,0.6959991651365064,13,69.81
4511,F,Professions_intermediaires,0,Lille,Prive,0.34076095164708275,11,61.42
4512,M,Cadre,0,Lyon,Prive,0.37555082920934546,10,79.52
4513,F,Retraite,0,Toulouse,Public,0.16082890756139823,13,57.37
4514,M,Agriculteur,1,Marseille,Public,0.23676497768031185,10,30.98
4515,M,Ouvrier,0,Lille,Prive,0.2443264323418875,10,53.49
4516,M,Professions_intermediaires,0,Nancy,Prive,0.694853381818917,12,64.98
4517,F,Retraite,0,Nancy,Prive,0.15272593115544286,10,51.88
4518,F,Ouvrier,0,Nancy,Prive,0.5918355574818593,10,66.975
4519,M,Agriculteur,1,Marseille,Public,0.4469591639461649,13,45.6
4520,F,Employe,0,Lille,Public,0.6210605396459122,12,65.16
4521,M,Professions_intermediaires,0,Nancy,Prive,0.7332369460629208,13,91.03
4522,M,Retraite,1,Nancy,Prive,0.4940120426311001,12,46.37
4523,M,Cadre,0,Bordeaux,Public,0.7267465629034184,13,76.93
4524,M,Ouvrier,0,Nantes,Public,0.8099709293072634,12,66.975
4525,M,Ouvrier,0,Toulouse,Prive,0.7692691511316648,12,63.9
4526,F,Agriculteur,0,Bordeaux,Public,0.36556257723194086,12,73.1
4527,F,Retraite,0,Nantes,Public,0.1061119976946005,10,44.95
4528,F,Employe,0,Bordeaux,Prive,0.47503088687971096,13,73.11
4529,F,Retraite,0,Paris,Public,0.5356780184307449,11,84.49
4530,M,Cadre,0,Lyon,Public,0.10931955354592704,12,80.41
4531,F,Ouvrier,0,Paris,Public,0.5122168538143897,11,56.19
4532,F,Professions_intermediaires,0,Marseille,Public,-0.01454774079399157,13,74.28
4533,M,Retraite,0,Lyon,Public,0.8091606716956611,13,64.4
4534,M,Employe,0,Nancy,Prive,0.595484063493799,12,73.21
4535,F,Retraite,1,Lille,Prive,0.3364067349022285,10,61.88
4536,M,Professions_intermediaires,1,Paris,Public,0.5253398636076403,11,49.11
4537,F,Cadre,0,Marseille,Prive,0.5500366870732969,11,90.97
4538,M,Agriculteur,0,Paris,Prive,0.5965829082499186,12,87.94
4539,M,Cadre,0,Paris,Prive,0.5138791873408853,10,92.93
4540,M,Ouvrier,0,Paris,Public,0.6889969196255247,11,70.35
4541,M,Retraite,0,Nancy,Prive,0.24642944850001164,13,40.51
4542,M,Cadre,0,Lille,Public,0.4741662731771685,10,74.54
4543,M,Professions_intermediaires,0,Bordeaux,Public,0.8573317929743316,11,89.43
4544,M,Agriculteur,0,Bordeaux,Public,0.4296517065373703,11,63.44
4545,F,Ouvrier,0,Lyon,Public,0.5482773693615176,13,57.88
4546,M,Agriculteur,1,Nantes,Prive,0.3009507154612734,13,66.975
4547,M,Cadre,0,Nancy,Prive,0.9313725065230141,13,99.22
4548,M,Professions_intermediaires,0,Lille,Public,0.55705656066668,12,67.63
4549,M,Cadre,0,Toulouse,Public,0.24825730522924572,11,85.09
4550,M,Agriculteur,0,Bordeaux,Prive,0.7180734125501205,12,63.91
4551,F,Employe,0,Toulouse,Prive,0.28535555675705604,10,49.23
4552,F,Ouvrier,0,Nancy,Public,0.6367596793312681,12,67.11
4553,F,Cadre,0,Paris,Prive,0.7059949556905909,11,78.61
4554,M,Ouvrier,0,Toulouse,Prive,0.9053356902922078,11,57.34
4555,M,Employe,0,Lyon,Public,0.5447686623728094,12,58.51
4556,F,Professions_intermediaires,0,Bordeaux,Prive,0.5097691098878219,11,76.88
4557,F,Agriculteur,0,Bordeaux,Prive,0.09461880714675963,11,67.33
4558,M,Agriculteur,1,Nantes,Public,0.4086659138055835,10,43.01
4559,M,Employe,0,Toulouse,Prive,0.35714762083291285,11,52.67
4560,M,Agriculteur,0,Nantes,Prive,0.4638491111004121,10,56.71
4561,F,Cadre,0,Lille,Public,0.39598266500462864,13,68.87
4562,F,Employe,0,Toulouse,Prive,0.6572415896565216,13,78.04
4563,F,Agriculteur,0,Lille,Prive,0.388087567631801,12,58.54
4564,F,Professions_intermediaires,0,Nantes,Prive,0.5951063845337056,11,79.25
4565,M,Cadre,0,Marseille,Prive,0.4768940172291791,13,66.85
4566,F,Professions_intermediaires,0,Toulouse,Prive,0.3754518651349304,12,83.8
4567,M,Agriculteur,1,Paris,Public,0.3572817772974708,11,44.35
4568,M,Employe,0,Toulouse,Public,0.5465975656602194,11,53.5
4569,F,Ouvrier,1,Marseille,Prive,0.7741462082760568,10,41.68
4570,F,Professions_intermediaires,1,Marseille,Prive,0.35383233778286405,10,53.52
4571,M,Ouvrier,1,Marseille,Public,0.50950775562008,11,31.83
4572,F,Professions_intermediaires,0,Paris,Prive,0.5967676992003769,10,80.48
4573,F,Cadre,1,Toulouse,Prive,0.49603722147825174,13,76.5
4574,M,Employe,0,Lyon,Public,0.14795981948230702,13,67.06
4575,M,Professions_intermediaires,1,Lyon,Prive,0.5958054462534517,11,55.46
4576,M,Cadre,0,Bordeaux,Prive,0.1987188536338711,11,89.8
4577,F,Cadre,0,Lille,Prive,0.20148368485924356,13,80.26
4578,F,Employe,0,Lyon,Public,0.23905998544425788,11,61.19
4579,F,Agriculteur,0,Nancy,Public,0.46764084493664126,13,67.45
4580,F,Retraite,0,Lille,Public,0.30727779286496815,10,61.61
4581,F,Professions_intermediaires,0,Nancy,Public,0.21291158230120688,12,72.66
4582,M,Employe,0,Paris,Public,0.5759964557583053,10,60.18
4583,F,Retraite,0,Nantes,Prive,0.4946089523221979,12,75.13
4584,M,Ouvrier,0,Paris,Prive,0.6515315287179622,12,74.56
4585,M,Employe,0,Nancy,Public,0.3540981895766536,11,85.58
4586,M,Ouvrier,0,Toulouse,Public,0.4872852773569004,13,43.83
4587,F,Retraite,0,Nancy,Public,0.6600653390946588,12,68.89
4588,F,Ouvrier,0,Lyon,Public,0.23732785061947853,11,48.07
4589,M,Professions_intermediaires,0,Lille,Prive,0.3676821664538661,12,76.49
4590,F,Employe,0,Paris,Prive,0.6985581184608107,11,83.45
4591,M,Employe,0,Lille,Prive,0.5039121832717111,12,67.03
4592,F,Professions_intermediaires,1,Paris,Prive,0.46988762120326155,12,51.68
4593,F,Agriculteur,0,Marseille,Public,0.4922821831063991,13,64.61
4594,M,Ouvrier,0,Nancy,Prive,0.7446046898569892,10,63.29
4595,M,Ouvrier,0,Nancy,Public,0.4951858690303861,10,62.93
4596,F,Employe,1,Marseille,Public,0.5091126933293751,11,66.975
4597,M,Retraite,0,Marseille,Prive,0.4966511320178789,10,77.06
4598,F,Ouvrier,0,Nancy,Prive,0.1768139827004931,11,52.63
4599,M,Employe,0,Paris,Public,0.6005228613921823,11,77.13
4600,M,Cadre,0,Lyon,Public,0.33576983708810393,12,72.13
4601,M,Employe,0,Toulouse,Prive,0.24755841385678012,12,49.81
4602,M,Ouvrier,1,Paris,Public,0.1507089926406685,13,41.16
4603,F,Professions_intermediaires,1,Paris,Prive,0.1922462540742771,10,66.975
4604,M,Professions_intermediaires,0,Paris,Prive,0.0461326870107317,11,59.15
4605,F,Employe,0,Nantes,Prive,0.2949859106566153,13,55.6
4606,F,Agriculteur,0,Paris,Public,0.413070673838308,11,66.975
4607,F,Ouvrier,1,Lyon,Prive,0.7122512913131942,13,48.04
4608,F,Agriculteur,1,Nantes,Public,0.5121440863075797,12,51.1
4609,M,Employe,0,Toulouse,Prive,0.5506993471534214,11,55.02
4610,F,Employe,0,Toulouse,Prive,0.755877101992724,10,62.63
4611,F,Employe,0,Bordeaux,Public,-0.07024505133455006,12,57.13
4612,F,Retraite,0,Nancy,Public,0.578333186710419,10,72.44
4613,M,Professions_intermediaires,0,Toulouse,Prive,0.5629801529246365,11,68.24
4614,M,Agriculteur,0,Nantes,Public,0.6647296920002771,11,58.8
4615,M,Employe,0,Lyon,Prive,0.14074123971692187,10,59.36
4616,F,Ouvrier,0,Lyon,Prive,0.3851972510492923,10,39.1
4617,F,Ouvrier,1,Nancy,Prive,0.3138031066538792,13,33.89
4618,M,Cadre,0,Nantes,Prive,0.2424214734400672,11,83.68
4619,M,Employe,0,Lille,Prive,0.9625295824446001,10,74.96
4620,M,Agriculteur,0,Bordeaux,Prive,0.3867892824325221,11,66.975
4621,M,Agriculteur,0,Paris,Prive,0.685446352540477,12,85.63
4622,M,Employe,0,Bordeaux,Public,0.6411393297049088,13,70.16
4623,M,Cadre,1,Lyon,Public,0.21195970384277163,11,59.54
4624,F,Cadre,0,Nantes,Prive,0.39497298628144156,10,91.09
4625,F,Agriculteur,0,Paris,Prive,0.5120543550208793,11,68.13
4626,F,Professions_intermediaires,0,Lyon,Prive,0.579093325235903,12,74.76
4627,F,Professions_intermediaires,0,Nancy,Prive,0.5661405222811259,10,88.0
4628,F,Ouvrier,1,Nancy,Public,0.8506282115663093,12,41.85
4629,M,Cadre,0,Marseille,Prive,0.682080777138829,11,96.24
4630,F,Retraite,0,Toulouse,Public,0.6313867206654257,13,58.22
4631,F,Cadre,0,Bordeaux,Prive,0.6936581118771058,11,83.2
4632,F,Employe,1,Bordeaux,Public,0.7705569913969998,12,57.07
4633,F,Employe,0,Bordeaux,Public,0.37539615108517504,12,78.61
4634,F,Ouvrier,0,Lyon,Public,0.18409369169879614,13,55.88
4635,F,Agriculteur,0,Nancy,Prive,0.37867221385438715,10,54.23
4636,M,Ouvrier,0,Lyon,Public,0.22527316554722338,11,60.36
4637,M,Professions_intermediaires,0,Lyon,Prive,0.30340463425497133,10,62.53
4638,F,Cadre,1,Lille,Prive,0.5199621023246705,10,71.64
4639,M,Ouvrier,0,Paris,Prive,0.3893103955032665,11,60.15
4640,M,Retraite,0,Toulouse,Prive,0.6296146175632962,11,53.34
4641,M,Agriculteur,0,Toulouse,Public,0.5607212318915192,12,72.58
4642,F,Agriculteur,0,Lyon,Public,0.5729491714767563,12,59.99
4643,M,Retraite,0,Paris,Public,0.24700827480910498,13,70.6
4644,F,Retraite,0,Lyon,Prive,0.32448155197667583,11,47.48
4645,F,Agriculteur,0,Bordeaux,Public,0.11800535455149119,12,59.66
4646,F,Professions_intermediaires,0,Nancy,Public,0.613607760313632,10,69.48
4647,M,Agriculteur,1,Nancy,Public,0.8844305882230408,11,69.16
4648,F,Cadre,0,Lyon,Public,0.5357607653840546,10,72.35
4649,F,Employe,0,Nancy,Public,0.5535389796701735,13,90.65
4650,F,Cadre,0,Lyon,Prive,0.39368129082977477,12,79.91
4651,F,Cadre,0,Marseille,Prive,0.4566870230459042,10,79.47
4652,M,Ouvrier,0,Lille,Public,0.7549312641130028,11,72.56
4653,F,Retraite,0,Toulouse,Public,0.5181502157617685,13,65.59
4654,F,Retraite,1,Paris,Prive,0.6278602193414742,13,40.66
4655,F,Cadre,0,Nancy,Prive,0.7601628146283328,12,84.35
4656,F,Cadre,0,Lyon,Public,0.7200896740850621,12,85.87
4657,F,Retraite,0,Paris,Public,0.5064664612531922,13,59.4
4658,M,Cadre,0,Bordeaux,Public,0.5211654020078241,13,91.76
4659,F,Agriculteur,0,Bordeaux,Public,0.422735761360413,11,68.57
4660,F,Professions_intermediaires,0,Lyon,Prive,0.5997854458359166,13,81.86
4661,M,Employe,0,Bordeaux,Public,0.4173353698038722,12,61.41
4662,M,Agriculteur,1,Lyon,Public,0.5700221298634107,10,55.34
4663,F,Employe,0,Nancy,Public,0.7076581418330883,12,66.975
4664,F,Employe,0,Nancy,Public,0.16277665369353622,10,52.79
4665,F,Agriculteur,0,Paris,Public,0.12850443287853014,13,56.74
4666,M,Agriculteur,0,Bordeaux,Prive,0.4910680869525539,10,80.62
4667,F,Retraite,1,Nancy,Prive,0.6337690165562934,11,66.975
4668,F,Agriculteur,0,Toulouse,Prive,0.5573764530989446,13,65.98
4669,M,Ouvrier,0,Bordeaux,Prive,0.25781764062695006,13,56.64
4670,F,Retraite,0,Nantes,Prive,0.6799418020137759,10,68.28
4671,F,Cadre,0,Toulouse,Public,0.8816580560012501,13,84.11
4672,M,Ouvrier,0,Nantes,Prive,0.3262632148056307,11,45.55
4673,F,Professions_intermediaires,1,Paris,Prive,0.3549955488636789,12,59.05
4674,M,Employe,0,Nancy,Public,0.5051245600156543,10,56.42
4675,M,Cadre,0,Marseille,Public,0.47484870726523243,10,91.41
4676,F,Cadre,0,Nancy,Public,0.7406156214522823,11,86.59
4677,M,Ouvrier,0,Nancy,Prive,0.5567180562922276,11,40.34
4678,M,Retraite,0,Nantes,Prive,0.4416801432872387,10,68.54
4679,M,Professions_intermediaires,0,Nancy,Prive,0.3820613489263676,10,78.62
4680,F,Retraite,0,Paris,Public,0.19448485792638426,12,64.02
4681,F,Cadre,0,Lille,Prive,0.7739012338941824,12,87.33
4682,F,Professions_intermediaires,1,Nancy,Prive,0.6255289664888104,12,55.06
4683,M,Agriculteur,0,Paris,Prive,0.48190305970601927,12,63.51
4684,F,Employe,0,Lyon,Public,0.5217474128705448,13,62.49
4685,M,Retraite,0,Paris,Public,0.47846757639360415,11,66.05
4686,M,Employe,0,Lyon,Prive,0.14689122628495876,13,57.38
4687,M,Retraite,0,Marseille,Public,0.21575494541905266,11,53.57
4688,F,Professions_intermediaires,0,Lille,Prive,0.4591506074867041,13,68.19
4689,F,Professions_intermediaires,0,Nantes,Public,0.4557618036108439,12,75.86
4690,M,Employe,0,Paris,Public,0.4975749824281227,11,78.36
4691,F,Professions_intermediaires,0,Marseille,Public,0.8395088439359821,10,84.04
4692,F,Professions_intermediaires,1,Marseille,Public,0.4427321560501541,10,42.04
4693,M,Retraite,0,Toulouse,Prive,0.3474486383467862,12,60.42
4694,M,Retraite,0,Lyon,Prive,0.5106017841066408,10,68.56
4695,M,Cadre,0,Marseille,Public,0.22062942959411586,12,84.24
4696,M,Cadre,0,Nancy,Public,0.5311132318920512,12,89.33
4697,F,Cadre,0,Nancy,Public,0.355035053845121,12,83.51
4698,F,Cadre,0,Nantes,Public,0.5450107102500891,10,100.0
4699,F,Ouvrier,0,Lille,Public,0.4639498469299588,10,49.99
4700,F,Ouvrier,0,Toulouse,Public,0.47170120915699404,11,74.29
4701,M,Agriculteur,0,Nantes,Prive,0.6253017396484244,11,75.74
4702,F,Employe,0,Nantes,Public,0.6468775527405699,10,92.38
4703,M,Cadre,0,Marseille,Public,0.906627200861152,11,79.91
4704,M,Agriculteur,0,Toulouse,Public,0.6388616195894053,10,84.89
4705,M,Professions_intermediaires,0,Bordeaux,Prive,0.4510053631493618,10,87.66
4706,F,Cadre,0,Lille,Public,0.37347511977844094,11,81.3
4707,F,Agriculteur,0,Nantes,Prive,0.5693717303963612,12,63.37
4708,M,Ouvrier,0,Nantes,Public,0.7922873303862694,11,85.54
4709,M,Cadre,0,Nantes,Prive,0.6712576819366584,12,80.35
4710,F,Ouvrier,1,Lyon,Prive,0.3575408327106615,10,47.79
4711,F,Professions_intermediaires,0,Lyon,Prive,0.5905176904940199,10,90.95
4712,M,Ouvrier,0,Lille,Public,0.5444027882974467,13,59.53
4713,M,Retraite,0,Toulouse,Prive,0.7098221495915015,11,67.11
4714,F,Professions_intermediaires,0,Lyon,Prive,0.5602817277851708,12,92.71
4715,F,Employe,0,Marseille,Prive,0.5528040269084177,12,66.9
4716,M,Professions_intermediaires,0,Toulouse,Prive,0.2637484970430763,11,63.78
4717,M,Cadre,1,Nancy,Prive,0.6584115955783959,10,43.2
4718,M,Professions_intermediaires,1,Lyon,Public,0.22188118124103523,13,66.975
4719,F,Employe,1,Marseille,Public,0.5179195040419966,12,45.53
4720,F,Professions_intermediaires,0,Toulouse,Prive,0.3898457135991177,12,80.12
4721,M,Ouvrier,0,Lyon,Public,0.37804693653975907,13,55.99
4722,M,Ouvrier,0,Lille,Public,0.6165187940793165,11,74.58
4723,M,Professions_intermediaires,0,Paris,Prive,0.49935543561252643,10,86.36
4724,F,Professions_intermediaires,0,Nantes,Public,0.02131597517150996,13,56.01
4725,F,Employe,0,Marseille,Public,0.46043071373225564,13,63.45
4726,F,Ouvrier,0,Nancy,Prive,0.42233510055157963,11,65.02
4727,F,Cadre,0,Marseille,Prive,0.7514863133163503,10,100.0
4728,M,Retraite,0,Lille,Public,0.25151998686456567,13,59.55
4729,F,Agriculteur,0,Lille,Prive,0.8833855010508882,10,79.86
4730,M,Ouvrier,0,Marseille,Public,0.6713439830090191,10,66.91
4731,M,Retraite,0,Paris,Prive,0.4443941572528432,13,54.89
4732,M,Cadre,0,Lyon,Prive,0.416226267550936,10,78.08
4733,M,Professions_intermediaires,0,Bordeaux,Prive,0.372345986567149,13,69.52
4734,F,Ouvrier,1,Nantes,Prive,0.5638729999937594,12,51.91
4735,M,Employe,0,Paris,Public,0.34242880024938516,13,79.69
4736,F,Agriculteur,0,Paris,Public,0.4765323871096009,13,60.79
4737,F,Employe,0,Toulouse,Public,0.28268008466281963,11,70.21
4738,F,Ouvrier,1,Nantes,Public,0.6425535513624782,12,46.6
4739,F,Ouvrier,0,Nantes,Prive,0.5338947918352388,10,57.73
4740,M,Retraite,0,Paris,Prive,0.406405041324809,13,53.3
4741,F,Agriculteur,0,Lille,Public,0.45164983411206944,13,70.49
4742,F,Ouvrier,0,Marseille,Public,0.36142334375412555,11,53.19
4743,F,Retraite,0,Lyon,Prive,0.5626587673262019,12,70.24
4744,F,Agriculteur,0,Marseille,Public,0.24898750259534258,13,54.96
4745,M,Cadre,0,Nantes,Public,0.6803906932081272,11,78.03
4746,F,Professions_intermediaires,0,Marseille,Prive,0.5346591796081246,10,85.94
4747,M,Employe,0,Bordeaux,Public,0.41027056719798555,13,66.78
4748,F,Employe,0,Lyon,Public,0.6175386675127585,10,72.63
4749,M,Agriculteur,0,Paris,Prive,0.5777232979093985,10,65.16
4750,F,Employe,0,Paris,Public,0.29087421106034145,11,70.72
4751,F,Cadre,0,Toulouse,Prive,0.7614743710982503,11,89.61
4752,F,Cadre,0,Paris,Prive,0.0006894805226886902,10,81.52
4753,M,Ouvrier,0,Nancy,Prive,0.7179082240689046,13,60.71
4754,M,Agriculteur,1,Nantes,Prive,0.4673709640109187,10,37.72
4755,F,Agriculteur,0,Nancy,Prive,0.6981097045806708,13,67.32
4756,M,Retraite,0,Toulouse,Public,0.7880839177305119,12,74.15
4757,M,Professions_intermediaires,0,Lyon,Prive,0.41450748287669603,11,63.23
4758,F,Employe,0,Lyon,Prive,0.42390710837703566,11,83.13
4759,F,Employe,0,Paris,Prive,0.5629260365590193,10,57.64
4760,M,Cadre,0,Paris,Prive,0.27327165248879787,13,77.66
4761,M,Retraite,0,Nancy,Public,0.43366429016586494,12,73.26
4762,M,Employe,0,Marseille,Prive,0.4166829451154165,13,67.74
4763,F,Agriculteur,0,Bordeaux,Prive,0.2627692549451678,10,61.11
4764,F,Ouvrier,1,Marseille,Public,0.40617083696483625,13,49.79
4765,F,Retraite,0,Marseille,Public,0.6506092096115996,13,66.975
4766,F,Professions_intermediaires,1,Toulouse,Prive,0.6361747299022127,12,55.9
4767,M,Cadre,0,Marseille,Prive,0.4645586072591037,12,68.66
4768,F,Cadre,0,Paris,Prive,0.5124749128029663,11,93.73
4769,F,Cadre,0,Paris,Prive,0.43916071484550895,12,89.2
4770,F,Employe,0,Lille,Prive,0.14772678202115058,13,65.81
4771,F,Professions_intermediaires,0,Paris,Prive,0.2966603632031232,13,72.2
4772,M,Retraite,0,Marseille,Prive,0.6917979701472022,11,68.95
4773,F,Employe,0,Toulouse,Public,0.7394464271503252,12,74.74
4774,M,Agriculteur,0,Toulouse,Public,0.3283344661154537,11,66.97
4775,F,Professions_intermediaires,0,Bordeaux,Prive,0.7238175994955047,11,81.6
4776,F,Agriculteur,0,Bordeaux,Public,0.2598611519321814,12,55.83
4777,F,Agriculteur,0,Nancy,Prive,0.39657188400587845,11,46.9
4778,M,Ouvrier,0,Marseille,Prive,0.4762387069645321,12,78.27
4779,F,Ouvrier,0,Lille,Public,0.4453650273959995,13,54.46
4780,F,Retraite,0,Paris,Public,0.36156575660807333,10,60.87
4781,M,Ouvrier,1,Marseille,Public,0.5253478513241202,11,50.58
4782,M,Professions_intermediaires,0,Toulouse,Prive,0.6552908872229688,10,80.45
4783,F,Agriculteur,0,Marseille,Prive,0.20924912783655053,10,50.23
4784,M,Professions_intermediaires,0,Nancy,Prive,0.5252438243796033,10,64.07
4785,M,Ouvrier,0,Paris,Prive,0.69298312699137,11,72.17
4786,F,Ouvrier,0,Nantes,Public,0.4174528803740052,10,65.06
4787,M,Agriculteur,0,Lyon,Public,0.39062464763108135,12,60.95
4788,F,Retraite,1,Marseille,Prive,0.32983555605486015,11,41.38
4789,F,Cadre,0,Nancy,Prive,0.9000708345733411,10,94.65
4790,M,Professions_intermediaires,0,Lille,Prive,0.7986388609835482,13,82.8
4791,F,Retraite,0,Nancy,Prive,0.4410235027199889,12,67.99
4792,M,Agriculteur,0,Nancy,Prive,0.7360562531636993,13,69.69
4793,M,Professions_intermediaires,1,Lyon,Public,0.39478000885367615,13,57.99
4794,F,Professions_intermediaires,0,Bordeaux,Prive,0.4688781866214451,10,80.16
4795,F,Retraite,1,Nancy,Prive,0.28800951021970167,12,48.68
4796,F,Agriculteur,0,Paris,Prive,0.13137708131851938,10,68.33
4797,M,Cadre,0,Toulouse,Prive,0.38396444183070144,12,88.16
4798,F,Agriculteur,0,Lille,Public,0.414996591341818,13,63.54
4799,F,Employe,0,Nantes,Prive,0.5853159751853836,10,69.26
4800,M,Retraite,0,Lyon,Prive,0.6309878403202133,12,59.22
4801,M,Ouvrier,0,Bordeaux,Prive,0.4754603868721501,10,61.27
4802,M,Employe,0,Marseille,Public,0.3017725181910761,12,55.43
4803,F,Cadre,0,Nantes,Public,0.36841136860876234,10,86.83
4804,M,Employe,0,Nancy,Prive,0.8182203629232868,13,84.8
4805,M,Professions_intermediaires,0,Marseille,Public,0.6258292245769375,11,76.76
4806,M,Agriculteur,0,Lille,Prive,0.7845685284914633,13,69.39
4807,F,Retraite,0,Lyon,Prive,0.8553931134305746,13,77.76
4808,M,Professions_intermediaires,0,Marseille,Prive,0.3685066440801917,10,153.50199080195142
4809,F,Professions_intermediaires,0,Lille,Public,0.6640352024088922,12,72.38
4810,M,Professions_intermediaires,0,Lyon,Public,0.31956188700973753,12,71.07
4811,F,Ouvrier,0,Lyon,Prive,0.7066606849893973,11,68.87
4812,F,Agriculteur,1,Lille,Public,0.6655660361386876,12,50.64
4813,M,Ouvrier,0,Toulouse,Prive,0.07718537142752369,11,55.31
4814,M,Professions_intermediaires,0,Nantes,Prive,0.5805545934572292,13,61.03
4815,M,Retraite,0,Paris,Prive,0.32868574186843547,12,159.7538442513276
4816,F,Agriculteur,0,Bordeaux,Public,0.4319186997269596,11,84.14
4817,M,Professions_intermediaires,0,Paris,Public,0.36806125914807314,13,76.14
4818,F,Employe,0,Toulouse,Prive,0.6815889317351279,12,72.84
4819,M,Retraite,0,Lyon,Public,0.363299082649176,11,50.05
4820,M,Retraite,1,Toulouse,Prive,0.24419371551626323,11,35.28
4821,M,Cadre,1,Toulouse,Prive,0.33848715817083697,10,63.23
4822,M,Ouvrier,0,Lille,Public,0.4570959242955689,11,59.9
4823,M,Professions_intermediaires,0,Bordeaux,Public,0.5820474514991235,12,66.975
4824,M,Professions_intermediaires,1,Paris,Public,0.7391735354604281,12,61.51
4825,F,Retraite,0,Toulouse,Prive,0.6027199546805155,13,60.04
4826,F,Retraite,0,Nantes,Public,0.6167585947928601,10,62.9
4827,F,Employe,1,Toulouse,Prive,0.6476979832240731,11,59.82
4828,M,Employe,0,Nancy,Prive,0.6634694063384662,13,68.45
4829,M,Retraite,0,Nancy,Public,0.706677904523781,12,62.73
4830,F,Employe,1,Lille,Public,1.0010168670924906,11,66.975
4831,F,Cadre,0,Bordeaux,Prive,0.660173290809171,13,82.59
4832,F,Employe,1,Nancy,Public,0.5573016812816262,13,44.9
4833,F,Cadre,0,Lille,Prive,0.40695735411519496,11,91.17
4834,F,Professions_intermediaires,0,Marseille,Prive,0.5619886287663631,13,76.58
4835,M,Employe,0,Nantes,Prive,0.7307753692412395,10,82.91
4836,M,Cadre,0,Nantes,Prive,0.2563460428217854,12,66.975
4837,F,Cadre,1,Marseille,Public,0.7517168311744618,10,82.66
4838,F,Ouvrier,0,Lille,Prive,0.41465163471106026,12,58.28
4839,M,Agriculteur,0,Marseille,Public,0.45361456824645174,11,64.94
4840,M,Retraite,0,Lille,Prive,0.6043573941722769,13,64.16
4841,M,Cadre,0,Paris,Public,0.39465888536680027,13,100.0
4842,F,Employe,1,Marseille,Prive,0.5917625832842485,11,46.23
4843,F,Professions_intermediaires,1,Marseille,Prive,0.26956772237938964,10,69.07
4844,F,Professions_intermediaires,0,Marseille,Prive,0.6751921272061115,12,87.13
4845,M,Professions_intermediaires,1,Toulouse,Public,0.5391948479004379,13,44.92
4846,M,Professions_intermediaires,0,Nantes,Prive,0.4992651946490065,13,65.33
4847,M,Agriculteur,1,Toulouse,Public,0.554939353181463,10,50.94
4848,F,Ouvrier,0,Nancy,Prive,0.49597039008835775,10,66.975
4849,F,Ouvrier,0,Paris,Public,0.5883113452197213,10,59.86
4850,M,Ouvrier,0,Paris,Prive,0.45854646992981735,11,149.98313235196647
4851,M,Ouvrier,0,Toulouse,Prive,0.44182872264856976,11,66.975
4852,M,Retraite,1,Lyon,Prive,0.14640709918360062,10,37.61
4853,F,Agriculteur,0,Paris,Public,0.7729739114804348,10,79.74
4854,F,Professions_intermediaires,1,Paris,Prive,0.26739583507899056,11,51.44
4855,F,Agriculteur,0,Marseille,Public,0.8230912303794518,10,77.0
4856,M,Ouvrier,0,Lyon,Prive,0.4515332792897272,13,78.32
4857,M,Employe,0,Lyon,Public,0.7435045448133474,13,77.52
4858,M,Agriculteur,0,Marseille,Public,0.7084453216055517,10,96.26
4859,F,Cadre,1,Marseille,Prive,0.692445845371271,12,76.74
4860,M,Professions_intermediaires,0,Lille,Prive,0.5092873061589894,10,68.33
4861,F,Agriculteur,0,Bordeaux,Public,0.2610692681484943,10,75.44
4862,M,Ouvrier,0,Bordeaux,Public,0.46359513503404853,11,58.51
4863,M,Agriculteur,1,Bordeaux,Prive,0.4371040114006367,13,60.34
4864,M,Agriculteur,1,Paris,Public,0.4795663427560594,13,41.47
4865,M,Cadre,1,Toulouse,Public,0.2544606904464677,12,44.33
4866,M,Cadre,0,Nancy,Public,0.44274282348902216,10,83.66
4867,F,Ouvrier,1,Lille,Public,-0.08453158621547163,10,41.85
4868,F,Employe,0,Toulouse,Public,0.43993893734056566,12,61.5
4869,M,Employe,1,Marseille,Prive,0.5251594886013121,11,52.77
4870,M,Retraite,0,Nantes,Prive,0.34361741419670466,12,66.975
4871,F,Ouvrier,0,Lyon,Public,0.4459705392723373,12,68.81
4872,M,Employe,0,Lille,Public,0.5325148352296833,12,64.43
4873,F,Ouvrier,0,Marseille,Prive,0.7025617777842005,12,68.37
4874,M,Employe,0,Paris,Prive,0.7109262897450173,13,68.64
4875,F,Ouvrier,0,Marseille,Prive,0.561076962942625,12,56.09
4876,M,Employe,0,Lille,Prive,0.4941223341874796,13,49.57
4877,F,Agriculteur,1,Toulouse,Prive,0.5710349439056789,11,39.36
4878,F,Agriculteur,0,Paris,Public,0.8599904547032116,10,74.91
4879,M,Cadre,0,Marseille,Prive,0.6002966967472327,12,90.25
4880,M,Agriculteur,0,Bordeaux,Public,0.552125435665871,13,85.83
4881,F,Professions_intermediaires,0,Paris,Prive,0.714577591092275,13,75.54
4882,M,Retraite,0,Lille,Public,0.5096088012139702,12,58.48
4883,F,Agriculteur,0,Nantes,Prive,0.32932624455077164,13,53.82
4884,F,Employe,0,Nantes,Prive,0.5918321940147357,13,78.22
4885,F,Professions_intermediaires,0,Nantes,Prive,0.5340682582852047,13,81.39
4886,F,Agriculteur,0,Lyon,Public,0.45628038905475526,13,72.57
4887,M,Employe,0,Nantes,Prive,0.6087470518733124,11,72.49
4888,M,Professions_intermediaires,0,Lyon,Public,0.13748988076854407,10,62.67
4889,F,Cadre,0,Lyon,Prive,0.39186841712779147,11,95.35
4890,F,Employe,0,Paris,Public,0.32426229201907963,10,57.64
4891,M,Employe,0,Lyon,Prive,0.3450294755358397,10,59.33
4892,M,Ouvrier,0,Lyon,Public,0.46920389648991584,12,50.18
4893,F,Agriculteur,1,Lille,Public,0.31799662766554176,10,44.34
4894,F,Agriculteur,0,Paris,Prive,0.8353930818977038,10,69.9
4895,F,Professions_intermediaires,0,Bordeaux,Prive,0.5903333313556287,10,71.82
4896,F,Employe,1,Paris,Prive,0.3411258068349643,11,34.21
4897,M,Ouvrier,0,Lille,Public,0.15191304525270005,12,43.72
4898,M,Professions_intermediaires,0,Nancy,Public,0.38331141589874584,13,56.96
4899,M,Employe,0,Nancy,Prive,0.4340580778833255,12,68.77
4900,M,Professions_intermediaires,0,Paris,Public,0.3730099871372323,12,63.45
4901,F,Retraite,0,Nantes,Public,1.0084972330381312,11,91.19
4902,M,Ouvrier,0,Toulouse,Prive,0.16916031790701513,11,61.24
4903,M,Professions_intermediaires,1,Lyon,Public,0.5102068218912154,12,54.85
4904,M,Retraite,0,Bordeaux,Prive,0.47401350515898166,10,68.56
4905,F,Cadre,0,Lille,Public,0.45017369715723654,10,92.13
4906,M,Agriculteur,1,Paris,Prive,0.1121220861367121,13,35.01
4907,F,Agriculteur,0,Lyon,Prive,0.4914452627605728,13,67.48
4908,M,Cadre,0,Bordeaux,Prive,0.5360808982417339,13,94.5
4909,M,Employe,1,Paris,Prive,0.6419386930953999,12,60.41
4910,M,Agriculteur,0,Nantes,Prive,0.5966418859604266,13,63.18
4911,M,Professions_intermediaires,0,Nancy,Public,0.7436501083748485,13,100.0
4912,M,Cadre,0,Nancy,Public,0.0907572539309946,10,62.82
4913,F,Employe,0,Marseille,Prive,0.4530055092537466,11,46.9
4914,M,Agriculteur,0,Toulouse,Public,1.000901220207023,10,94.52
4915,M,Employe,0,Paris,Prive,0.7120184873620327,11,78.22
4916,F,Ouvrier,0,Bordeaux,Prive,0.2093132800639484,13,56.77
4917,F,Ouvrier,0,Nancy,Prive,0.5176273704886653,13,69.18
4918,F,Cadre,1,Nancy,Public,0.290518126222347,13,54.78
4919,M,Ouvrier,0,Nantes,Prive,0.4136924835379917,11,42.46
4920,M,Cadre,1,Nancy,Public,0.8999320160289668,10,68.75
4921,M,Employe,0,Toulouse,Public,0.6916988614206551,11,64.94
4922,M,Cadre,1,Nantes,Prive,0.19601063826720866,10,48.42
4923,M,Agriculteur,1,Lille,Prive,0.346955745640916,13,39.21
4924,M,Cadre,0,Nantes,Prive,0.5001628739074165,12,78.71
4925,F,Professions_intermediaires,0,Nancy,Public,0.4471337734563654,10,70.09
4926,F,Ouvrier,0,Marseille,Public,0.5626457198475984,11,66.31
4927,F,Ouvrier,0,Lyon,Prive,0.34512743439622423,11,63.11
4928,M,Retraite,0,Toulouse,Prive,0.4267554742735555,12,65.08
4929,F,Professions_intermediaires,0,Nantes,Prive,0.3427996140815919,13,49.17
4930,F,Ouvrier,1,Nantes,Public,0.4264753761777554,10,30.73
4931,F,Professions_intermediaires,1,Lyon,Prive,0.6407805796618861,12,49.56
4932,M,Ouvrier,0,Nancy,Public,0.5593485531768829,13,72.08
4933,M,Ouvrier,0,Bordeaux,Prive,0.3597395677870675,13,49.28
4934,M,Cadre,0,Bordeaux,Public,0.7264600704216477,11,71.91
4935,F,Professions_intermediaires,0,Lille,Prive,0.7127471718830519,11,86.38
4936,M,Professions_intermediaires,1,Paris,Public,0.4997768243032003,10,54.82
4937,M,Agriculteur,0,Toulouse,Prive,0.44838674498973813,12,89.49
4938,M,Employe,0,Paris,Prive,0.8525078442004359,11,62.32
4939,F,Employe,0,Bordeaux,Prive,0.8213838269627407,11,73.61
4940,F,Professions_intermediaires,0,Nancy,Public,0.19700764350470024,10,59.5
4941,M,Retraite,1,Toulouse,Public,0.7388587180600101,13,39.94
4942,F,Agriculteur,0,Nantes,Prive,0.8447577825527732,12,69.68
4943,M,Agriculteur,0,Nantes,Prive,0.6313280177682072,10,61.0
4944,M,Ouvrier,0,Marseille,Prive,0.40661581385468015,10,59.62
4945,F,Retraite,0,Nantes,Public,0.4308628740244034,11,64.55
4946,M,Retraite,0,Lille,Public,0.8421233584216423,10,71.24
4947,F,Professions_intermediaires,0,Paris,Public,0.667085246539239,10,90.59
4948,M,Cadre,0,Nantes,Public,0.6094505828013549,13,91.43
4949,F,Professions_intermediaires,0,Paris,Prive,0.9665562761047357,10,93.28
4950,F,Professions_intermediaires,1,Nantes,Prive,0.2984584640507239,12,52.52
4951,F,Retraite,1,Bordeaux,Prive,0.4818502254078503,13,47.88
4952,F,Ouvrier,0,Nantes,Public,0.5379995772415667,12,70.69
4953,M,Professions_intermediaires,0,Nancy,Public,0.457682646211994,10,62.78
4954,F,Agriculteur,1,Marseille,Public,0.13192710991859524,11,35.52
4955,F,Cadre,0,Bordeaux,Prive,0.7007741539883197,10,90.58
4956,F,Retraite,1,Marseille,Public,0.3497576272725077,13,42.57
4957,F,Ouvrier,0,Paris,Prive,0.3461735397726736,12,45.32
4958,F,Ouvrier,0,Paris,Prive,0.4281901100567399,13,66.975
4959,M,Agriculteur,0,Nantes,Prive,0.4539541504508766,10,79.94
4960,M,Ouvrier,1,Toulouse,Prive,0.4756989057091374,11,51.74
4961,F,Cadre,0,Lyon,Public,0.6927422127459099,11,83.5
4962,M,Employe,0,Paris,Prive,0.733769229486121,13,79.79
4963,M,Agriculteur,1,Paris,Public,0.44813171894043935,10,43.23
4964,F,Ouvrier,1,Nantes,Public,0.38037146356829654,13,39.5
4965,M,Cadre,0,Lyon,Public,0.4743178914849525,11,93.35
4966,F,Retraite,0,Nantes,Prive,0.32126751711332424,13,66.975
4967,F,Cadre,0,Nancy,Prive,0.49432757506329644,11,81.4
4968,F,Professions_intermediaires,0,Lyon,Prive,0.3107747627030102,13,66.66
4969,F,Retraite,0,Lille,Prive,0.9254443476985137,13,88.34
4970,M,Professions_intermediaires,0,Toulouse,Prive,0.5255833529615169,11,73.65
4971,M,Agriculteur,1,Toulouse,Prive,0.392434235314343,13,18.63
4972,F,Retraite,1,Bordeaux,Prive,0.6411723306107318,11,52.57
4973,M,Professions_intermediaires,1,Bordeaux,Public,0.25358855057403595,12,41.37
4974,M,Agriculteur,0,Bordeaux,Public,0.3576878904717017,13,62.31
4975,M,Professions_intermediaires,0,Nancy,Public,0.5847582551987812,10,81.2
4976,M,Agriculteur,0,Lille,Public,0.5270757305421743,11,51.96
4977,M,Professions_intermediaires,0,Toulouse,Public,0.7097518680822855,10,85.49
4978,F,Cadre,0,Lyon,Public,-0.045917579226719685,12,59.85
4979,M,Professions_intermediaires,0,Lyon,Prive,0.6636253146213558,11,70.91
4980,M,Cadre,0,Lyon,Prive,0.39132714889561276,10,84.47
4981,M,Cadre,0,Nantes,Prive,0.26594900480971817,13,67.78
4982,M,Employe,0,Nantes,Prive,0.15537095826994962,11,48.38
4983,F,Cadre,0,Marseille,Prive,0.38886540647601353,12,86.07
4984,F,Cadre,0,Paris,Public,0.817995724061354,10,97.26
4985,F,Professions_intermediaires,0,Bordeaux,Public,0.6938219912079577,11,78.16
4986,F,Cadre,0,Nantes,Public,0.8268735067481918,10,98.27
4987,M,Cadre,0,Paris,Prive,0.4772344403095149,12,100.0
4988,M,Ouvrier,0,Lyon,Prive,0.5213569286960282,11,47.06
4989,M,Cadre,0,Marseille,Public,0.18414411769093164,13,56.9
4990,M,Cadre,0,Toulouse,Public,0.18410757442863906,12,87.16
4991,M,Retraite,0,Paris,Prive,0.4706899121082622,10,52.71
4992,M,Cadre,0,Nancy,Prive,0.22476341447710801,13,81.27
4993,M,Ouvrier,0,Toulouse,Prive,0.328557918524562,13,61.69
4994,M,Employe,0,Nantes,Prive,0.5086538390255397,12,66.88
4995,M,Agriculteur,1,Lille,Public,0.7544681348597263,12,56.1
4996,F,Ouvrier,0,Paris,Prive,0.5019687398722947,13,76.93
4997,M,Ouvrier,0,Toulouse,Prive,0.22793637408187345,10,48.5
4998,M,Cadre,1,Nantes,Public,0.13563954410914691,10,67.48
4999,M,Cadre,0,Paris,Public,0.5239817483599317,13,144.67836460806103
5000,F,Cadre,0,Nantes,Prive,0.3741833979653737,13,66.975
5001,F,Ouvrier,0,Toulouse,Public,0.5232311937897566,10,66.39
5002,F,Agriculteur,1,Nantes,Public,0.4591654392667203,10,47.91
5003,M,Employe,0,Nancy,Public,0.48591124674586283,12,75.42
5004,M,Agriculteur,0,Lille,Public,0.7403156430359502,11,73.68
5005,M,Professions_intermediaires,0,Lyon,Public,0.7107261974341563,10,81.63
5006,M,Employe,0,Nantes,Public,0.5737691557650284,11,62.27
5007,F,Cadre,0,Nancy,Prive,0.32096178384117013,11,72.58
5008,M,Ouvrier,0,Nantes,Public,0.3897505818137674,13,48.37
5009,M,Agriculteur,0,Nantes,Public,0.65264970577501,13,65.84
5010,F,Employe,0,Nancy,Prive,0.7602799369753561,10,62.7
5011,M,Cadre,0,Toulouse,Public,0.2452556624097128,13,95.2
5012,F,Ouvrier,1,Nantes,Prive,0.8055055142932381,11,45.45
5013,M,Cadre,0,Nancy,Public,0.3440508992349335,10,80.49
5014,M,Cadre,0,Lille,Public,0.6337577443187693,10,76.61
5015,M,Employe,0,Bordeaux,Public,1.0602117423608663,11,97.72
5016,M,Retraite,0,Bordeaux,Prive,0.18205871884650238,11,54.71
5017,F,Employe,0,Nancy,Prive,0.6010408201961306,13,65.42
5018,M,Employe,0,Lyon,Prive,0.4372099648935744,11,61.15
5019,M,Professions_intermediaires,0,Bordeaux,Public,0.5894485299623418,12,74.07
5020,M,Employe,0,Lyon,Public,0.37620535759399787,10,61.54
5021,M,Cadre,1,Nancy,Prive,0.004107176145721314,13,40.98
5022,F,Agriculteur,1,Nantes,Public,0.34923717819419453,11,53.93
5023,M,Ouvrier,0,Toulouse,Public,0.5694007256398097,12,51.5
5024,F,Professions_intermediaires,0,Lille,Prive,0.7698430741710425,11,88.72
5025,M,Ouvrier,1,Lyon,Public,0.581107850180041,12,29.81
5026,F,Ouvrier,0,Lyon,Prive,0.7945514588431695,12,69.54
5027,F,Ouvrier,0,Marseille,Prive,0.4013126067996951,11,50.11
5028,F,Ouvrier,0,Lille,Public,0.3850431517798002,13,52.42
5029,M,Cadre,0,Nancy,Prive,0.5686154737098293,10,89.84
5030,F,Retraite,0,Marseille,Prive,0.42499882200391015,13,74.48
5031,F,Retraite,0,Lille,Prive,0.7245009612913897,12,86.84
5032,M,Ouvrier,0,Toulouse,Prive,0.21888232410296143,10,57.17
5033,F,Retraite,0,Marseille,Public,0.6725397500933257,11,69.25
5034,F,Professions_intermediaires,0,Lille,Public,0.7416054971883821,11,72.15
5035,F,Professions_intermediaires,0,Lyon,Public,0.5730176131374589,10,61.0
5036,F,Agriculteur,0,Lille,Public,0.682544896989352,13,79.1
5037,M,Cadre,0,Paris,Prive,0.370161677615304,13,78.86
5038,M,Employe,0,Nancy,Prive,0.3337169314727235,12,63.42
5039,M,Professions_intermediaires,0,Nancy,Public,0.570439968920759,10,71.97
5040,F,Agriculteur,0,Lille,Public,0.3555550828654894,11,59.86
5041,F,Agriculteur,1,Lille,Prive,0.560102266280929,12,56.91
5042,F,Employe,0,Nantes,Public,0.5603196773124342,11,85.17
5043,F,Retraite,1,Lille,Public,0.48651856141606686,12,34.4
5044,M,Employe,0,Nantes,Prive,0.5564597220041247,13,51.38
5045,M,Agriculteur,0,Nancy,Public,0.6269389040895625,10,68.68
5046,F,Employe,0,Nantes,Public,0.47999474038094614,13,61.6
5047,M,Ouvrier,1,Nantes,Public,0.4046265333100134,13,48.55
5048,M,Retraite,0,Toulouse,Public,0.6645320707604101,11,72.17
5049,F,Professions_intermediaires,0,Lille,Prive,0.5546549736867815,13,93.76
5050,M,Employe,0,Paris,Public,0.5902151491665025,11,78.69
5051,F,Ouvrier,0,Paris,Public,0.6165157822054235,12,65.01
5052,F,Ouvrier,0,Lyon,Public,0.5297099225507488,12,63.48
5053,M,Employe,1,Nancy,Prive,0.43116047442023636,13,49.01
5054,M,Retraite,0,Paris,Prive,0.37663220224877514,10,53.09
5055,F,Employe,1,Lyon,Public,0.4823101121493819,12,52.03
5056,M,Ouvrier,0,Lyon,Public,0.5963504023663204,13,74.46
5057,M,Retraite,1,Lyon,Prive,0.6056821963597867,10,40.64
5058,M,Retraite,1,Paris,Prive,0.5287805747068719,10,42.46
5059,F,Employe,0,Lyon,Prive,0.5704383173103924,10,75.96
5060,M,Professions_intermediaires,1,Marseille,Prive,0.27907224965036165,11,62.63
5061,M,Professions_intermediaires,1,Nantes,Prive,0.40711724030816465,12,45.28
5062,M,Professions_intermediaires,0,Nancy,Public,0.6341809431998673,13,79.15
5063,M,Employe,0,Marseille,Prive,0.3333101348985449,11,63.05
5064,M,Agriculteur,0,Lyon,Public,0.5282555231758373,13,66.16
5065,M,Retraite,0,Nancy,Prive,0.5103131824004947,10,47.5
5066,M,Agriculteur,0,Marseille,Prive,0.4772265615827407,12,60.8
5067,M,Retraite,0,Bordeaux,Prive,0.6357586267343266,11,55.94
5068,F,Ouvrier,0,Lyon,Prive,0.545437748781108,12,61.29
5069,F,Professions_intermediaires,0,Lille,Prive,0.26050648774006796,12,66.15
5070,M,Retraite,0,Paris,Prive,0.6032314126710536,12,55.57
5071,M,Professions_intermediaires,0,Nantes,Prive,0.3985781442376978,12,69.37
5072,M,Retraite,1,Bordeaux,Public,0.22722389071080412,13,54.79
5073,F,Cadre,0,Bordeaux,Prive,0.6484510735255616,11,82.8
5074,M,Retraite,0,Lille,Public,0.2628319080029762,10,55.29
5075,F,Retraite,0,Toulouse,Public,0.4290639837623371,10,61.9
5076,F,Professions_intermediaires,1,Bordeaux,Public,0.5587003449250406,12,50.24
5077,F,Agriculteur,0,Nancy,Public,0.4853393158506534,10,54.98
5078,F,Professions_intermediaires,0,Bordeaux,Public,0.37514311003138956,13,89.04
5079,M,Employe,0,Nancy,Public,0.3012555963098764,10,46.15
5080,M,Professions_intermediaires,0,Lille,Prive,0.3479835974397031,13,55.23
5081,F,Retraite,0,Marseille,Prive,0.2845120333325712,13,67.5
5082,M,Ouvrier,0,Bordeaux,Public,0.47470238005169996,11,41.0
5083,F,Employe,0,Lyon,Public,0.39092654208697847,13,73.04
5084,F,Cadre,0,Paris,Public,0.22424848839232564,13,87.18
5085,M,Cadre,1,Bordeaux,Prive,0.44215637317119166,13,55.51
5086,F,Professions_intermediaires,0,Lyon,Public,0.37135625737639016,12,73.04
5087,M,Cadre,1,Paris,Prive,0.553621270256624,10,64.73
5088,F,Professions_intermediaires,0,Bordeaux,Public,0.5724227211777109,11,69.85
5089,F,Ouvrier,0,Nancy,Prive,0.7683933189461758,11,66.975
5090,M,Employe,0,Bordeaux,Public,0.6295562609312126,13,68.44
5091,M,Agriculteur,0,Toulouse,Prive,0.28235004278470366,12,59.01
5092,F,Cadre,0,Nantes,Public,0.06538657761615374,10,81.12
5093,F,Agriculteur,0,Paris,Public,0.19625091799057953,10,66.975
5094,M,Professions_intermediaires,0,Lyon,Prive,0.3994935131723293,13,75.85
5095,F,Employe,0,Toulouse,Public,0.17840657960460726,11,57.93
5096,F,Cadre,0,Lille,Public,0.37677612168008645,12,88.55
5097,M,Retraite,1,Bordeaux,Public,0.5064516674601883,13,52.1
5098,F,Retraite,0,Nancy,Prive,0.38736448597987494,12,45.2
5099,M,Ouvrier,0,Lille,Public,0.5557494522061239,11,64.63
5100,F,Agriculteur,0,Lille,Prive,0.37829934407400795,13,60.57
5101,M,Cadre,0,Paris,Prive,0.34760862084754607,11,76.7
5102,M,Ouvrier,1,Nancy,Public,0.8416015383205173,13,50.33
5103,F,Professions_intermediaires,0,Lille,Public,0.49339328482926814,10,76.46
5104,F,Ouvrier,1,Lyon,Public,0.5224034115529,13,39.89
5105,F,Employe,0,Lyon,Prive,0.6688486115052252,10,78.17
5106,M,Agriculteur,0,Marseille,Prive,0.675410112927233,11,73.47
5107,M,Agriculteur,0,Lille,Prive,0.4267851731639849,10,59.56
5108,M,Cadre,0,Lyon,Prive,0.709192030642845,12,98.49
5109,F,Agriculteur,0,Bordeaux,Prive,0.4102257853503281,11,77.11
5110,F,Retraite,0,Marseille,Public,0.703248992212308,13,70.09
5111,M,Cadre,1,Bordeaux,Prive,0.25323752016411505,12,53.55
5112,M,Employe,0,Lille,Public,0.43865203932340335,11,58.71
5113,M,Professions_intermediaires,0,Paris,Public,0.5445198186570215,12,90.04
5114,F,Ouvrier,0,Toulouse,Prive,0.5721586048367616,11,61.43
5115,F,Retraite,0,Nancy,Prive,0.3312788998879477,10,63.1
5116,F,Cadre,0,Lyon,Public,0.17024797238420913,13,82.05
5117,F,Agriculteur,0,Bordeaux,Prive,0.5920615627096639,13,46.66
5118,F,Agriculteur,0,Marseille,Prive,0.4586602240373755,12,60.35
5119,M,Cadre,0,Paris,Prive,0.4218500115305124,13,100.0
5120,F,Retraite,0,Nancy,Public,0.8308804690566869,10,47.61
5121,M,Agriculteur,1,Paris,Public,0.44139775968810924,10,33.24
5122,M,Retraite,0,Lyon,Public,0.39661421068114094,13,57.68
5123,M,Ouvrier,1,Lyon,Public,0.1399737665076728,13,23.15
5124,M,Cadre,0,Paris,Prive,0.2834397940476814,11,72.48
5125,F,Retraite,0,Toulouse,Prive,0.6751637949932308,13,58.96
5126,M,Agriculteur,1,Nantes,Prive,0.354915014557824,13,43.26
5127,F,Cadre,0,Marseille,Prive,0.6257018496638198,11,91.48
5128,M,Ouvrier,0,Lyon,Public,0.24149955444186105,10,66.975
5129,M,Employe,0,Nantes,Public,0.3261606603068161,12,55.78
5130,M,Professions_intermediaires,0,Lille,Prive,0.3210576413628051,13,78.82
5131,F,Professions_intermediaires,0,Marseille,Public,0.5953527219261978,12,78.88
5132,F,Retraite,0,Paris,Public,0.4576181934465369,11,74.21
5133,F,Ouvrier,1,Nantes,Public,0.2778730317752892,10,39.21
5134,F,Cadre,0,Bordeaux,Public,0.6428966062562708,11,86.29
5135,M,Employe,0,Lille,Prive,0.5988597045024765,13,67.04
5136,F,Retraite,0,Bordeaux,Public,0.5680862861995609,11,70.17
5137,F,Ouvrier,0,Lille,Public,0.5590486820639411,12,74.16
5138,M,Employe,0,Lyon,Public,0.32920693249864663,12,64.37
5139,F,Employe,0,Lyon,Prive,0.7517159420657538,11,75.92
5140,M,Ouvrier,0,Bordeaux,Public,0.47979231889262786,11,64.64
5141,F,Professions_intermediaires,0,Bordeaux,Prive,0.5536016700180937,12,60.7
5142,F,Professions_intermediaires,0,Toulouse,Prive,0.5765837423166529,12,64.31
5143,M,Professions_intermediaires,0,Toulouse,Prive,0.3110199521621216,13,71.8
5144,M,Retraite,0,Toulouse,Public,0.8792782745196448,12,63.74
5145,M,Cadre,0,Paris,Public,0.4945868396834613,10,66.975
5146,M,Employe,0,Lille,Prive,0.5066792951154493,12,67.03
5147,F,Cadre,0,Lille,Prive,0.4174963854981267,10,100.0
5148,M,Agriculteur,0,Lille,Public,0.7299945212968617,11,71.47
5149,F,Professions_intermediaires,0,Nancy,Public,0.7384341954846273,12,61.72
5150,M,Employe,1,Lyon,Public,0.5316587057513182,11,49.53
5151,F,Agriculteur,0,Toulouse,Public,0.2068347536272449,13,72.21
5152,M,Agriculteur,0,Bordeaux,Prive,0.4671074479873747,12,72.07
5153,F,Employe,1,Lyon,Public,0.48700192787315233,13,52.4
5154,M,Professions_intermediaires,1,Lyon,Public,0.4096709415192846,12,45.38
5155,M,Professions_intermediaires,0,Lille,Public,0.3033339026212929,11,65.89
5156,M,Employe,1,Paris,Prive,0.18915233046498142,10,32.52
5157,M,Ouvrier,0,Nancy,Prive,0.7942285474667461,13,59.86
5158,F,Agriculteur,0,Lyon,Public,0.6483193689040957,12,70.89
5159,F,Professions_intermediaires,0,Paris,Prive,0.5068901851919289,13,83.93
5160,M,Agriculteur,1,Bordeaux,Public,0.3700454010648907,11,71.07
5161,F,Cadre,0,Lyon,Public,0.5720220436347372,10,88.4
5162,F,Professions_intermediaires,0,Bordeaux,Prive,0.5408261073162597,11,81.26
5163,F,Retraite,0,Nantes,Public,0.4197698629168387,11,42.03
5164,M,Employe,0,Nancy,Prive,0.5779375487651758,13,66.975
5165,F,Professions_intermediaires,0,Lyon,Public,0.602476952791062,11,91.54
5166,F,Ouvrier,0,Lille,Public,0.6374712480391739,10,65.37
5167,M,Ouvrier,0,Marseille,Prive,0.32237272320567145,10,55.15
5168,F,Retraite,0,Nantes,Public,0.5862517794486384,11,93.51
5169,F,Ouvrier,0,Lyon,Public,0.7355139445028728,10,77.39
5170,F,Professions_intermediaires,0,Lyon,Public,0.5592737071744326,10,83.75
5171,M,Professions_intermediaires,0,Bordeaux,Prive,0.9416419639076794,11,83.14
5172,F,Agriculteur,1,Lyon,Public,0.4639212143927311,11,51.15
5173,M,Professions_intermediaires,0,Nancy,Public,0.15645552054217404,11,85.68
5174,F,Agriculteur,0,Nancy,Prive,0.3302210215784948,13,85.86
5175,F,Retraite,0,Paris,Public,0.36613946212631127,13,57.72
5176,F,Agriculteur,1,Marseille,Prive,0.6117159856775675,12,37.34
5177,F,Agriculteur,0,Lyon,Public,0.6663663135766096,13,73.6
5178,F,Ouvrier,0,Paris,Public,0.5272208249712143,13,68.97
5179,F,Employe,0,Lille,Prive,0.5585190617778883,10,86.04
5180,F,Cadre,0,Paris,Public,0.8830150803566963,12,92.98
5181,M,Professions_intermediaires,0,Nantes,Public,0.3337823149876792,11,67.21
5182,M,Agriculteur,0,Toulouse,Public,0.48542525485175825,10,77.69
5183,M,Agriculteur,1,Marseille,Public,0.4095156914878333,12,37.7
5184,M,Ouvrier,1,Nancy,Public,0.2652260453283585,12,32.7
5185,M,Employe,0,Lille,Prive,0.09501542651310668,12,58.14
5186,M,Ouvrier,1,Bordeaux,Prive,0.7593026449925186,10,45.06
5187,M,Professions_intermediaires,0,Paris,Public,0.3471601199460121,13,82.15
5188,F,Professions_intermediaires,0,Nantes,Public,0.4499212980540853,11,79.22
5189,M,Ouvrier,0,Nantes,Prive,0.586118282377046,10,57.03
5190,F,Retraite,0,Lille,Prive,0.2620013032585665,10,66.975
5191,M,Employe,0,Lyon,Public,0.333117149661009,11,88.51
5192,M,Professions_intermediaires,0,Nantes,Prive,0.49565092061860555,10,60.91
5193,F,Agriculteur,0,Marseille,Public,0.4123437666744971,13,50.67
5194,F,Ouvrier,0,Marseille,Prive,0.24482078070723362,10,44.71
5195,F,Retraite,0,Bordeaux,Prive,0.6214372767726833,12,70.91
5196,F,Retraite,0,Nancy,Public,0.407152946564421,11,73.69
5197,M,Retraite,0,Lyon,Prive,0.5273500624429185,10,63.57
5198,M,Ouvrier,0,Lyon,Public,0.5113865434144844,13,55.17
5199,M,Cadre,0,Bordeaux,Prive,0.6939226476329768,13,66.975
5200,M,Employe,0,Lille,Prive,0.5706137416254047,13,52.96
5201,F,Cadre,0,Lyon,Prive,0.3274804824300234,11,96.1
5202,F,Retraite,0,Nancy,Prive,0.7324412075939781,10,68.79
5203,M,Agriculteur,1,Marseille,Public,0.4053439141909438,13,47.92
5204,M,Agriculteur,1,Lyon,Prive,0.33722843745007536,13,52.1
5205,M,Cadre,0,Nantes,Prive,0.30759521335634193,13,92.25
5206,F,Retraite,0,Bordeaux,Public,0.03129900768841265,10,53.16
5207,M,Retraite,1,Toulouse,Prive,0.3783046151302502,13,33.11
5208,M,Agriculteur,0,Toulouse,Public,0.5793316609781783,10,69.55
5209,F,Agriculteur,0,Toulouse,Public,0.22762645940358017,10,66.975
5210,F,Professions_intermediaires,0,Lille,Public,0.8417202337521612,13,78.0
5211,F,Ouvrier,1,Lille,Prive,0.05186489619895135,12,20.28
5212,F,Employe,0,Paris,Public,0.34336114128560286,11,68.56
5213,F,Agriculteur,0,Nantes,Prive,0.20249184517902807,12,74.88
5214,M,Employe,1,Marseille,Prive,0.683614630684544,11,66.81
5215,M,Employe,0,Bordeaux,Public,0.6304991570279552,10,63.06
5216,F,Retraite,0,Lille,Prive,0.4467922056426388,11,80.16
5217,M,Cadre,1,Toulouse,Public,0.21564484132717937,13,47.84
5218,M,Retraite,0,Toulouse,Prive,0.26030733019058316,12,60.07
5219,F,Employe,1,Bordeaux,Public,0.549997528773167,12,59.01
5220,F,Cadre,1,Marseille,Prive,0.36477212649470014,12,67.5
5221,F,Cadre,0,Marseille,Public,0.3875916199998675,12,95.73
5222,M,Cadre,0,Nancy,Prive,0.4852489332550174,12,74.45
5223,M,Cadre,0,Lyon,Prive,0.41748472886139254,10,80.54
5224,M,Employe,1,Bordeaux,Prive,0.15006843691417693,10,37.47
5225,M,Agriculteur,1,Lyon,Prive,0.23382113932761955,10,52.4
5226,F,Employe,1,Paris,Public,0.23866473845031677,10,40.67
5227,F,Cadre,0,Paris,Prive,0.3544919268463599,12,84.4
5228,M,Retraite,0,Marseille,Prive,0.5180188633021064,11,62.07
5229,F,Cadre,0,Paris,Public,0.5097814586486609,11,88.97
5230,F,Ouvrier,0,Marseille,Public,0.7373191779690459,13,59.96
5231,F,Ouvrier,0,Toulouse,Prive,0.2185947378395635,11,45.23
5232,F,Cadre,1,Lyon,Prive,0.5612831189726625,13,62.36
5233,F,Professions_intermediaires,0,Nancy,Public,0.34267863496786377,12,63.78
5234,F,Retraite,0,Toulouse,Public,0.8951038558649405,10,72.37
5235,F,Ouvrier,0,Paris,Public,0.47881918921179756,11,68.07
5236,M,Professions_intermediaires,0,Marseille,Prive,0.3876797557206705,11,59.49
5237,M,Employe,0,Paris,Public,0.5548602911189353,12,64.48
5238,M,Cadre,1,Bordeaux,Prive,0.5394127715737091,11,84.4
5239,M,Cadre,1,Toulouse,Public,0.4240110139605282,12,46.17
5240,M,Employe,0,Nancy,Public,0.618786847056841,13,59.56
5241,F,Ouvrier,0,Lyon,Prive,0.8020761908838367,11,70.87
5242,M,Ouvrier,0,Toulouse,Public,0.6836343377022827,13,49.6
5243,M,Professions_intermediaires,0,Nantes,Public,0.4702207731431927,10,72.17
5244,M,Employe,0,Lyon,Public,0.8553326994534376,10,89.87
5245,F,Employe,0,Lille,Public,0.5964214265171586,10,64.99
5246,F,Ouvrier,0,Toulouse,Prive,0.28045586150509483,11,66.975
5247,M,Ouvrier,0,Lyon,Public,0.5109821838209682,10,45.59
5248,M,Ouvrier,0,Lyon,Public,0.4566492266238973,11,51.12
5249,M,Cadre,0,Toulouse,Public,0.39172117578344207,11,79.45
5250,M,Ouvrier,0,Lille,Public,0.5628741913549332,11,80.6
5251,F,Employe,0,Toulouse,Prive,0.12419781352190284,10,58.55
5252,F,Employe,1,Lyon,Prive,0.8206242867010887,11,54.3
5253,M,Employe,0,Toulouse,Public,0.6223875202078512,11,69.25
5254,M,Ouvrier,0,Nantes,Prive,0.13172127668430317,12,44.04
5255,F,Ouvrier,0,Lille,Prive,0.6200168165206796,12,42.9
5256,F,Retraite,0,Nancy,Prive,0.5886535060741249,12,80.44
5257,F,Agriculteur,0,Nantes,Prive,0.7930597680504503,13,81.38
5258,F,Ouvrier,0,Nantes,Public,0.8448082991682564,11,79.08
5259,M,Employe,0,Toulouse,Public,0.8785067604590799,10,77.44
5260,F,Cadre,1,Lille,Public,0.44444211299280395,12,74.71
5261,M,Retraite,0,Paris,Prive,0.6081631361022664,13,52.49
5262,F,Retraite,0,Nantes,Public,0.4039237135275982,11,63.84
5263,M,Agriculteur,0,Nancy,Public,0.6956858150846008,12,76.95
5264,F,Ouvrier,1,Nancy,Prive,0.06771045434254297,12,43.86
5265,M,Cadre,0,Lille,Public,0.24491953998665755,10,82.13
5266,M,Cadre,1,Marseille,Prive,0.41322551735966884,10,65.84
5267,M,Professions_intermediaires,0,Lyon,Prive,0.4879575176754049,12,75.77
5268,M,Retraite,0,Bordeaux,Prive,0.5326949750431085,11,51.41
5269,M,Employe,0,Bordeaux,Public,0.7548707127123346,11,67.26
5270,M,Professions_intermediaires,0,Paris,Prive,0.3699850350777263,12,66.6
5271,F,Employe,0,Toulouse,Prive,0.24156989522804828,12,70.31
5272,F,Employe,0,Toulouse,Public,0.422490903723245,13,71.42
5273,F,Employe,0,Nantes,Public,0.378788424454722,13,79.39
5274,F,Agriculteur,0,Nantes,Public,0.6106420395316058,10,76.33
5275,M,Cadre,0,Lyon,Public,0.8050003180612348,11,88.79
5276,F,Agriculteur,0,Nancy,Prive,0.7870014713301341,12,87.36
5277,F,Agriculteur,0,Bordeaux,Public,0.7178885352978863,11,63.1
5278,M,Cadre,0,Marseille,Public,0.3860894904139586,11,78.88
5279,F,Retraite,0,Lille,Public,0.4676516414896858,12,56.27
5280,F,Ouvrier,1,Lille,Prive,0.5849222032899397,12,33.28
5281,M,Retraite,0,Lyon,Prive,0.3458751046636388,13,50.83
5282,M,Ouvrier,0,Paris,Prive,0.36450658527433244,10,51.07
5283,M,Cadre,0,Nancy,Public,0.5748945223557315,11,87.36
5284,M,Agriculteur,0,Lille,Public,0.22711362122752038,12,58.84
5285,M,Agriculteur,0,Bordeaux,Public,0.7185209290782923,13,75.15
5286,M,Employe,0,Nantes,Prive,0.41969530678428574,11,67.22
5287,F,Retraite,1,Bordeaux,Public,0.608110734817132,10,26.85
5288,M,Ouvrier,0,Lyon,Public,0.5413629111046402,11,62.3
5289,F,Agriculteur,0,Paris,Prive,0.7508379506487075,13,68.27
5290,F,Professions_intermediaires,0,Paris,Public,0.0743636359232791,10,51.35
5291,M,Employe,1,Lille,Prive,0.7520882717430797,13,54.58
5292,M,Retraite,0,Lille,Public,0.7476216665835251,12,70.02
5293,F,Agriculteur,0,Nantes,Public,0.556245440421424,10,72.06
5294,M,Ouvrier,0,Paris,Prive,0.6042616722528339,11,68.53
5295,M,Ouvrier,0,Lille,Public,0.6192753575847155,11,56.49
5296,M,Ouvrier,0,Lille,Prive,0.31978171396729904,13,47.1
5297,F,Cadre,0,Nantes,Prive,0.5108281003295194,13,85.37
5298,M,Cadre,1,Toulouse,Public,0.6780033316256852,13,63.76
5299,F,Agriculteur,1,Paris,Prive,0.14247628031625797,10,65.92
5300,M,Agriculteur,0,Marseille,Public,0.5942061682426079,10,68.64
5301,F,Ouvrier,1,Lyon,Public,0.5174129750040808,13,41.6
5302,M,Cadre,0,Bordeaux,Public,0.6254699542011901,11,78.52
5303,F,Agriculteur,0,Lille,Prive,0.24561671426280135,10,54.15
5304,F,Retraite,1,Toulouse,Prive,0.35126882536688014,11,26.77
5305,F,Employe,0,Paris,Prive,0.2207725169036489,12,58.85
5306,M,Ouvrier,0,Toulouse,Public,0.21862313403660805,12,51.35
5307,F,Ouvrier,0,Nantes,Prive,0.6661810956190028,11,74.4
5308,M,Cadre,0,Bordeaux,Prive,0.38222357008771596,12,78.49
5309,F,Cadre,1,Paris,Prive,0.36752561840481773,13,66.975
5310,F,Cadre,0,Marseille,Public,0.7181236871777419,11,91.69
5311,M,Ouvrier,0,Marseille,Prive,0.43130245769501807,10,56.75
5312,M,Cadre,0,Paris,Prive,0.6927451492961099,10,96.04
5313,F,Employe,0,Marseille,Prive,0.290123926420101,13,75.96
5314,F,Cadre,0,Nantes,Public,0.4307472070041879,11,82.77
5315,F,Ouvrier,1,Lyon,Prive,0.3188652160606295,12,27.88
5316,M,Agriculteur,0,Nancy,Public,0.6095784200244119,11,68.2
5317,M,Cadre,1,Bordeaux,Prive,0.4586163687021828,13,64.09
5318,F,Employe,0,Bordeaux,Prive,0.646224533171136,10,58.66
5319,M,Retraite,0,Marseille,Prive,0.5305713403951228,10,61.14
5320,F,Agriculteur,0,Nancy,Prive,0.11080638794340048,13,46.54
5321,F,Ouvrier,0,Bordeaux,Prive,0.44718539094158116,12,66.975
5322,M,Ouvrier,1,Nancy,Prive,0.19291449195355548,13,22.36
5323,M,Ouvrier,0,Nantes,Public,0.5693007728376701,12,57.69
5324,F,Professions_intermediaires,0,Lyon,Prive,0.61103639148734,13,75.65
5325,M,Cadre,1,Paris,Public,0.6317816270658287,12,54.41
5326,F,Cadre,0,Lille,Public,0.47542836910009384,10,84.46
5327,M,Professions_intermediaires,0,Bordeaux,Prive,0.17357926383447952,11,56.21
5328,F,Professions_intermediaires,0,Toulouse,Prive,0.5419164156335201,13,88.92
5329,F,Ouvrier,0,Nancy,Prive,0.5814288661686455,13,74.43
5330,F,Ouvrier,0,Lille,Prive,0.46349107423019026,11,70.45
5331,M,Agriculteur,0,Nantes,Prive,0.517097340659739,13,66.975
5332,M,Retraite,0,Nantes,Prive,0.12241474226890203,11,57.93
5333,F,Retraite,0,Nancy,Prive,0.5132464344935115,11,63.39
5334,M,Retraite,0,Bordeaux,Public,0.47832270936246046,13,67.54
5335,M,Cadre,0,Nancy,Public,0.2574541964937064,10,92.59
5336,F,Agriculteur,0,Toulouse,Prive,0.6056541673595375,10,62.2
5337,M,Retraite,0,Bordeaux,Public,0.4011466593671392,10,64.98
5338,M,Retraite,0,Paris,Prive,0.5458237204694377,10,48.79
5339,F,Ouvrier,0,Nantes,Prive,0.5976081699761215,12,59.13
5340,F,Ouvrier,0,Marseille,Public,0.5657601856861633,13,61.58
5341,F,Cadre,0,Nancy,Prive,0.23184323570320758,12,81.65
5342,M,Professions_intermediaires,0,Bordeaux,Public,0.42317914767112536,10,77.59
5343,M,Retraite,1,Marseille,Public,0.9258922044937031,13,64.35
5344,F,Employe,0,Marseille,Public,0.7791069633722804,11,61.23
5345,F,Agriculteur,1,Lyon,Prive,0.6669040001035258,11,60.19
5346,F,Retraite,1,Paris,Public,0.554865007246909,12,62.14
5347,F,Retraite,0,Lille,Prive,0.3023891285514092,10,56.99
5348,F,Employe,1,Nancy,Public,0.4675428052319437,13,42.49
5349,F,Employe,0,Bordeaux,Prive,0.41551213106037077,11,67.72
5350,M,Employe,0,Lyon,Public,0.48306133389458,11,65.27
5351,F,Agriculteur,1,Nantes,Public,0.21070374829040583,12,41.17
5352,M,Agriculteur,0,Marseille,Public,0.6908996526263187,11,85.11
5353,F,Cadre,0,Toulouse,Public,-0.03729566818479746,13,95.07
5354,F,Ouvrier,0,Nancy,Prive,0.671421873547233,11,62.34
5355,M,Professions_intermediaires,0,Bordeaux,Prive,0.6752457451054026,13,98.67
5356,M,Agriculteur,0,Paris,Public,0.9653675410333062,11,75.04
5357,M,Cadre,0,Lille,Public,0.4500420648414574,12,89.71
5358,M,Employe,1,Paris,Prive,0.3960024431892236,12,35.3
5359,F,Professions_intermediaires,0,Bordeaux,Prive,0.5240692491273221,13,68.08
5360,F,Professions_intermediaires,0,Lyon,Prive,0.6119637128760599,13,75.03
5361,M,Professions_intermediaires,0,Lille,Prive,0.4819538986226152,11,81.09
5362,M,Retraite,0,Nancy,Prive,0.26339000368466314,12,60.66
5363,M,Employe,1,Lille,Public,0.6117064330168424,10,34.65
5364,M,Professions_intermediaires,0,Lille,Public,0.4998685552342885,13,62.0
5365,F,Retraite,0,Marseille,Prive,0.2983631018127393,12,45.51
5366,F,Employe,1,Lyon,Prive,0.17503210726934365,11,44.21
5367,F,Employe,0,Paris,Public,0.9937833080640186,13,80.69
5368,M,Ouvrier,0,Bordeaux,Public,0.666408699772756,13,64.81
5369,M,Cadre,1,Paris,Prive,0.6118766954366495,10,67.52
5370,F,Ouvrier,0,Lyon,Public,0.47700473542566274,13,54.16
5371,M,Agriculteur,0,Lille,Prive,0.637997507532683,11,72.55
5372,M,Ouvrier,0,Bordeaux,Public,0.28954304792324403,10,68.26
5373,F,Agriculteur,0,Toulouse,Prive,0.5398795697294033,11,66.975
5374,F,Professions_intermediaires,0,Lyon,Prive,0.5485990783131817,11,66.03
5375,M,Retraite,0,Nantes,Prive,0.2944925861521961,10,56.46
5376,M,Cadre,0,Nantes,Public,0.4791109648531513,12,77.88
5377,F,Cadre,1,Paris,Prive,0.41744728227893163,11,71.61
5378,F,Employe,0,Bordeaux,Public,0.34720966084333904,12,55.62
5379,F,Professions_intermediaires,0,Marseille,Public,0.3922298036351217,11,74.76
5380,M,Employe,0,Bordeaux,Prive,0.15862927218411232,12,56.39
5381,F,Ouvrier,0,Marseille,Prive,0.712561214174036,10,59.17
5382,M,Retraite,0,Paris,Prive,0.8124644621562953,13,72.73
5383,F,Agriculteur,0,Nantes,Prive,0.3147346695874994,12,63.42
5384,F,Ouvrier,1,Nantes,Prive,0.7219984064329422,10,53.08
5385,F,Professions_intermediaires,0,Bordeaux,Prive,0.49359762021078685,10,70.96
5386,M,Employe,1,Lyon,Public,0.4979600506102379,13,36.3
5387,F,Employe,1,Toulouse,Prive,0.2409411742954839,12,40.93
5388,M,Cadre,0,Nancy,Prive,0.3884530412414427,13,83.8
5389,F,Agriculteur,0,Nantes,Prive,0.606562122353883,11,77.34
5390,M,Ouvrier,0,Nantes,Public,0.30493198877798233,11,66.975
5391,F,Cadre,0,Lille,Public,0.35166200115604124,11,89.82
5392,F,Retraite,1,Bordeaux,Public,0.3983775472753822,10,31.19
5393,M,Cadre,0,Lille,Prive,-0.181456157307324,12,77.83
5394,M,Ouvrier,0,Nantes,Public,0.5656551101538551,12,66.57
5395,M,Cadre,1,Lyon,Public,0.6273935773481811,10,62.81
5396,F,Agriculteur,1,Bordeaux,Public,0.5729179760312986,10,60.54
5397,M,Retraite,0,Paris,Prive,0.6885668967995084,10,70.95
5398,F,Professions_intermediaires,1,Nantes,Public,0.41119406641639145,11,65.04
5399,M,Ouvrier,0,Lyon,Prive,0.862237504997732,12,60.98
5400,M,Agriculteur,0,Marseille,Prive,0.3310422185900876,12,58.14
5401,M,Agriculteur,0,Nancy,Prive,0.4551050968785789,13,71.96
5402,M,Professions_intermediaires,0,Toulouse,Public,0.43535512243203056,13,73.18
5403,M,Retraite,0,Bordeaux,Prive,0.5372588093309758,13,51.86
5404,M,Agriculteur,0,Nancy,Public,0.4520855280260637,11,83.78
5405,F,Employe,0,Bordeaux,Public,0.47941311386659874,11,83.81
5406,F,Cadre,1,Nancy,Public,0.3643054934013335,12,64.24
5407,M,Professions_intermediaires,0,Lyon,Public,0.4123014973850441,11,65.89
5408,M,Cadre,0,Bordeaux,Public,0.0531449083175049,13,68.19
5409,M,Professions_intermediaires,0,Lille,Public,0.6604867896534958,10,81.01
5410,M,Agriculteur,0,Nancy,Prive,0.2956034464342472,11,76.43
5411,F,Ouvrier,0,Nancy,Prive,0.4018685268891562,13,83.15
5412,F,Professions_intermediaires,0,Bordeaux,Public,0.2880484943026502,10,68.12
5413,M,Ouvrier,0,Paris,Public,0.61393635049961,13,59.3
5414,M,Professions_intermediaires,1,Lyon,Prive,0.3913259952973333,10,50.12
5415,F,Cadre,0,Nancy,Public,0.011354512639403569,11,78.43
5416,F,Employe,0,Toulouse,Public,0.5561505588134505,11,62.04
5417,F,Retraite,1,Bordeaux,Public,0.3505518725620044,12,29.95
5418,F,Employe,1,Lille,Public,0.49532611478410915,11,46.3
5419,M,Ouvrier,0,Nantes,Prive,0.6664370162246801,12,66.45
5420,M,Cadre,1,Lyon,Public,0.3024892895916057,11,75.08
5421,M,Agriculteur,0,Marseille,Public,0.4898241482198401,11,58.06
5422,M,Ouvrier,0,Lyon,Public,0.34566767311159946,11,66.77
5423,F,Cadre,0,Paris,Public,0.6973346459761254,11,88.92
5424,F,Cadre,0,Bordeaux,Prive,0.5157914186630133,12,83.65
5425,F,Retraite,0,Bordeaux,Public,0.4953822005127871,11,51.43
5426,F,Ouvrier,0,Lyon,Public,0.25181841588432097,11,59.57
5427,M,Ouvrier,0,Bordeaux,Public,0.6500391449940918,11,65.78
5428,F,Professions_intermediaires,1,Toulouse,Prive,0.6754178279411469,11,79.77
5429,F,Employe,0,Lille,Prive,0.34677109804585093,11,62.81
5430,M,Agriculteur,0,Bordeaux,Prive,0.5307766106882836,12,82.66
5431,M,Employe,0,Marseille,Prive,0.6175999689266112,11,66.84
5432,F,Professions_intermediaires,1,Toulouse,Public,0.9435945263208719,12,66.975
5433,F,Ouvrier,0,Lyon,Public,0.5782258288487092,11,48.1
5434,M,Agriculteur,1,Lille,Prive,0.4999180324808398,13,58.35
5435,M,Professions_intermediaires,0,Nancy,Prive,0.4688690309979524,12,74.55
5436,M,Ouvrier,0,Lille,Public,0.48076133002503363,11,59.53
5437,F,Employe,1,Nancy,Prive,0.6534596547413434,10,49.26
5438,F,Ouvrier,0,Nancy,Prive,0.3235930206982164,11,59.74
5439,F,Ouvrier,0,Lyon,Public,0.6865368815243789,11,59.2
5440,M,Agriculteur,0,Lille,Public,0.19175031230960754,12,65.27
5441,M,Cadre,1,Bordeaux,Prive,0.6332673818486284,10,58.34
5442,M,Agriculteur,0,Marseille,Prive,0.6889611426462425,13,70.95
5443,M,Employe,0,Nantes,Public,0.6612351016947319,13,75.02
5444,M,Agriculteur,0,Lyon,Public,0.5540774157557181,12,81.86
5445,F,Professions_intermediaires,0,Paris,Prive,0.5789783809934003,12,79.13
5446,F,Professions_intermediaires,0,Bordeaux,Prive,0.4199596429879652,11,85.41
5447,M,Agriculteur,0,Bordeaux,Prive,0.2750092722258384,12,62.94
5448,F,Agriculteur,0,Nancy,Public,0.5499433491912046,10,62.18
5449,F,Agriculteur,1,Bordeaux,Prive,0.5137964763312586,10,68.54
5450,F,Agriculteur,0,Marseille,Prive,0.6847370244864324,12,72.52
5451,F,Cadre,0,Marseille,Public,0.47174413141642957,10,93.4
5452,M,Agriculteur,0,Marseille,Prive,0.5317900101655945,13,66.975
5453,M,Retraite,0,Lyon,Public,0.5574845475604608,12,69.95
5454,M,Agriculteur,0,Lyon,Public,0.6144786202257844,12,73.62
5455,F,Professions_intermediaires,0,Paris,Public,0.6897192608445958,13,79.67
5456,F,Ouvrier,0,Lyon,Prive,0.309252991370357,11,75.56
5457,F,Cadre,1,Nancy,Public,0.6403407643888419,13,72.45
5458,F,Ouvrier,0,Marseille,Prive,0.46388619242830864,10,57.37
5459,M,Ouvrier,0,Toulouse,Public,0.6285228905943062,13,76.99
5460,M,Cadre,1,Lille,Prive,0.795694493401218,10,54.2
5461,M,Cadre,0,Paris,Prive,0.078324360024908,10,61.6
5462,F,Professions_intermediaires,0,Nantes,Public,0.7428902274895998,12,88.76
5463,M,Retraite,0,Paris,Prive,0.4763235626148525,12,65.52
5464,F,Agriculteur,0,Nancy,Prive,0.3289082139595282,11,60.82
5465,F,Cadre,0,Lyon,Prive,0.4124963954415236,10,87.1
5466,M,Cadre,0,Toulouse,Prive,0.2937151827876736,11,89.06
5467,F,Agriculteur,0,Lille,Prive,0.6014993926172097,11,62.22
5468,F,Employe,0,Paris,Public,0.2930380014734433,10,63.16
5469,M,Retraite,1,Nancy,Prive,0.7408651208614927,13,49.65
5470,F,Agriculteur,0,Toulouse,Prive,0.6383833071453997,13,75.3
5471,M,Agriculteur,0,Toulouse,Public,0.545431082502382,11,74.8
5472,F,Employe,1,Nancy,Prive,0.09277061663508074,11,21.83
5473,M,Professions_intermediaires,0,Marseille,Public,0.23548931025162384,10,73.01
5474,F,Agriculteur,1,Nantes,Prive,0.48396969120321126,10,31.97
5475,F,Ouvrier,1,Lyon,Prive,0.4948648552647864,10,41.05
5476,M,Employe,0,Marseille,Prive,0.687961707664517,11,61.64
5477,F,Professions_intermediaires,1,Toulouse,Prive,-0.0825089001091005,13,44.45
5478,M,Cadre,0,Lille,Prive,0.3481658333089024,12,86.65
5479,F,Agriculteur,0,Nancy,Prive,0.667416756244758,10,73.7
5480,M,Cadre,0,Nantes,Public,0.4325555809927745,11,76.64
5481,M,Retraite,0,Lyon,Public,0.4065363979666489,11,50.1
5482,F,Employe,0,Paris,Prive,0.17755275822438887,13,61.07
5483,F,Cadre,0,Nancy,Public,0.7117047718032994,12,86.49
5484,M,Ouvrier,0,Lille,Prive,0.4030063909369125,12,60.89
5485,M,Employe,0,Lyon,Prive,0.7187392994287486,10,67.94
5486,F,Employe,1,Lyon,Public,0.7931512006152988,11,67.57
5487,F,Agriculteur,1,Lyon,Public,0.7634263480563024,11,55.72
5488,M,Cadre,0,Lille,Public,0.49351653019782765,13,92.13
5489,M,Employe,0,Paris,Public,0.40316463088156895,13,60.38
5490,F,Employe,0,Bordeaux,Public,0.3895412802649978,10,72.69
5491,F,Professions_intermediaires,0,Toulouse,Public,0.8936684089330047,10,89.78
5492,M,Agriculteur,0,Toulouse,Prive,0.45762010438257883,12,60.94
5493,F,Retraite,0,Bordeaux,Public,0.7106323701572175,11,56.66
5494,F,Ouvrier,1,Toulouse,Prive,0.5964800518986786,12,55.04
5495,M,Retraite,0,Paris,Public,0.41769399936584145,11,58.41
5496,F,Cadre,1,Nancy,Prive,0.44939136792424716,11,58.57
5497,M,Agriculteur,1,Paris,Prive,0.7366797182225902,10,50.5
5498,F,Ouvrier,0,Nantes,Public,0.506252656469315,11,53.12
5499,M,Professions_intermediaires,0,Lille,Public,0.4092370610937145,13,77.67
5500,F,Retraite,0,Nantes,Public,0.33862555256076265,12,61.87
5501,M,Ouvrier,1,Toulouse,Public,0.5640135466824715,10,41.88
5502,F,Agriculteur,0,Toulouse,Public,0.39670770401861866,11,77.47
5503,F,Ouvrier,0,Nancy,Public,0.6187776054466325,12,65.01
5504,M,Retraite,1,Nantes,Prive,1.0088299819959332,12,69.37
5505,M,Agriculteur,0,Nantes,Prive,0.6036187703502358,13,70.1
5506,M,Retraite,0,Toulouse,Prive,0.8608208078567743,12,58.39
5507,F,Retraite,0,Nantes,Public,0.3570338823353978,13,54.38
5508,F,Employe,0,Toulouse,Prive,0.6367956862784239,13,64.96
5509,M,Cadre,1,Nantes,Public,0.7511268765494095,13,70.54
5510,M,Agriculteur,0,Lyon,Public,0.7759646436438912,10,87.77
5511,F,Employe,0,Toulouse,Public,0.7558547679742116,11,75.83
5512,M,Employe,0,Nantes,Prive,0.50331651886844,11,65.02
5513,M,Ouvrier,0,Lyon,Public,0.6779834306213035,10,61.19
5514,M,Retraite,0,Nancy,Prive,0.2964840705609956,12,66.975
5515,M,Employe,1,Marseille,Prive,0.821424683257227,10,57.81
5516,M,Cadre,0,Toulouse,Prive,0.3095694725054191,12,86.99
5517,M,Cadre,0,Marseille,Prive,0.750827621924071,11,83.19
5518,M,Cadre,1,Bordeaux,Prive,0.7087102270025392,11,88.85
5519,M,Agriculteur,1,Nantes,Public,0.7074393926511336,10,49.46
5520,M,Retraite,0,Nantes,Prive,0.913116383472033,11,67.37
5521,F,Professions_intermediaires,1,Marseille,Public,0.710480466630627,11,70.88
5522,M,Retraite,0,Lyon,Prive,0.23468265129286203,13,66.29
5523,M,Ouvrier,0,Lille,Prive,0.6179709982865693,10,56.8
5524,M,Retraite,0,Toulouse,Public,0.1221288268700636,10,61.79
5525,M,Ouvrier,0,Bordeaux,Public,0.48177411593401015,11,55.76
5526,F,Ouvrier,0,Toulouse,Prive,0.4155179562376956,12,63.41
5527,M,Ouvrier,1,Nantes,Prive,0.6275684514681955,13,66.975
5528,F,Employe,0,Paris,Prive,0.3353980978088237,13,87.79
5529,F,Retraite,0,Paris,Public,0.3414019877058322,12,74.52
5530,F,Employe,1,Marseille,Prive,0.6002389336827552,11,60.3
5531,M,Agriculteur,0,Toulouse,Public,0.7349530248665002,12,80.06
5532,M,Cadre,0,Nantes,Public,0.5005247127294467,11,72.73
5533,M,Ouvrier,0,Toulouse,Prive,0.9646099004725294,12,71.89
5534,F,Cadre,0,Marseille,Prive,0.43134614518228376,12,80.04
5535,F,Employe,0,Paris,Prive,0.6359472051524034,13,71.03
5536,M,Employe,0,Nantes,Public,0.5682504560917032,13,69.28
5537,F,Professions_intermediaires,0,Nancy,Prive,0.4314490616322973,13,58.56
5538,M,Agriculteur,0,Lille,Prive,0.7622787696308109,13,66.975
5539,M,Professions_intermediaires,0,Marseille,Prive,0.32193527897744756,11,71.23
5540,M,Employe,0,Lyon,Prive,0.08483248146938532,11,66.19
5541,F,Agriculteur,0,Marseille,Prive,0.47477473945487453,11,61.89
5542,F,Agriculteur,0,Toulouse,Public,0.4486257370425113,11,61.26
5543,F,Employe,1,Lyon,Public,0.712567561571861,10,45.47
5544,M,Retraite,0,Lyon,Prive,0.2500494407172532,11,55.64
5545,F,Retraite,0,Nantes,Public,0.6047412366582277,13,57.66
5546,M,Professions_intermediaires,0,Bordeaux,Prive,0.5805302274901132,10,87.71
5547,F,Employe,0,Nancy,Public,0.5645598442340943,13,76.9
5548,F,Cadre,0,Toulouse,Prive,0.7088156330489103,10,100.0
5549,F,Cadre,0,Toulouse,Public,0.49530967740817916,10,80.61
5550,M,Employe,1,Nancy,Public,0.5104366397552381,13,54.97
5551,M,Employe,0,Marseille,Public,0.5900559135850356,12,58.06
5552,F,Ouvrier,0,Nantes,Prive,0.4796078172475427,11,74.28
5553,M,Ouvrier,0,Paris,Prive,0.2293452124397608,10,52.11
5554,M,Agriculteur,0,Nantes,Prive,0.41790356992023464,10,65.44
5555,M,Ouvrier,0,Nantes,Public,0.4482082673203642,10,70.34
5556,M,Cadre,0,Nancy,Prive,0.38751908210740005,10,92.46
5557,F,Cadre,0,Marseille,Public,0.4367008090391874,12,75.29
5558,F,Ouvrier,0,Lille,Public,0.5359207683694767,13,61.34
5559,M,Agriculteur,0,Nantes,Public,0.44521236846113393,11,79.62
5560,F,Retraite,0,Lille,Prive,0.670795035909968,10,65.95
5561,F,Professions_intermediaires,1,Paris,Prive,0.6739150155662291,13,62.08
5562,F,Agriculteur,1,Bordeaux,Public,0.024243821847355518,12,43.88
5563,M,Employe,0,Paris,Prive,0.21336996457138174,11,73.37
5564,F,Retraite,1,Paris,Prive,0.019050044701695135,13,40.93
5565,F,Agriculteur,1,Paris,Public,0.4452371806228178,12,46.1
5566,M,Cadre,0,Nantes,Public,0.4327992903347078,12,64.85
5567,F,Agriculteur,0,Bordeaux,Public,0.5301952006893376,10,76.5
5568,F,Retraite,0,Lille,Public,0.6685039421444436,11,70.76
5569,F,Professions_intermediaires,0,Bordeaux,Prive,0.49145144563097454,12,91.29
5570,F,Employe,1,Nancy,Public,0.3794224847895956,12,51.03
5571,M,Employe,0,Lyon,Public,0.49913693907510165,12,61.88
5572,M,Employe,0,Bordeaux,Prive,0.4012213309465714,11,53.61
5573,F,Employe,0,Lille,Prive,0.20453089069359537,11,66.975
5574,M,Retraite,0,Marseille,Prive,0.6915612684771508,11,71.48
5575,M,Employe,0,Bordeaux,Public,0.584913516900138,10,69.81
5576,M,Retraite,0,Nancy,Prive,0.7897851177880522,13,59.02
5577,M,Employe,0,Nancy,Public,0.2525932238452162,12,36.48
5578,M,Cadre,0,Nantes,Public,0.17704659008260337,12,68.28
5579,F,Professions_intermediaires,0,Marseille,Prive,0.31280808753347566,13,49.43
5580,F,Ouvrier,0,Lille,Public,0.5797717275440778,11,54.42
5581,M,Employe,0,Lille,Public,0.671790468538438,12,72.95
5582,M,Employe,0,Paris,Public,0.5572558325951524,12,81.27
5583,M,Ouvrier,0,Nancy,Public,0.5287237029064293,12,38.6
5584,F,Agriculteur,0,Paris,Prive,0.6709071869198018,12,64.03
5585,F,Professions_intermediaires,0,Marseille,Prive,0.4081140296392801,10,77.04
5586,M,Retraite,0,Marseille,Public,0.711289365413191,13,64.59
5587,F,Retraite,0,Bordeaux,Prive,0.8970032765863231,12,75.7
5588,M,Cadre,0,Toulouse,Prive,0.28744987277572365,13,82.72
5589,M,Agriculteur,0,Marseille,Prive,0.44918832632812206,10,63.18
5590,M,Ouvrier,0,Nantes,Public,0.22203281832786553,11,64.73
5591,F,Cadre,0,Nantes,Public,0.3069637371641658,11,100.0
5592,M,Professions_intermediaires,0,Paris,Prive,0.5785086164099912,10,66.12
5593,M,Cadre,0,Marseille,Public,0.16287646480953366,13,84.93
5594,M,Agriculteur,1,Nantes,Public,0.34408279055527263,11,63.54
5595,M,Retraite,0,Paris,Prive,0.7107258242544519,13,81.66
5596,F,Cadre,0,Nancy,Public,0.5446896322262061,11,80.28
5597,M,Employe,1,Toulouse,Public,0.6535999007314807,12,47.43
5598,M,Professions_intermediaires,0,Bordeaux,Public,0.24128985551338195,12,52.72
5599,M,Retraite,0,Bordeaux,Prive,0.5135443912352556,12,59.17
5600,M,Retraite,0,Nancy,Public,0.8773441130501687,12,67.44
5601,F,Agriculteur,0,Toulouse,Prive,0.3676203608012687,13,70.71
5602,M,Employe,1,Nantes,Public,0.40239630060448384,10,34.63
5603,F,Employe,0,Toulouse,Prive,0.6163399081723928,12,71.71
5604,F,Professions_intermediaires,1,Toulouse,Prive,0.3200336796958487,13,53.42
5605,M,Cadre,0,Toulouse,Public,0.6434512554777969,13,82.96
5606,F,Professions_intermediaires,0,Marseille,Prive,0.14066999058497082,11,75.14
5607,F,Retraite,0,Bordeaux,Prive,0.01487083153812141,11,50.76
5608,M,Professions_intermediaires,0,Bordeaux,Public,0.5628874906124995,13,78.31
5609,M,Cadre,0,Lille,Public,0.3040349946721359,12,68.0
5610,F,Retraite,1,Toulouse,Prive,0.3868503121508314,10,36.0
5611,F,Cadre,0,Nantes,Public,0.675325730120294,13,98.0
5612,F,Professions_intermediaires,1,Marseille,Public,0.6248444556883794,13,43.21
5613,M,Ouvrier,0,Lille,Prive,0.2545378114092418,12,61.37
5614,F,Professions_intermediaires,0,Lille,Prive,0.6039454627129874,12,74.84
5615,M,Cadre,0,Nancy,Public,0.43995740590982935,12,64.39
5616,M,Ouvrier,0,Bordeaux,Public,0.5834182829717307,11,57.83
5617,M,Employe,0,Nancy,Public,0.49596774665261767,12,73.52
5618,F,Agriculteur,1,Lyon,Public,0.19930730433693544,10,63.65
5619,M,Employe,1,Lille,Public,0.3573742136927168,11,60.65
5620,F,Ouvrier,0,Bordeaux,Prive,0.017578554363694376,13,42.51
5621,F,Ouvrier,0,Toulouse,Prive,0.537034761542567,13,69.51
5622,F,Ouvrier,0,Marseille,Public,0.5793796172196268,10,66.975
5623,F,Cadre,0,Bordeaux,Prive,0.35911506455718345,10,76.9
5624,M,Cadre,0,Toulouse,Public,0.47685813847606506,10,92.54
5625,F,Professions_intermediaires,0,Nantes,Public,0.3051868869332415,13,73.26
5626,M,Professions_intermediaires,0,Lyon,Prive,0.7512798952594542,13,81.61
5627,F,Professions_intermediaires,0,Nancy,Prive,0.24280905370090367,12,54.75
5628,F,Retraite,1,Paris,Prive,0.437793404271135,12,35.43
5629,F,Employe,0,Bordeaux,Public,0.24034539829207757,12,54.68
5630,F,Agriculteur,1,Toulouse,Prive,0.5469647625953873,13,55.15
5631,F,Ouvrier,0,Lyon,Public,0.7076401181090228,13,72.66
5632,M,Retraite,0,Nancy,Prive,0.0848032494197779,13,70.48
5633,M,Cadre,0,Nancy,Prive,0.6308036877864791,11,78.41
5634,F,Cadre,1,Marseille,Public,0.8263098767139283,11,88.51
5635,M,Ouvrier,0,Lille,Prive,0.5257928898751945,10,58.22
5636,M,Professions_intermediaires,0,Paris,Prive,0.36504936770549207,13,71.74
5637,F,Cadre,0,Marseille,Public,0.49238481679948065,11,84.28
5638,F,Retraite,0,Lyon,Prive,0.39087641587171085,10,65.38
5639,F,Employe,0,Lille,Public,0.892859848037185,13,83.42
5640,M,Cadre,0,Lyon,Public,0.6669994877453082,13,97.01
5641,M,Retraite,1,Lyon,Prive,0.6800922028103462,13,45.76
5642,F,Agriculteur,1,Nancy,Public,0.9310081524896181,12,59.78
5643,M,Agriculteur,0,Marseille,Prive,0.7689087516558797,13,65.72
5644,M,Professions_intermediaires,0,Marseille,Prive,0.4757216389972629,13,79.57
5645,M,Retraite,0,Lyon,Public,0.5050717956300351,12,66.51
5646,F,Employe,0,Nancy,Prive,0.9719564901917084,12,71.89
5647,M,Agriculteur,0,Bordeaux,Public,0.35214241922874645,11,53.56
5648,M,Professions_intermediaires,0,Toulouse,Public,0.4656750108939623,12,74.69
5649,M,Cadre,0,Lille,Public,0.2974183185967407,13,91.3
5650,M,Employe,0,Marseille,Prive,0.13634948476070197,13,73.28
5651,M,Professions_intermediaires,0,Nantes,Public,0.32404876869642574,13,66.975
5652,M,Ouvrier,0,Bordeaux,Public,0.32797359713182367,11,64.63
5653,F,Agriculteur,1,Paris,Public,0.3749795004961243,13,53.93
5654,F,Employe,0,Bordeaux,Public,0.622453272315695,11,83.66
5655,F,Cadre,0,Lille,Prive,0.4976212398846632,10,89.73
5656,F,Employe,0,Bordeaux,Prive,0.702200828572478,13,69.94
5657,M,Cadre,0,Marseille,Prive,0.5301931427879286,11,91.74
5658,M,Cadre,0,Toulouse,Public,0.5358114981385316,13,61.6
5659,M,Employe,0,Nantes,Prive,0.4417295839751755,12,56.79
5660,M,Retraite,0,Marseille,Public,0.8893928140284497,12,64.74
5661,F,Agriculteur,0,Toulouse,Public,0.4153230032963861,12,61.58
5662,F,Cadre,0,Nancy,Prive,0.6833369430999036,11,75.85
5663,M,Ouvrier,0,Nantes,Public,0.2635590438231041,13,66.975
5664,F,Retraite,0,Lille,Public,0.4513082472911486,10,59.45
5665,M,Agriculteur,1,Bordeaux,Public,0.9015139578401145,10,54.46
5666,F,Professions_intermediaires,1,Toulouse,Prive,0.6370080510024725,12,61.07
5667,F,Professions_intermediaires,1,Toulouse,Prive,0.2200561225376199,13,38.08
5668,M,Ouvrier,1,Bordeaux,Prive,0.29362826619222915,13,31.38
5669,M,Cadre,0,Paris,Prive,0.8204269868579075,12,90.23
5670,M,Employe,0,Toulouse,Prive,0.5176699222743483,10,50.7
5671,F,Professions_intermediaires,0,Marseille,Prive,0.44495148000081663,10,73.63
5672,M,Retraite,0,Lille,Prive,0.34419391406377253,11,62.72
5673,M,Professions_intermediaires,1,Nantes,Prive,0.4365192411377801,12,59.43
5674,M,Professions_intermediaires,0,Marseille,Prive,0.7827776183704682,10,68.34
5675,F,Agriculteur,0,Bordeaux,Public,0.359995458249318,11,65.06
5676,F,Retraite,0,Toulouse,Prive,0.3795992643821885,11,74.01
5677,M,Ouvrier,1,Nantes,Prive,0.6199067719676965,10,27.01
5678,F,Employe,0,Toulouse,Prive,0.29206008831377905,12,63.86
5679,M,Employe,0,Bordeaux,Prive,0.31300582239791497,10,49.18
5680,F,Agriculteur,0,Bordeaux,Public,0.5012587202518081,10,65.66
5681,F,Cadre,0,Nantes,Prive,0.5062729304138716,11,78.39
5682,M,Agriculteur,0,Bordeaux,Prive,0.3381543379419818,11,67.81
5683,F,Cadre,0,Marseille,Prive,0.5946356970241795,10,84.92
5684,F,Retraite,0,Bordeaux,Public,0.5437626041524672,10,54.97
5685,M,Agriculteur,0,Marseille,Prive,0.10529738908176312,10,73.03
5686,F,Ouvrier,0,Bordeaux,Public,0.6560998351996564,13,66.54
5687,M,Retraite,1,Lille,Public,0.3860853110104723,13,50.38
5688,F,Retraite,0,Toulouse,Prive,0.661211755312378,12,66.975
5689,M,Ouvrier,0,Lille,Prive,0.9159380498622001,11,65.61
5690,F,Cadre,0,Lyon,Public,0.4865828049137022,12,94.2
5691,F,Retraite,1,Toulouse,Prive,0.37102793426807246,13,35.91
5692,M,Retraite,0,Nantes,Public,0.7757583427071979,13,70.02
5693,M,Cadre,0,Bordeaux,Public,0.332176070695429,12,79.72
5694,F,Professions_intermediaires,1,Marseille,Prive,0.8784882674570881,10,42.56
5695,M,Ouvrier,0,Nancy,Public,0.40728841784155984,11,57.34
5696,F,Professions_intermediaires,0,Paris,Public,0.3746148487385219,13,68.97
5697,F,Professions_intermediaires,0,Nantes,Prive,0.9731779452051663,13,84.42
5698,M,Cadre,0,Lyon,Prive,0.57260386122431,10,79.12
5699,M,Employe,1,Nancy,Public,0.8243931680571411,13,42.54
5700,F,Agriculteur,0,Toulouse,Prive,0.4947544057977378,11,62.06
5701,M,Cadre,1,Nancy,Public,0.48052636074993166,10,58.83
5702,F,Employe,1,Toulouse,Prive,-0.08503971376204744,10,41.09
5703,F,Cadre,0,Paris,Prive,0.7023413581310899,11,84.91
5704,F,Cadre,0,Bordeaux,Public,0.5770514115951744,13,88.18
5705,F,Employe,0,Lille,Public,0.4776395161680738,12,69.82
5706,M,Professions_intermediaires,1,Nancy,Prive,0.6183812447941266,11,51.74
5707,F,Retraite,0,Paris,Prive,0.5076578816631433,12,74.41
5708,F,Agriculteur,0,Paris,Public,0.311321367006857,11,61.97
5709,M,Employe,1,Marseille,Prive,0.572527724401525,10,43.55
5710,M,Cadre,0,Marseille,Prive,0.46186088432101036,11,93.1
5711,F,Professions_intermediaires,1,Paris,Prive,0.648211132382251,10,59.99
5712,M,Agriculteur,0,Lille,Public,0.4439443956855834,13,45.24
5713,F,Agriculteur,0,Bordeaux,Prive,0.40626757495706245,11,43.51
5714,M,Cadre,0,Nantes,Public,0.3911603755953328,10,95.95
5715,M,Employe,0,Lille,Prive,0.3232025289749189,11,63.86
5716,F,Professions_intermediaires,0,Nantes,Public,0.395488442003308,11,71.64
5717,F,Ouvrier,0,Lyon,Public,0.5863802208216238,12,43.43
5718,M,Agriculteur,0,Paris,Prive,0.3500628898879157,10,63.39
5719,F,Retraite,1,Bordeaux,Prive,0.2649148595383034,13,30.84
5720,F,Agriculteur,0,Lille,Public,0.6578790968176118,10,70.13
5721,M,Cadre,0,Bordeaux,Public,0.47236758177342947,12,76.84
5722,F,Agriculteur,0,Nantes,Public,0.6536021931205767,13,70.27
5723,M,Professions_intermediaires,0,Nancy,Public,0.4559427101146612,10,74.77
5724,M,Professions_intermediaires,0,Toulouse,Public,0.38564877193985725,11,74.84
5725,F,Retraite,0,Lyon,Public,0.1513547200734619,12,57.24
5726,F,Employe,0,Bordeaux,Prive,0.2740139348935137,10,64.49
5727,M,Agriculteur,0,Marseille,Public,0.3254726598147123,12,48.1
5728,F,Agriculteur,0,Marseille,Prive,0.55618894928702,13,69.98
5729,F,Professions_intermediaires,1,Lille,Public,0.47820225149611084,10,56.88
5730,F,Ouvrier,0,Bordeaux,Public,0.2948991242486746,13,66.975
5731,M,Agriculteur,0,Toulouse,Prive,-0.056149246726089674,11,69.14
5732,F,Employe,0,Nantes,Public,0.5925217180251445,13,68.16
5733,M,Retraite,1,Bordeaux,Prive,0.6754770857487138,11,35.94
5734,F,Agriculteur,1,Toulouse,Public,0.6929368235305071,10,53.74
5735,M,Cadre,0,Lille,Prive,0.3070400948585075,12,74.59
5736,M,Cadre,0,Paris,Prive,0.7053642028401512,11,72.99
5737,F,Ouvrier,0,Toulouse,Public,0.6132027456083492,12,61.25
5738,M,Cadre,0,Toulouse,Prive,0.6122436835600009,13,99.75
5739,F,Ouvrier,0,Paris,Prive,0.3781227354484339,13,55.5
5740,F,Retraite,0,Bordeaux,Prive,0.4734521787751991,10,74.67
5741,M,Professions_intermediaires,0,Paris,Prive,0.8663035082440883,10,88.52
5742,M,Employe,1,Bordeaux,Prive,0.8354698923048733,11,75.68
5743,M,Agriculteur,0,Nantes,Prive,0.4903436541547489,10,71.87
5744,F,Ouvrier,0,Toulouse,Public,0.538338995967124,13,63.03
5745,F,Professions_intermediaires,0,Lyon,Prive,0.06100158558956925,12,66.65
5746,F,Ouvrier,1,Lille,Prive,0.7407918172406874,10,49.3
5747,F,Ouvrier,0,Bordeaux,Public,0.6491259933121459,12,62.44
5748,F,Employe,0,Paris,Prive,0.569014259074472,12,65.44
5749,M,Employe,0,Bordeaux,Prive,0.3795218754427658,13,68.5
5750,F,Agriculteur,0,Lyon,Prive,0.5132832940066191,13,64.1
5751,M,Retraite,0,Nancy,Prive,0.7931507102122646,12,53.65
5752,F,Agriculteur,1,Marseille,Public,0.5723904729659165,12,39.3
5753,F,Agriculteur,0,Bordeaux,Prive,1.026333536293588,10,95.9
5754,F,Professions_intermediaires,0,Nantes,Prive,0.6622953141072454,13,76.2
5755,F,Cadre,0,Nantes,Public,0.3162452142664347,13,66.975
5756,F,Employe,0,Nantes,Prive,0.41783966563304636,13,60.41
5757,F,Retraite,1,Bordeaux,Prive,0.3580382679810567,13,50.38
5758,M,Professions_intermediaires,0,Nantes,Public,0.6715409174679209,13,81.39
5759,M,Professions_intermediaires,0,Lille,Prive,0.7307102431115385,11,96.99
5760,F,Ouvrier,0,Lille,Public,0.84325748769073,12,80.9
5761,F,Cadre,0,Nantes,Prive,0.43352591080968417,13,90.66
5762,F,Agriculteur,1,Toulouse,Prive,0.5936017219408602,10,46.26
5763,F,Cadre,0,Marseille,Prive,0.7560836477497292,10,80.55
5764,F,Professions_intermediaires,1,Marseille,Prive,0.8099667192014323,11,61.06
5765,F,Agriculteur,0,Nancy,Public,0.25389467738489346,12,64.26
5766,M,Ouvrier,1,Nancy,Public,0.6240238265964951,13,39.05
5767,F,Retraite,1,Toulouse,Public,0.2613928669323828,11,46.6
5768,F,Agriculteur,0,Toulouse,Prive,0.3796466305165994,10,67.55
5769,F,Cadre,0,Bordeaux,Public,0.23864191684662445,10,79.73
5770,M,Agriculteur,0,Nancy,Public,0.3758113171547288,11,78.98
5771,F,Ouvrier,0,Paris,Public,0.21005956643056484,10,56.06
5772,F,Employe,0,Lyon,Public,0.2636099183257935,12,51.1
5773,F,Ouvrier,0,Marseille,Prive,0.3190853990776059,13,66.74
5774,F,Professions_intermediaires,1,Toulouse,Public,0.5606195066254722,11,58.72
5775,F,Retraite,0,Bordeaux,Public,0.5067785550098292,11,63.2
5776,M,Professions_intermediaires,1,Toulouse,Prive,0.17119741496946594,13,38.16
5777,F,Agriculteur,0,Toulouse,Prive,1.0482786376509412,10,92.91
5778,F,Ouvrier,0,Paris,Public,0.4022950370700764,13,74.56
5779,M,Retraite,0,Paris,Public,0.2341473258578633,10,66.975
5780,F,Employe,0,Lille,Prive,0.6165107974212009,10,73.74
5781,F,Professions_intermediaires,0,Nantes,Prive,0.4990849191064088,12,79.43
5782,F,Agriculteur,0,Paris,Public,0.33747192474875465,10,50.23
5783,M,Retraite,1,Toulouse,Public,0.5781229931501541,11,45.33
5784,M,Retraite,0,Lille,Public,0.3655171913454402,13,45.37
5785,M,Professions_intermediaires,0,Bordeaux,Public,0.440861644970467,12,72.53
5786,M,Professions_intermediaires,0,Paris,Public,0.7931248390035883,10,100.0
5787,M,Cadre,0,Toulouse,Prive,0.5247090172218848,12,71.5
5788,M,Professions_intermediaires,0,Nantes,Public,0.6228240049959876,10,93.59
5789,M,Agriculteur,1,Marseille,Public,0.39557452518560166,10,61.69
5790,M,Professions_intermediaires,0,Nancy,Public,0.5306403172139043,11,74.62
5791,M,Professions_intermediaires,0,Marseille,Prive,0.3458372211363544,11,75.24
5792,F,Cadre,0,Lyon,Public,0.3369834580251628,11,79.36
5793,F,Employe,1,Nantes,Prive,0.4175250097145936,12,42.66
5794,M,Ouvrier,0,Lyon,Public,0.3610984137067721,12,58.77
5795,F,Cadre,0,Nancy,Prive,0.7076076548643943,10,83.09
5796,F,Cadre,0,Marseille,Prive,0.6158274304683095,11,92.31
5797,M,Professions_intermediaires,0,Nancy,Prive,0.04153986643533292,11,64.29
5798,M,Retraite,0,Nantes,Prive,0.8448365659463555,12,61.98
5799,M,Agriculteur,0,Nancy,Public,0.6282265252551337,11,77.21
5800,F,Agriculteur,0,Lyon,Prive,0.7289208960963255,12,81.16
5801,F,Professions_intermediaires,0,Marseille,Public,0.4658109441610941,12,84.85
5802,F,Retraite,1,Lyon,Public,0.2011899519475953,10,34.61
5803,F,Retraite,1,Bordeaux,Prive,0.23519005020572692,12,48.93
5804,M,Ouvrier,0,Bordeaux,Public,0.8414496280967115,11,87.01
5805,F,Professions_intermediaires,0,Lyon,Public,0.17454401416736443,11,68.61
5806,F,Professions_intermediaires,1,Nancy,Public,0.21087509034986068,10,50.21
5807,F,Retraite,0,Toulouse,Prive,0.41343413457359524,11,69.7
5808,M,Professions_intermediaires,1,Toulouse,Prive,0.223045146676992,13,28.42
5809,F,Ouvrier,0,Nantes,Public,0.6066280123037607,10,51.55
5810,F,Employe,0,Paris,Public,0.6221593076830962,10,66.23
5811,M,Ouvrier,0,Bordeaux,Public,0.5827376543299159,10,58.75
5812,M,Employe,1,Nancy,Prive,0.3771690512356638,13,45.31
5813,F,Ouvrier,0,Marseille,Prive,0.5577521339291925,10,65.18
5814,M,Agriculteur,0,Lyon,Public,0.8567144444777925,13,63.49
5815,M,Cadre,0,Lyon,Public,0.21320138463942445,10,88.06
5816,F,Agriculteur,1,Nancy,Prive,0.7233372280403552,12,57.41
5817,F,Retraite,0,Bordeaux,Public,0.661597288662746,11,69.59
5818,M,Professions_intermediaires,1,Marseille,Prive,0.4789472156429212,13,57.95
5819,F,Cadre,0,Toulouse,Prive,0.5332740640351209,11,80.69
5820,M,Employe,1,Lille,Public,0.5713443250216337,11,46.42
5821,M,Agriculteur,0,Bordeaux,Prive,0.3046944787143253,11,53.96
5822,M,Professions_intermediaires,0,Nancy,Public,0.17354257230962605,11,66.975
5823,M,Agriculteur,0,Paris,Public,0.681303982736018,10,69.86
5824,F,Ouvrier,0,Nancy,Public,0.2510178257961217,10,71.54
5825,M,Ouvrier,0,Toulouse,Public,0.28137022089261565,12,50.07
5826,M,Ouvrier,0,Nantes,Prive,0.3968855237333389,12,43.72
5827,F,Agriculteur,0,Lyon,Public,0.5568986190737129,10,75.83
5828,M,Professions_intermediaires,1,Lille,Prive,0.4001287852693689,11,47.49
5829,F,Employe,0,Lille,Prive,0.3552043503368822,12,69.25
5830,F,Employe,1,Nantes,Public,0.6905522621020772,13,58.64
5831,F,Professions_intermediaires,0,Nancy,Prive,0.4333579600738848,10,69.48
5832,F,Retraite,0,Nancy,Public,0.34029936693160856,13,65.72
5833,M,Retraite,0,Lille,Public,0.5789249735487958,11,65.42
5834,F,Cadre,0,Nantes,Public,0.5117171617176542,12,68.05
5835,F,Agriculteur,0,Nantes,Public,0.5057438832440994,10,64.91
5836,M,Ouvrier,0,Lyon,Public,0.5886868830166578,11,54.48
5837,M,Retraite,0,Toulouse,Prive,0.4725105151569737,11,49.82
5838,F,Ouvrier,0,Nantes,Prive,0.6689426523452344,10,57.59
5839,F,Cadre,1,Paris,Public,0.21431965231530398,13,65.26
5840,M,Agriculteur,1,Bordeaux,Public,0.7482568220987824,10,53.59
5841,M,Retraite,0,Marseille,Public,0.31736113868664395,10,43.28
5842,M,Employe,0,Nancy,Public,0.17267126110744174,10,49.8
5843,M,Professions_intermediaires,0,Lille,Prive,0.34233684354980276,13,70.67
5844,F,Employe,0,Nantes,Prive,0.4300949891384253,12,66.94
5845,M,Ouvrier,0,Marseille,Prive,0.3530029651702896,11,53.88
5846,F,Cadre,0,Bordeaux,Public,0.306967443768261,10,88.03
5847,F,Professions_intermediaires,0,Paris,Public,0.7021148919430688,11,83.27
5848,M,Employe,0,Bordeaux,Public,0.325873318325408,13,66.975
5849,M,Retraite,0,Lyon,Public,0.04844196423601621,11,47.99
5850,F,Professions_intermediaires,0,Lille,Public,0.429911667837784,13,72.14
5851,F,Cadre,0,Marseille,Public,0.9090780073134297,10,75.75
5852,M,Cadre,1,Bordeaux,Prive,0.2871924396174563,11,61.95
5853,F,Cadre,0,Bordeaux,Public,0.3200700298334209,10,70.23
5854,M,Ouvrier,0,Marseille,Prive,0.4192645257582908,12,69.11
5855,F,Professions_intermediaires,0,Nantes,Prive,0.8088431560100946,10,66.89
5856,M,Agriculteur,0,Lyon,Prive,0.4280950534497255,11,69.74
5857,F,Cadre,0,Lille,Public,0.29533375894152913,10,66.975
5858,F,Cadre,0,Nancy,Prive,0.5726149560998441,12,81.29
5859,F,Retraite,0,Toulouse,Prive,0.5577299176876968,10,70.33
5860,M,Professions_intermediaires,0,Lyon,Prive,0.5973300931915313,13,66.975
5861,M,Employe,0,Paris,Prive,0.28753653514029676,11,70.13
5862,M,Ouvrier,0,Bordeaux,Prive,0.3871030601720261,12,63.7
5863,M,Agriculteur,0,Bordeaux,Prive,0.7251336356394811,10,80.14
5864,F,Professions_intermediaires,0,Nantes,Public,0.5818028093939992,12,85.24
5865,M,Professions_intermediaires,0,Lille,Public,0.6617342523051776,10,72.46
5866,M,Employe,0,Marseille,Public,0.48917853494611213,10,63.27
5867,M,Employe,0,Nancy,Public,0.7112753827920931,13,77.67
5868,M,Cadre,0,Lille,Public,0.5586301842216673,10,95.07
5869,M,Agriculteur,0,Nancy,Public,0.39529247056210537,12,64.17
5870,M,Employe,1,Bordeaux,Public,0.6490930908907683,13,45.27
5871,M,Professions_intermediaires,0,Bordeaux,Public,0.32498800116830473,10,64.84
5872,F,Retraite,0,Lille,Prive,0.8087100963462145,13,64.62
5873,M,Employe,0,Marseille,Public,0.7016252521272915,13,75.43
5874,F,Employe,0,Lyon,Prive,0.4414586854106018,12,77.18
5875,M,Employe,0,Lille,Prive,0.46300575760805446,11,70.32
5876,F,Retraite,0,Toulouse,Prive,0.5264725146491752,10,65.69
5877,M,Professions_intermediaires,1,Lyon,Prive,0.4654275573031931,10,66.975
5878,F,Retraite,1,Bordeaux,Public,0.7637998817100402,12,51.14
5879,M,Retraite,0,Nantes,Prive,0.39224718114799845,10,73.95
5880,F,Cadre,0,Nantes,Public,0.1994922753668011,11,69.01
5881,F,Ouvrier,0,Marseille,Public,0.4482697653035098,12,62.24
5882,M,Employe,0,Lille,Prive,0.6505083423996031,12,61.41
5883,M,Professions_intermediaires,0,Paris,Public,0.7029342511784524,10,70.12
5884,F,Cadre,0,Lille,Public,0.5227623996732877,11,78.67
5885,F,Ouvrier,0,Lyon,Public,0.37323131750277905,10,59.26
5886,M,Retraite,0,Lyon,Prive,0.4911828303569786,13,59.63
5887,M,Employe,0,Marseille,Prive,0.3689679983657427,13,45.48
5888,F,Professions_intermediaires,0,Toulouse,Public,0.03894535178024633,13,61.43
5889,M,Retraite,0,Paris,Public,0.32959011958889217,13,54.62
5890,F,Professions_intermediaires,0,Bordeaux,Prive,0.6020786197801613,13,62.0
5891,M,Agriculteur,0,Lyon,Public,0.44586764473041934,11,70.88
5892,F,Ouvrier,0,Lyon,Public,0.4382900829721422,13,66.13
5893,F,Agriculteur,0,Paris,Public,0.7213666646244123,10,79.92
5894,F,Retraite,1,Lille,Prive,0.3072044464045727,10,56.59
5895,M,Retraite,0,Paris,Prive,0.32675739447347485,11,50.09
5896,M,Ouvrier,0,Bordeaux,Public,0.5661879394137447,11,51.58
5897,F,Employe,0,Bordeaux,Public,0.35763124050261147,13,65.06
5898,M,Ouvrier,0,Nantes,Public,0.3566340190837233,13,55.77
5899,M,Retraite,0,Toulouse,Public,0.809847166771042,10,72.02
5900,M,Employe,0,Lille,Prive,0.28559156830671983,11,69.81
5901,M,Professions_intermediaires,0,Toulouse,Prive,0.35350018028848584,10,66.975
5902,F,Cadre,0,Lyon,Public,0.5877783455248332,13,96.73
5903,F,Agriculteur,0,Lille,Prive,0.4902192285786232,12,62.34
5904,M,Retraite,0,Toulouse,Public,0.2253069828965633,10,53.39
5905,F,Employe,0,Paris,Prive,0.8568034297996806,13,66.35
5906,F,Agriculteur,0,Bordeaux,Prive,0.34114654078037737,11,143.71985894603912
5907,F,Employe,0,Marseille,Prive,0.4508941981649177,10,51.67
5908,M,Employe,1,Nantes,Public,0.5873646206583228,12,66.975
5909,M,Ouvrier,0,Lyon,Prive,0.9324726944316533,10,79.44
5910,M,Cadre,0,Bordeaux,Public,0.41805186180679865,11,70.69
5911,F,Professions_intermediaires,0,Nantes,Prive,0.31611774055382724,13,79.84
5912,F,Agriculteur,0,Paris,Public,0.5995441830123752,11,49.83
5913,M,Retraite,0,Nancy,Public,0.917628097078079,10,63.9
5914,F,Professions_intermediaires,0,Bordeaux,Prive,0.5271913827755198,12,71.89
5915,M,Cadre,0,Lille,Prive,0.4429060547594817,10,92.23
5916,F,Employe,0,Marseille,Public,0.5782597583629042,13,86.48
5917,F,Retraite,1,Toulouse,Public,0.0849256025928925,12,32.2
5918,F,Cadre,0,Toulouse,Prive,0.37699603646232566,11,82.18
5919,M,Agriculteur,0,Marseille,Public,0.1349379552398604,12,69.34
5920,M,Professions_intermediaires,0,Lille,Prive,0.42799859588527317,10,92.65
5921,F,Retraite,0,Bordeaux,Public,0.39740290842135656,12,73.93
5922,M,Retraite,0,Lyon,Public,-0.02750621713047796,13,41.5
5923,M,Agriculteur,0,Nantes,Public,0.5358495766676044,13,76.67
5924,M,Professions_intermediaires,0,Paris,Prive,0.6236212298364855,12,70.91
5925,M,Ouvrier,0,Lille,Prive,0.46131825513056735,11,71.76
5926,F,Ouvrier,1,Toulouse,Prive,0.19431963059514684,12,40.47
5927,M,Professions_intermediaires,0,Bordeaux,Prive,0.7530462866444221,11,70.36
5928,M,Agriculteur,0,Nantes,Prive,0.8794313878668545,12,86.29
5929,F,Agriculteur,0,Nantes,Public,0.5800380040878106,13,66.975
5930,F,Employe,0,Lyon,Public,0.4291705978436187,11,70.53
5931,M,Professions_intermediaires,0,Toulouse,Public,0.43178156296499015,13,72.77
5932,M,Retraite,1,Paris,Prive,0.5866677096085952,10,41.19
5933,F,Ouvrier,0,Bordeaux,Public,0.5180000321986191,12,67.45
5934,F,Cadre,1,Toulouse,Public,0.5871058362309081,13,66.975
5935,M,Retraite,0,Lille,Prive,0.5899889406977068,13,83.15
5936,F,Employe,0,Bordeaux,Public,0.3523634570591952,11,66.975
5937,F,Employe,0,Toulouse,Public,0.3354271017261753,12,45.94
5938,M,Cadre,1,Lyon,Public,0.44392251347347345,13,57.84
5939,M,Agriculteur,0,Marseille,Public,0.5935050473434388,10,71.37
5940,F,Employe,0,Nantes,Prive,0.18811862266146878,13,64.21
5941,F,Agriculteur,0,Lyon,Public,0.4542678071440157,11,76.58
5942,F,Employe,0,Nantes,Public,0.4928019732750541,11,74.88
5943,F,Cadre,1,Nancy,Public,0.40264624201026433,10,70.03
5944,M,Professions_intermediaires,0,Nancy,Prive,0.7805437915095186,10,74.47
5945,F,Ouvrier,1,Toulouse,Prive,0.746406376735848,12,42.21
5946,F,Agriculteur,0,Paris,Public,0.5831119114592648,13,61.6
5947,F,Agriculteur,0,Lyon,Prive,0.8540804809183444,12,79.63
5948,M,Retraite,0,Nancy,Public,0.6756698949748184,13,75.65
5949,M,Employe,0,Toulouse,Public,0.5268224983826619,12,77.21
5950,M,Cadre,0,Lyon,Public,0.4046137139629964,10,59.33
5951,F,Retraite,1,Nantes,Public,0.42095002535277376,11,48.0
5952,M,Ouvrier,1,Toulouse,Public,0.5761027048706729,12,32.3
5953,F,Cadre,1,Toulouse,Prive,0.4256414897186038,10,69.18
5954,M,Cadre,0,Nantes,Prive,0.1966105149719401,11,66.975
5955,M,Cadre,0,Lyon,Public,0.4238626474577097,11,88.94
5956,M,Cadre,1,Paris,Prive,0.7055207220151414,10,62.69
5957,F,Agriculteur,0,Marseille,Prive,-0.014814076531906806,11,52.54
5958,M,Employe,0,Paris,Public,0.7806103324244759,11,80.41
5959,M,Retraite,0,Marseille,Prive,0.6148113795263312,12,61.56
5960,M,Retraite,1,Lyon,Public,0.4531164211918363,10,51.6
5961,F,Employe,0,Bordeaux,Prive,0.5575309009594811,13,66.975
5962,M,Retraite,0,Paris,Public,0.6922210119329966,11,67.23
5963,M,Employe,0,Lyon,Prive,0.5066797777071887,12,63.07
5964,F,Ouvrier,0,Marseille,Prive,0.6897295414841285,12,77.16
5965,M,Cadre,0,Nancy,Public,0.6701647304568288,10,95.21
5966,F,Agriculteur,0,Toulouse,Public,0.5350320940580491,10,85.05
5967,M,Retraite,0,Nantes,Prive,0.2778575369579178,12,43.43
5968,M,Professions_intermediaires,0,Nantes,Prive,0.48044871023877744,11,70.97
5969,F,Agriculteur,0,Toulouse,Public,0.09173484932471432,11,56.42
5970,F,Employe,0,Paris,Public,0.5891408762175713,12,75.07
5971,M,Retraite,1,Lille,Public,0.4160603008712651,13,33.61
5972,F,Professions_intermediaires,0,Marseille,Public,0.3769441429874539,13,65.52
5973,F,Ouvrier,0,Nancy,Prive,0.631101428764914,11,64.75
5974,F,Ouvrier,0,Lille,Prive,0.2459159342052436,11,39.03
5975,M,Employe,1,Bordeaux,Public,0.5224228675295495,12,29.39
5976,M,Ouvrier,0,Nancy,Prive,0.43203916334098,12,57.47
5977,M,Employe,0,Marseille,Prive,0.4639173577560674,11,90.09
5978,F,Retraite,0,Nantes,Public,0.5568572422946642,11,67.77
5979,F,Employe,0,Lyon,Public,0.8646873179786255,13,73.13
5980,M,Professions_intermediaires,0,Toulouse,Public,0.5796983674412546,13,79.64
5981,M,Retraite,1,Marseille,Prive,0.7716542776299335,11,55.18
5982,M,Employe,0,Paris,Public,0.7790951921072784,10,71.99
5983,M,Agriculteur,1,Marseille,Public,0.6539360101302443,13,45.3
5984,M,Cadre,0,Lyon,Public,0.13121893638484583,10,61.77
5985,F,Employe,0,Paris,Prive,0.45206846466532025,10,75.55
5986,F,Retraite,0,Nantes,Prive,0.28187277262950267,10,56.46
5987,M,Professions_intermediaires,0,Bordeaux,Prive,1.072730601624601,13,90.87
5988,M,Cadre,0,Nantes,Prive,0.2992440993634568,10,89.09
5989,M,Agriculteur,0,Paris,Prive,0.2005512003168426,11,58.65
5990,M,Retraite,0,Toulouse,Public,-0.0540742836873187,12,38.62
5991,F,Agriculteur,0,Bordeaux,Prive,0.2927471323324492,10,62.9
5992,F,Retraite,1,Toulouse,Public,0.5245694647535414,13,44.64
5993,M,Employe,0,Paris,Public,0.717449659319646,13,76.24
5994,M,Cadre,0,Toulouse,Prive,0.28596550720169156,12,74.14
5995,F,Employe,0,Paris,Public,0.7342951208021047,12,68.05
5996,F,Agriculteur,0,Paris,Prive,0.4872617850334111,11,65.75
5997,M,Agriculteur,1,Bordeaux,Prive,0.40291707509313557,12,49.21
5998,M,Professions_intermediaires,0,Paris,Prive,0.5345677214270314,13,66.975
5999,M,Professions_intermediaires,1,Marseille,Public,0.7835144014290734,12,81.24
6000,F,Agriculteur,0,Lille,Prive,0.5102216418521572,11,87.08
6001,M,Employe,0,Lille,Prive,0.2783476758039029,11,60.92
6002,M,Cadre,0,Paris,Public,0.584828317250845,12,79.4
6003,M,Agriculteur,0,Toulouse,Prive,0.5816283251109605,13,64.18
6004,M,Ouvrier,0,Marseille,Prive,0.4619448258495296,11,47.35
6005,F,Retraite,0,Nancy,Prive,0.7043088952070331,12,71.11
6006,F,Employe,0,Bordeaux,Public,0.042171003185313305,12,49.51
6007,F,Agriculteur,0,Paris,Public,0.5714146155492315,11,61.11
6008,M,Professions_intermediaires,1,Toulouse,Prive,0.6568697573247639,10,48.08
6009,F,Retraite,0,Marseille,Public,0.21023668182705962,11,67.12
6010,F,Agriculteur,0,Lille,Public,0.20334788293353318,13,62.23
6011,F,Professions_intermediaires,0,Marseille,Prive,0.6996256857828322,13,67.63
6012,M,Agriculteur,1,Paris,Prive,0.7348908251049532,11,61.1
6013,M,Cadre,1,Nancy,Prive,0.771953908826517,12,80.7
6014,M,Professions_intermediaires,0,Nantes,Public,0.36140210495512315,12,66.81
6015,M,Retraite,1,Nantes,Prive,0.5402133682179032,13,37.83
6016,F,Ouvrier,0,Lyon,Public,0.5666537959060475,10,55.12
6017,F,Cadre,0,Bordeaux,Public,0.15855846637109083,11,80.38
6018,F,Ouvrier,1,Lyon,Public,0.531452088277506,11,50.4
6019,M,Professions_intermediaires,0,Lyon,Public,0.5277417926098742,12,76.13
6020,M,Agriculteur,0,Nancy,Prive,0.6490621275409463,13,59.17
6021,F,Ouvrier,0,Nantes,Prive,0.3856866226900131,11,66.975
6022,F,Professions_intermediaires,1,Nantes,Prive,0.7500874703689422,12,60.51
6023,F,Cadre,0,Nancy,Prive,0.5160676036271001,13,84.04
6024,M,Agriculteur,0,Toulouse,Public,0.8419437458846906,11,79.4
6025,F,Employe,0,Nancy,Public,0.6493217805830743,12,81.18
6026,M,Ouvrier,0,Marseille,Public,0.5555394955725125,12,50.97
6027,F,Ouvrier,0,Lyon,Public,0.2636207639998239,13,44.23
6028,M,Cadre,0,Toulouse,Public,0.23599968659403842,13,77.76
6029,M,Cadre,0,Lyon,Prive,0.8201733127481325,11,90.72
6030,F,Retraite,0,Paris,Prive,0.6755459123252386,10,77.48
6031,M,Cadre,1,Bordeaux,Public,0.44298343473319207,10,74.16
6032,M,Employe,0,Nantes,Prive,0.4166387942730416,10,60.64
6033,M,Agriculteur,0,Bordeaux,Public,0.5443768323631547,11,71.93
6034,M,Ouvrier,0,Lille,Prive,0.23096228196239443,11,58.22
6035,F,Cadre,0,Toulouse,Prive,0.4064642674846456,10,88.45
6036,F,Professions_intermediaires,0,Bordeaux,Prive,0.6225076145713722,11,63.6
6037,M,Employe,0,Lyon,Prive,0.6492612736688285,12,66.975
6038,F,Professions_intermediaires,0,Toulouse,Prive,0.4263818908870079,10,66.4
6039,F,Cadre,0,Paris,Public,0.8200496563667947,11,97.69
6040,F,Retraite,0,Nancy,Public,0.7089970829000507,12,59.69
6041,F,Employe,0,Toulouse,Public,0.3462471050902057,10,65.64
6042,F,Retraite,0,Nancy,Prive,0.2448372927202252,12,57.1
6043,F,Professions_intermediaires,1,Nantes,Public,0.6189136127788217,13,77.28
6044,M,Agriculteur,0,Paris,Public,0.40998584431714735,11,57.95
6045,M,Employe,0,Toulouse,Public,0.3719920551853708,10,55.44
6046,F,Ouvrier,0,Toulouse,Prive,0.5445781370530582,11,75.66
6047,F,Agriculteur,0,Bordeaux,Public,0.6438763437016906,12,80.29
6048,M,Cadre,0,Bordeaux,Prive,0.6583850449946677,11,146.94266336289976
6049,F,Employe,0,Bordeaux,Prive,0.511036755834041,13,64.07
6050,F,Retraite,0,Nantes,Prive,0.0412180716372928,10,44.67
6051,F,Employe,0,Marseille,Public,0.6908840970556244,11,68.43
6052,F,Cadre,0,Marseille,Public,0.33878453041759693,13,76.74
6053,F,Agriculteur,0,Marseille,Public,0.5616757121797222,12,64.15
6054,F,Retraite,0,Nantes,Prive,0.47556822571415464,10,59.95
6055,M,Retraite,0,Toulouse,Prive,0.9488111794207186,11,68.44
6056,M,Professions_intermediaires,0,Nantes,Prive,0.9115791315369266,10,91.34
6057,F,Ouvrier,1,Lyon,Prive,0.40810542054518967,13,26.55
6058,M,Ouvrier,0,Lille,Prive,0.23107244651828396,13,57.24
6059,M,Agriculteur,0,Toulouse,Public,0.24671563298933546,10,64.47
6060,F,Professions_intermediaires,0,Lille,Public,0.55431318480704,11,75.73
6061,F,Ouvrier,1,Toulouse,Public,0.3920502478937301,11,66.975
6062,M,Agriculteur,0,Paris,Prive,0.27777506045710254,13,66.61
6063,F,Retraite,0,Marseille,Prive,0.39526544267414365,10,63.74
6064,F,Ouvrier,0,Toulouse,Public,0.5902381426446406,12,73.05
6065,F,Agriculteur,0,Lyon,Prive,0.484347202180785,12,46.69
6066,F,Cadre,0,Nantes,Prive,0.40352229115345084,13,66.975
6067,F,Cadre,0,Marseille,Prive,0.4286233966591602,11,94.13
6068,F,Agriculteur,0,Nantes,Prive,0.4676139516282514,11,83.97
6069,F,Employe,0,Lille,Public,0.5445255856868253,12,61.28
6070,M,Ouvrier,0,Paris,Prive,0.5562567427013663,12,61.58
6071,F,Retraite,1,Marseille,Prive,0.17032080227143753,13,40.77
6072,M,Cadre,0,Nancy,Public,0.5333395853947999,10,66.975
6073,M,Employe,1,Nantes,Prive,0.4275891231978368,11,46.76
6074,M,Agriculteur,0,Lille,Prive,0.2972409706963939,11,65.65
6075,M,Employe,0,Lyon,Prive,0.42545766004299546,12,54.32
6076,F,Agriculteur,0,Lyon,Prive,0.7312272682620293,10,81.02
6077,F,Ouvrier,0,Lyon,Prive,0.6617246972048891,10,70.75
6078,F,Professions_intermediaires,0,Marseille,Public,0.5194414198861295,11,69.6
6079,M,Cadre,0,Nancy,Public,0.32058036376305643,10,68.14
6080,M,Retraite,0,Toulouse,Prive,0.228074286384169,11,58.96
6081,M,Professions_intermediaires,0,Bordeaux,Prive,0.311636864370473,10,62.26
6082,F,Retraite,0,Toulouse,Prive,0.5024419102798384,10,67.97
6083,F,Employe,0,Nancy,Prive,0.5066567434673639,11,61.51
6084,M,Cadre,1,Nancy,Public,0.36972782929938686,10,74.61
6085,M,Agriculteur,0,Marseille,Public,0.6755600625892139,12,65.68
6086,M,Ouvrier,0,Paris,Prive,0.5768980213128574,12,53.65
6087,F,Retraite,0,Lyon,Public,-0.03025568034423598,10,54.05
6088,F,Agriculteur,0,Nantes,Public,0.521834369825953,12,55.59
6089,F,Agriculteur,1,Bordeaux,Prive,0.6510950170997745,11,45.03
6090,M,Employe,0,Paris,Prive,0.5404869118385226,12,52.99
6091,F,Agriculteur,1,Toulouse,Prive,0.6163014775379643,13,53.97
6092,M,Retraite,1,Nantes,Public,0.4473050591888513,12,51.19
6093,F,Employe,0,Nantes,Public,0.4869490416486075,11,64.35
6094,F,Professions_intermediaires,0,Paris,Prive,0.4911298819111968,11,86.59
6095,F,Ouvrier,0,Nantes,Public,0.5368161359194732,11,54.66
6096,M,Cadre,0,Nantes,Public,0.3841786628263899,11,77.25
6097,M,Ouvrier,1,Paris,Prive,0.7184969155727007,13,52.86
6098,M,Professions_intermediaires,0,Marseille,Prive,0.7845562261168816,12,86.71
6099,M,Professions_intermediaires,1,Paris,Public,0.39379591401685526,12,55.77
6100,F,Professions_intermediaires,0,Bordeaux,Prive,0.26625921279655695,11,80.35
6101,F,Agriculteur,0,Nantes,Prive,0.23094951480051812,12,63.12
6102,M,Retraite,0,Lyon,Prive,0.5809933059902492,12,68.51
6103,F,Employe,0,Marseille,Prive,0.6175673961618108,12,64.96
6104,F,Employe,0,Nancy,Public,0.5818341818724557,10,87.63
6105,M,Employe,0,Paris,Public,0.599031405862993,13,65.13
6106,M,Retraite,0,Marseille,Prive,0.38632528121462273,12,59.58
6107,F,Ouvrier,1,Lyon,Public,0.10196994600112275,11,34.63
6108,M,Ouvrier,0,Paris,Prive,0.4005425681518229,12,63.82
6109,M,Ouvrier,0,Bordeaux,Prive,0.8307729559543948,12,73.19
6110,M,Agriculteur,0,Bordeaux,Public,0.5529595444116,11,44.78
6111,M,Professions_intermediaires,0,Paris,Public,0.5849076537411664,13,91.77
6112,F,Retraite,0,Lyon,Public,0.680948555705716,13,83.97
6113,F,Employe,0,Paris,Prive,0.33198291202977237,13,153.4043538929365
6114,M,Cadre,0,Lille,Public,0.5446956096603178,10,86.3
6115,F,Professions_intermediaires,0,Nancy,Prive,0.6024408476842154,13,88.98
6116,F,Ouvrier,0,Nancy,Prive,0.3134962739317688,11,59.76
6117,M,Retraite,0,Paris,Prive,0.5727719391831689,11,67.85
6118,F,Agriculteur,0,Paris,Public,0.7590730880633523,12,81.48
6119,M,Ouvrier,0,Lille,Public,0.41985954622594107,11,63.13
6120,F,Retraite,0,Lille,Prive,0.15552730922427727,13,67.14
6121,F,Cadre,0,Nancy,Public,0.5345188223717171,12,66.89
6122,M,Cadre,0,Lyon,Prive,0.36869052875261454,10,80.31
6123,M,Retraite,0,Paris,Public,0.5362170805348127,10,53.81
6124,F,Professions_intermediaires,0,Nantes,Public,0.33157012285667,10,80.17
6125,F,Employe,1,Nancy,Public,0.5121943795544426,11,40.56
6126,F,Agriculteur,1,Marseille,Public,0.7454451020795001,11,52.35
6127,F,Agriculteur,0,Paris,Public,0.49443994009482795,13,77.8
6128,M,Employe,0,Nancy,Public,0.17016977836248776,11,71.52
6129,F,Agriculteur,0,Lille,Public,0.5751454302827115,10,79.1
6130,F,Professions_intermediaires,0,Nantes,Public,0.5039813725430328,12,82.36
6131,F,Employe,1,Bordeaux,Public,0.5426453677820455,11,38.75
6132,F,Cadre,0,Paris,Public,0.6946392981910817,13,80.63
6133,M,Retraite,0,Nantes,Prive,0.39498627914761686,10,49.63
6134,F,Employe,0,Bordeaux,Prive,0.4423916861599296,11,57.73
6135,M,Agriculteur,0,Nantes,Prive,0.2941150229147813,12,64.89
6136,F,Agriculteur,0,Lyon,Prive,0.5386718113059499,10,79.4
6137,F,Retraite,0,Nantes,Prive,0.5334275737936846,12,75.25
6138,M,Employe,1,Bordeaux,Public,0.44805462022488596,12,29.19
6139,F,Employe,0,Nantes,Prive,0.6494166945163552,10,71.46
6140,F,Retraite,1,Lyon,Public,0.2926613115738809,12,38.47
6141,F,Cadre,0,Nantes,Prive,0.5253901936676264,13,65.2
6142,F,Professions_intermediaires,1,Paris,Prive,0.6202222224948732,12,65.61
6143,M,Professions_intermediaires,1,Lyon,Prive,0.39158875202181764,10,58.83
6144,M,Professions_intermediaires,0,Lyon,Prive,0.22529335019971414,13,62.49
6145,F,Professions_intermediaires,0,Lyon,Prive,0.16092813162829755,10,65.25
6146,M,Cadre,0,Bordeaux,Prive,0.5310629351130911,13,85.99
6147,M,Cadre,0,Lille,Prive,0.8388053087594813,13,95.18
6148,M,Cadre,0,Lille,Prive,0.3780559133192146,10,75.48
6149,F,Professions_intermediaires,0,Paris,Public,0.5902643287364786,11,69.75
6150,M,Agriculteur,0,Lille,Public,0.014933438293191215,13,47.56
6151,F,Professions_intermediaires,0,Paris,Prive,0.5746548262810297,12,90.54
6152,M,Agriculteur,1,Bordeaux,Prive,0.2823190961502084,12,54.19
6153,M,Cadre,1,Lyon,Prive,0.42133551079619713,12,52.44
6154,F,Agriculteur,0,Nantes,Public,0.5157735071238009,13,61.78
6155,F,Cadre,0,Marseille,Prive,0.1678430926348441,12,68.65
6156,M,Cadre,0,Nantes,Public,1.129128285247806,12,84.48
6157,F,Ouvrier,0,Nancy,Public,0.3789372864289843,11,76.4
6158,M,Employe,1,Nancy,Prive,0.621401350205629,13,43.06
6159,M,Agriculteur,1,Toulouse,Public,0.7985334630612106,12,61.4
6160,F,Ouvrier,0,Lyon,Prive,0.5586386264487512,13,59.74
6161,F,Employe,0,Nancy,Public,0.2544559336972656,13,61.12
6162,F,Agriculteur,0,Bordeaux,Prive,0.5205407812487455,11,67.35
6163,F,Retraite,0,Lyon,Public,0.1324717511401618,12,60.72
6164,F,Cadre,0,Lyon,Prive,0.433802261905959,12,82.38
6165,F,Cadre,0,Toulouse,Prive,0.8353786407897603,10,66.975
6166,M,Professions_intermediaires,0,Nantes,Prive,0.21776002169717024,12,78.19
6167,F,Agriculteur,0,Marseille,Public,0.3351657518527194,13,60.29
6168,M,Cadre,1,Toulouse,Public,0.8707211952995206,12,73.99
6169,M,Employe,0,Lille,Prive,0.4651526830527337,12,51.53
6170,M,Cadre,0,Marseille,Public,0.32125978537348576,10,75.37
6171,M,Employe,0,Marseille,Prive,0.5778412586744058,11,68.88
6172,F,Agriculteur,1,Nantes,Prive,0.4062402609324221,10,45.65
6173,M,Ouvrier,0,Nancy,Prive,-0.04319420178725786,11,47.07
6174,F,Professions_intermediaires,1,Paris,Public,0.2279085252913406,11,66.975
6175,F,Ouvrier,0,Lyon,Prive,0.9113983359784052,10,77.08
6176,F,Retraite,1,Lille,Public,0.5656294455015094,11,27.81
6177,M,Professions_intermediaires,0,Nantes,Public,0.7927374526129514,12,82.09
6178,M,Ouvrier,0,Lille,Public,0.29416064170127343,12,52.64
6179,M,Retraite,0,Toulouse,Public,0.4889929919893397,11,59.42
6180,M,Professions_intermediaires,0,Nancy,Prive,0.46622073778264195,12,85.82
6181,F,Professions_intermediaires,0,Lyon,Public,0.39054152555014937,12,57.28
6182,M,Ouvrier,0,Bordeaux,Prive,0.5420468234415603,10,60.45
6183,F,Employe,0,Nancy,Public,0.27704674771657045,11,76.55
6184,M,Agriculteur,0,Paris,Prive,0.7418969630971433,13,73.97
6185,F,Cadre,0,Nantes,Public,0.5934511732994616,12,79.01
6186,M,Professions_intermediaires,0,Toulouse,Prive,0.46517929415201126,12,71.29
6187,F,Retraite,0,Lille,Public,0.5266555330665362,11,82.03
6188,M,Cadre,1,Lille,Prive,0.4395291733675505,13,73.22
6189,F,Cadre,0,Toulouse,Public,0.1552931816196117,11,73.25
6190,F,Agriculteur,0,Paris,Public,0.301864681825894,13,78.95
6191,M,Ouvrier,1,Lyon,Prive,0.4639854193667199,10,44.94
6192,F,Cadre,0,Marseille,Prive,0.4294387158467333,13,61.07
6193,F,Retraite,0,Marseille,Prive,0.6295169675846737,11,67.39
6194,F,Employe,0,Marseille,Prive,0.6120729160321835,12,87.39
6195,F,Employe,0,Lille,Public,0.38803115324700715,10,64.63
6196,F,Cadre,0,Bordeaux,Prive,0.3086028709179022,11,94.98
6197,M,Ouvrier,0,Lyon,Prive,0.6509651202796187,13,50.41
6198,F,Ouvrier,0,Bordeaux,Public,0.5378583915282005,12,50.55
6199,F,Employe,0,Paris,Public,0.37568166893900856,11,75.96
6200,F,Retraite,0,Paris,Prive,0.2716060323764181,10,68.14
6201,M,Employe,0,Bordeaux,Public,0.36483302764612663,10,63.79
6202,M,Agriculteur,0,Lyon,Prive,0.5783904002031691,13,77.54
6203,F,Cadre,0,Toulouse,Public,0.8373612063907026,11,87.59
6204,F,Agriculteur,0,Nantes,Public,0.45761798358573463,12,66.975
6205,F,Employe,1,Toulouse,Public,0.333401020005307,10,48.32
6206,M,Retraite,0,Lyon,Prive,0.9314412797830649,12,70.91
6207,M,Cadre,0,Lille,Prive,0.4256217198330073,12,86.11
6208,M,Agriculteur,0,Marseille,Public,0.3411781421829031,12,66.36
6209,F,Agriculteur,0,Bordeaux,Prive,0.41853846036220466,13,64.69
6210,M,Cadre,0,Lyon,Prive,0.4085772365760889,12,98.95
6211,F,Agriculteur,0,Lyon,Public,0.7541102312076116,10,65.75
6212,M,Ouvrier,0,Nantes,Public,0.16525345205719438,12,54.01
6213,M,Cadre,0,Lille,Prive,0.6189024725940669,10,85.78
6214,F,Cadre,0,Paris,Prive,0.4978084757179748,10,88.22
6215,M,Retraite,0,Lille,Public,0.38866115018010466,13,61.97
6216,M,Retraite,0,Marseille,Prive,0.43281636062164275,11,72.24
6217,F,Agriculteur,0,Lille,Prive,0.44986392960035115,11,71.21
6218,F,Retraite,0,Nancy,Prive,0.5176158547104108,13,60.03
6219,F,Retraite,0,Nantes,Public,0.40973471928428545,12,54.27
6220,M,Agriculteur,0,Paris,Public,0.4868983178173847,13,60.79
6221,F,Professions_intermediaires,0,Lyon,Prive,0.34453120562154826,13,64.76
6222,F,Employe,0,Lille,Prive,0.9363847163393748,10,84.21
6223,M,Agriculteur,0,Lyon,Prive,0.701853763885458,10,71.7
6224,F,Employe,1,Nantes,Prive,0.5977123177579781,11,54.21
6225,F,Employe,0,Paris,Public,0.4112365162088204,10,54.15
6226,M,Retraite,0,Bordeaux,Prive,0.6642928496461273,11,64.77
6227,M,Ouvrier,0,Marseille,Prive,0.5598573642749068,12,65.67
6228,M,Ouvrier,0,Toulouse,Public,0.5238103308107283,13,69.88
6229,F,Professions_intermediaires,0,Bordeaux,Public,0.3933954979330285,10,59.79
6230,F,Professions_intermediaires,0,Lyon,Prive,0.5549160937199531,13,90.82
6231,F,Ouvrier,0,Marseille,Public,0.836712136499324,10,81.88
6232,M,Cadre,0,Nancy,Prive,0.5161346196802855,10,93.51
6233,F,Employe,0,Marseille,Public,0.4472635508566175,13,78.73
6234,F,Employe,0,Lyon,Prive,0.5198468981518438,11,65.53
6235,M,Employe,0,Paris,Prive,0.5087576177062734,11,60.01
6236,M,Agriculteur,0,Bordeaux,Public,0.39057396634968666,10,66.36
6237,M,Cadre,0,Paris,Public,0.3517580541827148,12,83.45
6238,F,Retraite,0,Lyon,Prive,0.6586524381295441,10,63.36
6239,M,Ouvrier,0,Lyon,Prive,0.7410685615704805,12,70.61
6240,F,Agriculteur,1,Bordeaux,Public,0.9531666046902292,11,72.16
6241,M,Retraite,0,Paris,Prive,0.5916523258433005,11,66.975
6242,F,Cadre,0,Marseille,Prive,0.5233418007089943,12,86.44
6243,M,Agriculteur,0,Paris,Public,0.6803568409576217,10,50.0
6244,F,Cadre,0,Nancy,Prive,0.31839777910706146,13,67.68
6245,M,Professions_intermediaires,0,Lyon,Public,0.6285155401255615,12,139.96535961211976
6246,F,Retraite,0,Lyon,Public,0.7077536768954744,10,75.85
6247,M,Professions_intermediaires,1,Marseille,Public,0.7048446336759672,13,45.71
6248,F,Professions_intermediaires,0,Marseille,Public,0.833455853666365,11,83.7
6249,F,Retraite,0,Paris,Prive,0.38031795998417084,13,69.27
6250,F,Cadre,0,Toulouse,Prive,0.40153138585987486,12,82.75
6251,M,Employe,0,Nancy,Prive,0.45696887931635777,13,60.46
6252,F,Agriculteur,0,Toulouse,Public,0.27688850090472383,11,51.25
6253,F,Agriculteur,1,Toulouse,Public,0.6076804454030302,13,58.82
6254,M,Employe,0,Lille,Prive,0.635030054361334,11,64.08
6255,F,Agriculteur,0,Marseille,Public,0.6123110592326559,12,86.79
6256,F,Ouvrier,0,Marseille,Public,0.5298766969170511,10,63.75
6257,M,Employe,0,Nancy,Public,0.7011620772734584,10,74.75
6258,M,Retraite,1,Paris,Public,0.6150355373045523,12,54.02
6259,M,Professions_intermediaires,0,Lille,Public,0.37949712647515293,10,68.07
6260,M,Professions_intermediaires,0,Nancy,Prive,-0.08998890560996164,10,65.25
6261,F,Professions_intermediaires,0,Bordeaux,Public,0.43383300213920006,11,68.23
6262,F,Ouvrier,0,Marseille,Prive,0.5078104466435969,12,54.47
6263,F,Retraite,0,Bordeaux,Public,0.5094709397215987,12,57.51
6264,M,Employe,0,Lille,Public,0.4641567082725451,13,61.81
6265,M,Agriculteur,0,Nancy,Prive,0.3926362579550861,12,84.16
6266,F,Retraite,0,Lyon,Public,0.33063960760601385,10,53.64
6267,M,Employe,0,Bordeaux,Public,0.2934069032431398,12,67.98
6268,F,Professions_intermediaires,0,Nantes,Prive,0.5869914397196909,12,75.37
6269,F,Ouvrier,1,Bordeaux,Public,0.7176574313007617,13,36.06
6270,M,Professions_intermediaires,0,Bordeaux,Prive,0.24975325493992379,13,75.62
6271,M,Cadre,0,Toulouse,Prive,0.48774189366305754,12,79.2
6272,M,Ouvrier,1,Lyon,Prive,0.6577448872832719,12,39.45
6273,M,Agriculteur,1,Bordeaux,Prive,0.46222282093292366,11,56.92
6274,M,Retraite,0,Toulouse,Prive,0.6432012832560429,11,64.79
6275,M,Ouvrier,0,Lyon,Prive,0.715669476329429,13,66.76
6276,F,Retraite,1,Toulouse,Public,0.5788800877828493,10,46.99
6277,F,Retraite,0,Paris,Public,0.4008645452726555,13,62.47
6278,M,Professions_intermediaires,0,Nancy,Prive,0.7630118526861662,13,67.91
6279,F,Retraite,0,Nancy,Prive,0.4465078255673896,12,72.04
6280,F,Employe,1,Toulouse,Prive,0.44651358464664825,11,49.32
6281,F,Agriculteur,0,Bordeaux,Prive,0.6029775991930917,12,79.09
6282,F,Agriculteur,0,Nancy,Prive,0.439704647527956,13,69.21
6283,M,Professions_intermediaires,1,Marseille,Prive,0.4552375459220759,12,62.52
6284,F,Retraite,0,Bordeaux,Public,0.4252525448792791,13,65.22
6285,F,Retraite,0,Paris,Public,0.4638675521122456,12,77.05
6286,M,Agriculteur,0,Nancy,Public,0.5393930837762956,13,60.72
6287,F,Professions_intermediaires,0,Lyon,Prive,0.10546098214351152,11,59.7
6288,F,Retraite,0,Nancy,Prive,0.48041578242136357,13,81.15
6289,F,Professions_intermediaires,0,Paris,Prive,0.1470080714498222,10,75.18
6290,M,Professions_intermediaires,0,Nantes,Prive,0.4186805014575053,13,89.0
6291,F,Employe,1,Paris,Public,0.5676222758526214,12,55.5
6292,M,Employe,0,Toulouse,Prive,0.43450620178512106,13,63.06
6293,F,Retraite,0,Bordeaux,Public,0.6405903834771003,13,85.4
6294,M,Cadre,0,Toulouse,Public,0.5695245168015493,11,69.16
6295,F,Professions_intermediaires,0,Lyon,Prive,0.06878521292385276,12,73.21
6296,M,Agriculteur,0,Lyon,Prive,0.7395889596081971,11,50.41
6297,F,Employe,0,Nantes,Prive,0.549938026442538,13,83.15
6298,M,Employe,0,Lyon,Public,0.3861547997456794,10,55.25
6299,F,Ouvrier,0,Bordeaux,Prive,0.4060401568462869,10,56.68
6300,F,Employe,0,Marseille,Public,0.08306872249050118,11,50.62
6301,F,Professions_intermediaires,0,Paris,Public,0.543559201615076,11,81.79
6302,F,Agriculteur,0,Toulouse,Public,0.6302407807279894,11,70.7
6303,F,Employe,0,Paris,Public,0.3639980292206172,13,77.95
6304,M,Cadre,1,Nantes,Public,0.31900848791778624,13,54.09
6305,F,Employe,0,Nantes,Public,0.5281055709025176,10,58.49
6306,F,Agriculteur,0,Lyon,Prive,0.7389329532223415,13,70.52
6307,M,Professions_intermediaires,1,Nantes,Public,0.7181636810700873,11,73.54
6308,F,Ouvrier,0,Bordeaux,Public,0.6657849756049025,11,74.53
6309,F,Professions_intermediaires,1,Bordeaux,Prive,0.9040265005506659,13,74.8
6310,F,Cadre,0,Paris,Prive,0.684868999688545,13,84.61
6311,F,Retraite,1,Lyon,Public,0.731333140365836,11,38.71
6312,F,Employe,1,Lyon,Public,0.5174164460792856,12,61.68
6313,F,Retraite,1,Nantes,Public,0.4306629012657526,13,31.58
6314,F,Agriculteur,0,Marseille,Public,0.7269352500668663,12,74.55
6315,M,Ouvrier,1,Nancy,Public,0.30379163163127987,10,29.7
6316,F,Agriculteur,0,Toulouse,Prive,0.5847575424310871,13,72.04
6317,M,Agriculteur,0,Lille,Public,0.3784154319394639,11,49.94
6318,M,Cadre,0,Lyon,Prive,0.5678504878688675,13,93.15
6319,F,Ouvrier,0,Nantes,Public,0.553580317493666,12,75.01
6320,F,Cadre,1,Paris,Public,0.5325956974848821,13,75.62
6321,M,Professions_intermediaires,0,Lille,Public,0.4964564167620967,13,63.91
6322,M,Ouvrier,0,Nancy,Prive,0.6065066991963509,12,66.25
6323,F,Cadre,0,Marseille,Prive,0.6385603516543897,11,87.01
6324,M,Agriculteur,0,Toulouse,Public,0.22021980464292468,11,61.84
6325,M,Professions_intermediaires,0,Bordeaux,Public,0.4909266406056616,10,88.73
6326,F,Retraite,0,Toulouse,Public,0.4163832791065859,11,59.74
6327,F,Employe,0,Paris,Public,0.538825808185314,10,75.47
6328,M,Agriculteur,0,Marseille,Public,0.4167752299341589,12,50.46
6329,F,Cadre,0,Lille,Prive,0.7550190479886232,12,91.76
6330,M,Employe,0,Marseille,Prive,0.48634716380037285,13,75.08
6331,F,Retraite,0,Toulouse,Public,0.6973093772050375,10,68.49
6332,M,Professions_intermediaires,0,Lyon,Public,0.3095662433141126,12,75.34
6333,F,Professions_intermediaires,1,Paris,Public,0.44385338800321017,10,46.97
6334,F,Employe,1,Marseille,Prive,0.3770595164968479,13,41.6
6335,F,Retraite,1,Nantes,Prive,0.5787362091609479,13,46.02
6336,F,Ouvrier,1,Nancy,Prive,0.26300415945214906,11,31.4
6337,M,Ouvrier,0,Toulouse,Prive,0.15823372924077278,13,60.57
6338,F,Employe,0,Nancy,Public,0.37487949038557755,11,75.59
6339,M,Professions_intermediaires,1,Nantes,Public,0.6122208689320896,12,62.3
6340,M,Ouvrier,0,Lille,Prive,0.3380508416839497,12,33.65
6341,F,Agriculteur,1,Marseille,Public,0.5531154287487503,12,47.81
6342,M,Employe,0,Nantes,Public,0.3705362285471999,13,71.73
6343,M,Agriculteur,1,Nantes,Prive,0.14943263932741507,10,38.82
6344,M,Agriculteur,0,Paris,Prive,0.6703894368763212,12,69.74
6345,F,Retraite,1,Lille,Public,0.6298729537465788,13,56.77
6346,M,Employe,0,Lyon,Prive,0.49203437208311857,10,75.7
6347,M,Ouvrier,0,Nantes,Public,0.5085784382500563,11,65.58
6348,M,Agriculteur,1,Lille,Public,0.45849412013332436,13,33.69
6349,F,Cadre,0,Nancy,Prive,0.29348481037529756,11,70.89
6350,M,Retraite,0,Marseille,Public,0.7612012048786936,10,73.29
6351,F,Employe,0,Nantes,Public,0.4798779082751951,11,49.34
6352,F,Professions_intermediaires,0,Toulouse,Prive,0.5723282888285754,12,91.85
6353,F,Ouvrier,0,Nantes,Prive,0.4002356086183087,10,60.53
6354,M,Cadre,0,Bordeaux,Public,0.5885748244875522,11,79.61
6355,M,Ouvrier,0,Marseille,Public,0.7290320902935541,12,60.25
6356,F,Agriculteur,0,Nancy,Prive,0.5333248374094498,13,81.1
6357,M,Professions_intermediaires,1,Lyon,Prive,0.572112925946203,12,44.25
6358,F,Ouvrier,0,Paris,Public,0.6756006145344994,10,48.06
6359,F,Cadre,0,Bordeaux,Public,0.6414692572793049,13,79.67
6360,M,Cadre,0,Lyon,Public,0.7088286444413074,12,91.25
6361,M,Agriculteur,0,Nancy,Public,0.5641737380377381,13,83.83
6362,M,Cadre,0,Paris,Public,0.5640650125522435,11,96.36
6363,M,Cadre,0,Bordeaux,Public,0.5478737351078402,10,81.13
6364,F,Agriculteur,0,Lyon,Public,0.6729506484619223,11,75.85
6365,M,Professions_intermediaires,0,Lyon,Public,0.4136500676983982,11,75.23
6366,F,Agriculteur,1,Lyon,Prive,0.606110154069127,11,53.83
6367,M,Retraite,0,Lille,Public,0.9594873821547973,13,56.38
6368,F,Retraite,0,Nancy,Public,0.571790751703748,11,64.26
6369,F,Retraite,0,Bordeaux,Public,0.2605686555418003,11,67.34
6370,F,Agriculteur,1,Toulouse,Prive,0.4419688478751616,13,65.01
6371,M,Professions_intermediaires,0,Nantes,Prive,0.624158255466787,13,80.31
6372,F,Professions_intermediaires,0,Paris,Public,0.3658813886345751,12,82.39
6373,M,Employe,0,Toulouse,Prive,0.3044205488795535,10,70.64
6374,M,Agriculteur,0,Paris,Public,0.22414677503986147,13,58.51
6375,F,Agriculteur,0,Bordeaux,Public,0.4583427697422431,10,56.56
6376,M,Retraite,0,Lille,Public,0.8223418825866229,13,81.28
6377,F,Agriculteur,1,Nantes,Prive,0.39376179319829385,12,63.83
6378,F,Cadre,0,Lyon,Prive,0.675166414566434,11,85.55
6379,M,Employe,0,Nantes,Public,0.44419037355266106,10,76.5
6380,F,Retraite,1,Marseille,Prive,0.4225454900927379,10,45.15
6381,F,Agriculteur,0,Marseille,Public,0.603390513406881,10,59.36
6382,F,Retraite,0,Nancy,Public,0.19325984585424472,11,147.85814780520815
6383,M,Professions_intermediaires,0,Toulouse,Prive,0.8338735816416583,11,76.23
6384,F,Professions_intermediaires,0,Lyon,Prive,0.6074634501723747,11,81.85
6385,F,Ouvrier,0,Nancy,Public,0.7102830588486955,12,69.72
6386,M,Ouvrier,0,Lyon,Public,0.4484243904623916,10,66.975
6387,F,Agriculteur,0,Bordeaux,Prive,0.5992774528663809,12,59.91
6388,M,Employe,0,Paris,Prive,0.6865610512692075,10,66.98
6389,F,Ouvrier,1,Nantes,Public,0.48185816433998324,11,55.05
6390,M,Agriculteur,0,Lille,Public,0.3253593163512541,10,53.59
6391,M,Professions_intermediaires,0,Bordeaux,Prive,0.3113750184525196,13,76.37
6392,F,Ouvrier,0,Nancy,Prive,0.41543657837070774,11,65.03
6393,F,Cadre,0,Toulouse,Public,0.5453966821613292,11,81.53
6394,M,Cadre,0,Nancy,Public,0.4674345503609212,10,75.7
6395,M,Ouvrier,0,Nancy,Prive,0.4021171815866924,10,63.19
6396,F,Professions_intermediaires,0,Lille,Prive,0.6356048950510516,11,78.23
6397,M,Cadre,0,Lyon,Public,0.40778722780540994,10,77.44
6398,F,Retraite,0,Nancy,Prive,0.38047957383823977,11,67.12
6399,M,Ouvrier,1,Nancy,Prive,0.6878758863404657,10,58.77
6400,M,Retraite,0,Marseille,Prive,0.6101119462648755,10,77.58
6401,M,Ouvrier,0,Toulouse,Prive,0.2549945373071213,10,55.77
6402,M,Agriculteur,0,Toulouse,Public,0.23383178733072862,10,31.72
6403,F,Agriculteur,0,Paris,Public,0.27845306777985857,13,62.48
6404,M,Cadre,0,Toulouse,Prive,0.4938748924011415,13,74.83
6405,M,Employe,0,Lyon,Prive,0.7356891273881974,12,70.35
6406,M,Ouvrier,0,Toulouse,Public,0.7894757200245449,13,63.23
6407,M,Cadre,0,Marseille,Public,0.6500982259793603,11,84.46
6408,M,Agriculteur,1,Nantes,Public,0.8825767428671734,11,66.1
6409,M,Agriculteur,0,Lille,Public,0.5403250033411846,11,66.84
6410,M,Employe,0,Paris,Prive,0.7218055547041591,11,69.44
6411,M,Ouvrier,1,Marseille,Public,0.38575892816383345,10,41.78
6412,F,Professions_intermediaires,0,Lyon,Prive,0.18877915422105795,11,59.14
6413,F,Professions_intermediaires,0,Toulouse,Public,0.4382696410290392,11,71.1
6414,F,Retraite,0,Marseille,Public,0.47497150891413686,11,52.62
6415,F,Agriculteur,1,Toulouse,Prive,1.0169734678897062,11,66.48
6416,F,Professions_intermediaires,0,Paris,Prive,0.4999133737483433,10,77.58
6417,F,Professions_intermediaires,0,Nantes,Public,0.29643814911939254,11,89.64
6418,F,Professions_intermediaires,0,Lille,Prive,0.6929296107668579,11,65.04
6419,M,Cadre,0,Lille,Prive,0.3480826680682514,10,89.39
6420,F,Agriculteur,1,Toulouse,Prive,0.528708034706682,11,34.35
6421,M,Employe,1,Bordeaux,Public,0.6754571782218431,11,41.9
6422,F,Agriculteur,0,Paris,Public,0.3136723562616658,11,46.09
6423,F,Retraite,0,Nancy,Prive,0.803491981718716,13,72.8
6424,M,Cadre,0,Nancy,Public,0.7253605399136881,13,91.41
6425,M,Cadre,0,Bordeaux,Prive,0.5706559688229726,12,82.65
6426,M,Cadre,0,Nantes,Public,0.8503362862850952,11,72.04
6427,M,Agriculteur,0,Paris,Prive,0.4235502708872455,13,61.53
6428,M,Employe,0,Toulouse,Public,0.6588334448427642,10,71.66
6429,M,Cadre,1,Toulouse,Public,0.555763693046792,10,57.0
6430,F,Professions_intermediaires,0,Toulouse,Prive,0.3724310245800697,13,72.44
6431,M,Agriculteur,0,Nancy,Public,0.3784437446897237,13,66.975
6432,M,Employe,1,Bordeaux,Public,0.9062141891707648,10,50.77
6433,F,Ouvrier,0,Nancy,Public,0.7118628824343834,11,56.38
6434,F,Professions_intermediaires,0,Lyon,Public,0.6779014782739053,10,78.69
6435,M,Professions_intermediaires,0,Bordeaux,Public,0.374946297583314,13,87.59
6436,F,Agriculteur,1,Nancy,Prive,0.6415889808043352,11,57.16
6437,M,Ouvrier,0,Lyon,Public,0.42639337008041733,13,44.8
6438,F,Ouvrier,0,Bordeaux,Public,0.839607809838921,13,81.17
6439,F,Cadre,0,Nancy,Prive,0.742581173616135,10,87.11
6440,F,Professions_intermediaires,0,Nantes,Prive,0.6838653219651359,13,77.44
6441,M,Ouvrier,0,Toulouse,Public,0.6635541170847505,13,52.0
6442,F,Employe,0,Lille,Prive,0.4824427548803143,12,69.45
6443,M,Cadre,0,Nancy,Prive,0.5974354147413654,13,68.56
6444,M,Employe,0,Lille,Prive,0.808266990771624,13,63.64
6445,F,Agriculteur,0,Paris,Prive,0.5933317136899204,12,77.02
6446,M,Ouvrier,1,Lyon,Public,0.3318553365282614,12,37.44
6447,F,Retraite,0,Lyon,Public,0.7509893705064077,13,64.24
6448,M,Employe,0,Nantes,Public,0.36411441685423823,10,62.26
6449,F,Cadre,0,Nancy,Public,0.4940877865915677,11,91.64
6450,F,Retraite,0,Bordeaux,Prive,0.4052652814214107,12,66.86
6451,M,Professions_intermediaires,0,Paris,Public,-0.02179669504270232,10,68.48
6452,M,Retraite,0,Marseille,Prive,0.5350548592242226,12,54.08
6453,M,Ouvrier,0,Marseille,Public,0.9345548349246122,12,63.19
6454,M,Agriculteur,0,Lille,Prive,0.5639970855327001,10,86.83
6455,F,Ouvrier,1,Paris,Public,1.0926603936166739,13,50.97
6456,F,Professions_intermediaires,1,Nantes,Prive,0.46935643887029355,11,50.69
6457,F,Employe,0,Marseille,Public,0.5442896430659636,10,70.58
6458,M,Agriculteur,1,Nantes,Public,0.47915391305003363,10,49.53
6459,F,Ouvrier,0,Marseille,Public,0.5120665518675616,11,52.79
6460,F,Retraite,0,Paris,Prive,0.5739999262362464,11,44.72
6461,F,Cadre,0,Bordeaux,Public,0.8020598885298111,11,89.25
6462,F,Professions_intermediaires,0,Lyon,Public,0.33223018088678,12,71.64
6463,F,Professions_intermediaires,0,Lyon,Public,0.5017430673189053,12,59.62
6464,F,Ouvrier,1,Lille,Public,0.6231484869955217,12,66.975
6465,F,Employe,0,Lyon,Prive,0.7560163986404023,11,77.15
6466,M,Agriculteur,0,Lille,Public,0.06844374887562521,11,66.975
6467,F,Retraite,0,Marseille,Prive,0.22032559581725758,12,49.47
6468,F,Retraite,1,Marseille,Prive,0.5081232307710225,10,48.99
6469,M,Professions_intermediaires,1,Toulouse,Prive,0.7238592300563661,13,63.89
6470,F,Employe,0,Marseille,Prive,0.4038688633181675,11,79.68
6471,F,Cadre,0,Lille,Prive,0.6337925697088778,12,96.11
6472,F,Cadre,0,Nancy,Prive,0.8955738151319543,10,100.0
6473,F,Cadre,1,Bordeaux,Prive,0.5020695320375224,10,66.92
6474,M,Cadre,0,Paris,Prive,0.45436816496011856,10,78.93
6475,F,Retraite,0,Lyon,Public,0.5943714285817392,11,79.0
6476,F,Cadre,0,Nancy,Prive,0.5360052645695235,12,74.87
6477,F,Ouvrier,0,Toulouse,Public,0.5510498535507175,13,76.35
6478,F,Agriculteur,0,Lille,Prive,0.4638275369410456,12,75.83
6479,M,Professions_intermediaires,1,Bordeaux,Public,0.44857272045084057,11,49.84
6480,F,Cadre,0,Marseille,Prive,0.2991140365402174,12,66.78
6481,M,Professions_intermediaires,0,Toulouse,Public,0.6226579824055098,10,76.07
6482,M,Retraite,0,Bordeaux,Public,0.2920494700107319,10,53.71
6483,M,Retraite,0,Toulouse,Public,0.33657288111830364,13,46.16
6484,M,Agriculteur,0,Nancy,Prive,0.2604284765654006,13,57.59
6485,M,Professions_intermediaires,0,Nantes,Prive,0.43476965643905113,13,80.69
6486,M,Ouvrier,0,Marseille,Prive,0.5051858663230933,13,60.02
6487,M,Professions_intermediaires,0,Paris,Prive,0.28005938012062237,12,66.99
6488,F,Agriculteur,0,Toulouse,Public,0.4467355549231834,13,54.21
6489,F,Retraite,0,Lyon,Public,0.5323459107570543,10,64.57
6490,F,Agriculteur,1,Nancy,Public,0.18613588572388023,10,56.76
6491,M,Retraite,0,Nantes,Public,0.3481106335313076,13,61.0
6492,M,Professions_intermediaires,0,Nantes,Public,0.8609299173557814,10,78.69
6493,F,Ouvrier,1,Bordeaux,Prive,0.35827420907051044,11,45.11
6494,F,Cadre,1,Nancy,Public,0.6416853437157295,11,80.01
6495,F,Employe,0,Lille,Public,0.39849948607227664,12,78.69
6496,M,Retraite,0,Lille,Prive,0.540021576648959,11,67.98
6497,M,Agriculteur,0,Nantes,Public,0.3405392429362105,13,49.71
6498,M,Cadre,0,Paris,Prive,0.11964919588696721,11,84.56
6499,F,Cadre,0,Marseille,Public,0.41180218828201326,13,80.03
6500,F,Ouvrier,0,Lille,Prive,0.5883660784145743,12,58.71
6501,F,Ouvrier,0,Paris,Public,0.6356552747512243,10,55.72
6502,M,Employe,0,Nancy,Prive,0.5286061454945017,13,72.51
6503,M,Employe,0,Bordeaux,Prive,0.34452122333794366,10,72.19
6504,M,Employe,0,Toulouse,Prive,0.6840501118232678,12,65.04
6505,F,Retraite,0,Bordeaux,Prive,0.35560589720372304,12,68.11
6506,F,Agriculteur,0,Paris,Prive,0.3678562997397865,10,76.49
6507,M,Professions_intermediaires,0,Lyon,Public,0.30395358851595455,13,72.98
6508,F,Employe,0,Marseille,Prive,0.4153919765527983,10,66.64
6509,M,Retraite,0,Lyon,Public,0.4408837378331517,11,61.33
6510,F,Professions_intermediaires,1,Toulouse,Public,0.5586634724432271,10,50.88
6511,F,Professions_intermediaires,1,Toulouse,Prive,0.2294199776673067,10,56.4
6512,M,Cadre,0,Lille,Public,0.40792765826667704,10,92.23
6513,F,Professions_intermediaires,1,Toulouse,Prive,0.33988282844413853,10,53.16
6514,F,Retraite,0,Nantes,Public,0.5855135984852813,10,63.38
6515,M,Agriculteur,0,Paris,Public,0.5605076137614783,12,73.76
6516,F,Cadre,0,Paris,Prive,0.2940999049004601,10,72.84
6517,F,Agriculteur,0,Toulouse,Prive,0.5984484130763008,12,82.98
6518,M,Retraite,0,Marseille,Public,0.4895288526035318,11,74.04
6519,F,Employe,0,Lille,Public,0.6586355004425396,10,76.46
6520,F,Retraite,1,Toulouse,Prive,0.37077316618553774,10,38.8
6521,F,Professions_intermediaires,1,Toulouse,Public,0.6180889280344313,13,56.37
6522,F,Employe,1,Nantes,Prive,0.6729969998792087,13,36.64
6523,F,Retraite,0,Nantes,Public,0.513784360242389,12,58.91
6524,M,Agriculteur,1,Nantes,Prive,0.9195681664948137,12,63.84
6525,F,Cadre,0,Toulouse,Public,0.5982954320668126,10,80.7
6526,F,Employe,0,Lyon,Public,0.8525608926558443,13,66.975
6527,F,Retraite,0,Paris,Prive,1.004369885176097,11,72.13
6528,F,Agriculteur,1,Paris,Prive,0.16542167163307298,12,66.975
6529,M,Ouvrier,0,Nantes,Public,0.7303307206994497,13,68.1
6530,F,Professions_intermediaires,0,Lyon,Prive,0.6032680344109937,11,81.21
6531,F,Ouvrier,1,Toulouse,Public,0.5486808751968734,11,54.86
6532,F,Employe,0,Nancy,Prive,0.3678280733305218,11,63.29
6533,F,Professions_intermediaires,0,Nancy,Public,0.32173876876042923,13,63.58
6534,F,Employe,0,Paris,Prive,0.2893725069434283,12,58.62
6535,M,Professions_intermediaires,0,Nancy,Public,0.9446596469953588,12,94.61
6536,M,Cadre,0,Lyon,Public,0.5974765313555099,11,100.0
6537,F,Professions_intermediaires,0,Marseille,Public,0.22816445042092892,11,64.15
6538,M,Agriculteur,0,Nantes,Prive,0.28947703478229847,12,62.02
6539,F,Ouvrier,0,Toulouse,Prive,0.09497635363651735,10,65.04
6540,F,Agriculteur,0,Toulouse,Public,0.738212091716141,10,81.36
6541,M,Employe,0,Paris,Public,0.5090572541886996,12,61.9
6542,M,Ouvrier,0,Lille,Public,0.6018357447785766,13,51.56
6543,F,Cadre,0,Nancy,Public,0.5004864093292964,11,79.42
6544,M,Employe,0,Nantes,Public,0.6895605797680034,11,78.58
6545,F,Employe,0,Toulouse,Public,0.4206303455232928,12,53.08
6546,M,Cadre,0,Marseille,Public,0.5590887599202916,10,86.89
6547,M,Retraite,1,Marseille,Prive,0.5548099638870189,10,41.67
6548,M,Professions_intermediaires,0,Paris,Public,0.26794052106098104,12,62.06
6549,M,Agriculteur,0,Lille,Public,0.355392520921501,11,60.19
6550,M,Ouvrier,0,Nancy,Public,0.4394196187430631,10,66.3
6551,M,Ouvrier,0,Marseille,Prive,0.5641998823070277,12,65.96
6552,M,Cadre,0,Bordeaux,Public,0.7776846704391016,13,99.18
6553,F,Agriculteur,1,Lyon,Public,0.5231474734004483,11,42.45
6554,F,Retraite,0,Toulouse,Public,0.4824569968592512,12,49.76
6555,F,Ouvrier,0,Toulouse,Public,0.5619950736358448,12,64.27
6556,M,Cadre,0,Lille,Prive,0.4685868679224071,12,82.94
6557,F,Cadre,0,Nantes,Prive,0.49545933423634453,11,80.74
6558,F,Agriculteur,0,Nantes,Prive,0.8031817218698709,10,58.11
6559,M,Employe,0,Marseille,Public,0.4553870624610493,10,73.53
6560,F,Cadre,0,Nancy,Prive,0.5523882667538548,12,59.85
6561,M,Retraite,0,Lille,Prive,0.37100875081184403,12,67.32
6562,M,Cadre,1,Paris,Prive,0.7521684559853461,10,75.29
6563,F,Agriculteur,0,Bordeaux,Prive,0.3177206993168208,10,70.67
6564,F,Professions_intermediaires,0,Marseille,Prive,0.48562290299731287,11,74.34
6565,F,Professions_intermediaires,0,Bordeaux,Public,0.6964997153506286,13,59.1
6566,F,Employe,0,Toulouse,Public,0.3268029810500256,12,49.98
6567,F,Retraite,0,Bordeaux,Prive,0.6735764746500847,13,61.54
6568,F,Employe,0,Marseille,Prive,0.09018369824858152,10,75.86
6569,F,Retraite,0,Lille,Prive,0.2816132978403833,13,69.03
6570,F,Retraite,1,Nantes,Public,0.48116245129688273,12,43.18
6571,M,Professions_intermediaires,0,Bordeaux,Prive,0.9819281029208973,10,78.82
6572,M,Retraite,0,Toulouse,Public,0.529093755801413,12,65.57
6573,F,Agriculteur,0,Lyon,Public,0.5333538145642399,11,77.59
6574,M,Agriculteur,0,Lyon,Prive,0.7295449376618632,13,75.49
6575,F,Ouvrier,0,Toulouse,Prive,0.28272957594549386,11,43.94
6576,F,Ouvrier,0,Nantes,Public,-0.10666450791237359,11,60.8
6577,F,Ouvrier,0,Lille,Public,0.8467703497401551,13,73.19
6578,F,Ouvrier,0,Nancy,Public,0.6209316608132391,11,59.34
6579,F,Retraite,0,Lille,Public,0.41094512278354134,12,66.45
6580,F,Employe,0,Lyon,Prive,0.5114716440302088,13,79.42
6581,F,Ouvrier,0,Bordeaux,Prive,0.7104271896835755,12,69.33
6582,F,Retraite,0,Nancy,Prive,0.47414685992654615,11,68.64
6583,M,Employe,1,Lyon,Prive,0.5289772380488784,11,66.975
6584,M,Agriculteur,0,Bordeaux,Public,0.9070672920080054,11,71.08
6585,M,Retraite,0,Lille,Prive,0.25128948771503834,13,49.66
6586,M,Professions_intermediaires,0,Toulouse,Prive,0.6034423523905058,11,72.05
6587,M,Retraite,0,Marseille,Prive,0.25559657838235217,11,66.21
6588,F,Retraite,0,Marseille,Prive,0.8126434947168157,11,81.0
6589,F,Ouvrier,1,Nancy,Public,0.558621223966981,10,44.24
6590,F,Ouvrier,0,Bordeaux,Prive,0.36263451957763526,10,50.85
6591,F,Cadre,0,Lyon,Public,0.19988545000443436,13,94.92
6592,M,Professions_intermediaires,0,Bordeaux,Public,0.4299611836883913,13,62.01
6593,F,Agriculteur,0,Bordeaux,Prive,0.5371255384138368,13,66.975
6594,M,Employe,0,Paris,Prive,0.7316862229011036,13,65.76
6595,M,Employe,0,Toulouse,Public,0.2812777296660617,10,71.74
6596,F,Employe,0,Lyon,Prive,0.3350758085983902,11,63.28
6597,M,Employe,0,Nantes,Prive,0.400592320101371,10,79.62
6598,F,Retraite,0,Bordeaux,Prive,0.3449629436769011,10,69.3
6599,F,Cadre,0,Nancy,Public,0.39708935092919057,10,74.86
6600,F,Retraite,1,Lyon,Public,0.31096560760838377,10,38.49
6601,F,Ouvrier,0,Toulouse,Public,0.5834279413560113,13,58.53
6602,M,Ouvrier,0,Lille,Prive,0.4034122605086533,12,70.33
6603,F,Agriculteur,1,Lille,Prive,0.5021614369737074,13,57.16
6604,F,Employe,0,Lyon,Public,0.5608608457478628,11,55.56
6605,F,Ouvrier,0,Toulouse,Public,0.22411889192424084,12,60.16
6606,F,Professions_intermediaires,0,Bordeaux,Prive,0.6187252681174029,11,77.55
6607,M,Ouvrier,0,Marseille,Prive,0.5418907234066724,12,49.44
6608,M,Ouvrier,1,Lille,Prive,0.5420971774784642,12,33.48
6609,F,Cadre,0,Toulouse,Public,0.4733389989922347,10,82.97
6610,M,Professions_intermediaires,0,Marseille,Prive,0.44608444041588574,12,52.89
6611,F,Professions_intermediaires,0,Lille,Public,0.5107616304177334,10,77.73
6612,F,Professions_intermediaires,0,Nancy,Public,0.5191407204173417,10,76.69
6613,M,Ouvrier,0,Paris,Prive,0.2639640679278563,13,52.52
6614,F,Employe,0,Paris,Public,0.8150598952130951,12,75.76
6615,F,Cadre,0,Lille,Public,0.36084804074276433,10,80.41
6616,F,Employe,0,Nancy,Prive,0.5133414411380331,10,58.68
6617,F,Professions_intermediaires,0,Nantes,Prive,0.7330406707255481,10,74.86
6618,M,Employe,0,Lille,Prive,0.4316444246180889,12,58.5
6619,F,Professions_intermediaires,0,Bordeaux,Prive,0.5473950009762727,12,82.21
6620,F,Retraite,0,Lille,Prive,0.06175296126845092,12,46.27
6621,F,Professions_intermediaires,0,Lille,Prive,0.10363909683781003,10,61.81
6622,M,Cadre,0,Toulouse,Public,0.49488318644690027,11,84.13
6623,M,Cadre,0,Bordeaux,Public,0.5378934218478092,10,71.12
6624,M,Professions_intermediaires,1,Nantes,Public,0.7212252464558041,13,54.77
6625,M,Agriculteur,1,Lille,Prive,0.6602315228198254,10,51.73
6626,M,Employe,0,Nantes,Public,0.18159038851138282,13,66.975
6627,M,Ouvrier,0,Nantes,Prive,0.7536532272571155,10,68.62
6628,M,Agriculteur,1,Marseille,Prive,0.26188695330757134,13,35.8
6629,F,Professions_intermediaires,0,Toulouse,Public,0.6725560534771222,11,69.35
6630,F,Ouvrier,0,Nantes,Public,0.40965753797143983,11,55.2
6631,F,Professions_intermediaires,0,Lyon,Prive,1.0431595863427894,12,89.1
6632,F,Ouvrier,0,Lyon,Public,0.38193019981735365,13,56.19
6633,F,Professions_intermediaires,0,Nantes,Public,0.4851939039547922,11,65.02
6634,M,Agriculteur,0,Lille,Public,0.5316606169559095,11,88.53
6635,M,Ouvrier,0,Toulouse,Public,0.4514970133853673,11,51.72
6636,F,Agriculteur,0,Nantes,Prive,0.30056636957555694,11,53.08
6637,F,Ouvrier,0,Marseille,Public,0.9408204520091665,13,64.85
6638,F,Employe,0,Nancy,Prive,0.37786711789341376,12,73.58
6639,M,Agriculteur,1,Lille,Public,0.3707012669961783,13,50.28
6640,F,Cadre,0,Toulouse,Public,0.47812015114747847,13,100.0
6641,F,Retraite,0,Lille,Prive,0.5386497818569825,11,57.25
6642,F,Retraite,0,Lille,Prive,0.36302772722278204,13,59.77
6643,M,Retraite,0,Bordeaux,Public,0.6906978230778834,10,77.31
6644,F,Ouvrier,0,Paris,Prive,0.5305454150772593,10,52.73
6645,M,Employe,0,Lille,Prive,0.504019186113545,11,77.52
6646,M,Employe,0,Toulouse,Public,0.6116196202522977,10,69.77
6647,F,Professions_intermediaires,1,Marseille,Prive,0.3302801731282188,10,44.58
6648,M,Cadre,0,Toulouse,Public,0.3829930445740729,11,65.98
6649,M,Agriculteur,0,Toulouse,Prive,0.4955903436081984,10,72.6
6650,M,Employe,1,Toulouse,Public,0.6859842467126127,13,64.38
6651,F,Employe,0,Bordeaux,Public,0.45122394196290994,12,70.49
6652,M,Professions_intermediaires,0,Paris,Prive,0.4365799836680861,13,76.17
6653,M,Professions_intermediaires,0,Bordeaux,Public,0.0783183498332598,12,67.1
6654,F,Agriculteur,1,Marseille,Public,0.3612966729578119,11,54.75
6655,F,Employe,0,Nantes,Public,0.16989092348842189,12,72.28
6656,M,Professions_intermediaires,0,Lille,Prive,0.21970655438390368,10,41.87
6657,M,Retraite,0,Toulouse,Public,0.5731541594216094,12,62.73
6658,M,Professions_intermediaires,0,Nantes,Prive,1.1637711091980671,12,66.975
6659,M,Retraite,0,Marseille,Public,0.5388466865126081,11,66.55
6660,F,Cadre,1,Nantes,Prive,0.5665509950746289,10,63.4
6661,F,Ouvrier,0,Nancy,Prive,0.3478989865486737,13,62.16
6662,M,Agriculteur,1,Nancy,Prive,0.29031999711759104,10,46.39
6663,F,Cadre,0,Paris,Public,0.9112284542089655,11,77.3
6664,F,Ouvrier,0,Bordeaux,Public,0.33892594283113997,12,38.37
6665,M,Ouvrier,0,Nantes,Prive,0.10002393326370584,11,58.01
6666,F,Employe,0,Nancy,Prive,0.5491116158739726,10,62.1
6667,F,Employe,0,Lyon,Public,0.41404705387924884,10,82.08
6668,F,Agriculteur,0,Bordeaux,Public,0.6191707824473405,13,79.79
6669,F,Professions_intermediaires,0,Bordeaux,Public,0.81352444744369,10,66.975
6670,F,Employe,0,Nantes,Public,0.5737992687258748,13,62.95
6671,F,Ouvrier,0,Lille,Public,0.5453832698737084,10,64.66
6672,F,Ouvrier,0,Lyon,Prive,0.6319233024651059,10,60.39
6673,F,Retraite,0,Marseille,Prive,1.0409407002996582,13,75.84
6674,M,Cadre,0,Lille,Public,0.9557008570313976,12,84.05
6675,M,Ouvrier,0,Paris,Public,0.4368076953933456,12,61.72
6676,M,Agriculteur,1,Lille,Prive,0.6899603713640137,12,52.36
6677,M,Retraite,0,Lyon,Prive,0.8572173239765692,11,78.66
6678,F,Ouvrier,0,Toulouse,Prive,0.6386862960170608,12,64.12
6679,M,Retraite,0,Lyon,Prive,0.4867338797983907,11,58.05
6680,M,Agriculteur,0,Lille,Prive,0.40043348944265056,13,67.04
6681,F,Employe,0,Nancy,Public,0.519724663635297,13,72.2
6682,F,Agriculteur,1,Lille,Prive,0.27203555104576393,10,44.5
6683,M,Cadre,0,Paris,Prive,0.6790668320787234,12,98.99
6684,M,Professions_intermediaires,1,Paris,Prive,0.7781847461452157,13,50.35
6685,F,Ouvrier,0,Nancy,Prive,0.4206107922403449,11,67.93
6686,F,Employe,1,Paris,Public,0.40989253372131546,12,35.54
6687,F,Agriculteur,0,Nancy,Prive,0.28877388160475104,13,70.73
6688,F,Agriculteur,0,Bordeaux,Prive,0.5933880412740393,10,53.06
6689,M,Ouvrier,1,Toulouse,Prive,0.49782511985094624,11,37.26
6690,M,Employe,0,Nantes,Public,0.21132177109803518,12,69.23
6691,F,Professions_intermediaires,0,Paris,Prive,1.0829829372994548,13,84.6
6692,M,Retraite,0,Lyon,Public,0.1443401337484801,12,55.24
6693,M,Agriculteur,0,Lyon,Prive,0.21204188664000506,13,64.03
6694,M,Agriculteur,1,Toulouse,Public,0.6879042527107594,10,31.1
6695,F,Cadre,0,Toulouse,Public,0.6314199074725226,10,90.93
6696,M,Ouvrier,0,Nancy,Public,0.35713935736589275,13,48.12
6697,M,Agriculteur,0,Lyon,Prive,0.3442552470258342,13,72.88
6698,M,Agriculteur,0,Toulouse,Public,0.5915772017168158,10,68.9
6699,F,Cadre,0,Nantes,Prive,0.5756246461872947,11,89.35
6700,F,Professions_intermediaires,0,Paris,Prive,0.3592193480763492,10,61.41
6701,M,Employe,0,Nantes,Prive,0.6987728420258625,12,78.24
6702,F,Cadre,0,Lyon,Prive,0.6143718882999998,12,87.39
6703,M,Employe,0,Nantes,Prive,0.7672963255429439,10,58.91
6704,F,Cadre,0,Nantes,Prive,0.4900353179607382,13,80.26
6705,M,Ouvrier,0,Toulouse,Public,0.6620382727765179,10,69.15
6706,F,Professions_intermediaires,0,Paris,Prive,0.4543454451095045,12,75.24
6707,F,Employe,0,Toulouse,Prive,0.6082161267488138,13,76.8
6708,F,Agriculteur,1,Nancy,Prive,0.5715642514859385,12,47.33
6709,F,Professions_intermediaires,0,Marseille,Prive,0.6696193791936554,13,89.65
6710,F,Retraite,0,Bordeaux,Prive,0.6038994104986416,11,79.99
6711,F,Employe,0,Nantes,Prive,0.12223069389369712,11,43.92
6712,F,Employe,0,Lille,Prive,0.37469377248649477,12,70.56
6713,M,Employe,0,Toulouse,Public,0.5166345867328743,12,80.5
6714,M,Professions_intermediaires,0,Lille,Public,0.5932743620449269,11,79.87
6715,M,Ouvrier,0,Lyon,Public,0.6649722825830982,10,62.77
6716,F,Agriculteur,0,Lille,Public,0.6097374537735409,11,59.5
6717,M,Agriculteur,0,Lyon,Prive,0.35906167144845513,12,61.62
6718,M,Agriculteur,0,Nancy,Public,0.683623401277212,11,66.97
6719,F,Ouvrier,0,Bordeaux,Prive,0.3381911551176704,13,65.38
6720,M,Cadre,0,Paris,Public,0.7526511259799562,13,98.04
6721,M,Professions_intermediaires,1,Toulouse,Prive,0.7659941632572251,12,57.87
6722,F,Cadre,0,Marseille,Prive,0.49797969708734763,11,76.42
6723,F,Cadre,0,Nantes,Public,0.3703942608445643,10,63.01
6724,F,Agriculteur,1,Toulouse,Prive,0.36079056209466,13,51.25
6725,F,Retraite,0,Paris,Prive,0.2812009412260625,13,64.73
6726,M,Employe,0,Paris,Prive,0.315475543482622,12,43.66
6727,M,Employe,1,Paris,Public,0.463908886572035,10,50.4
6728,M,Employe,1,Paris,Public,0.38811540149831203,10,51.9
6729,F,Cadre,0,Toulouse,Prive,0.17801861806591923,12,53.16
6730,F,Professions_intermediaires,0,Marseille,Prive,0.40328588548058514,10,63.81
6731,M,Agriculteur,0,Lyon,Public,0.518578004636222,12,90.32
6732,F,Employe,1,Toulouse,Public,0.43217756368760296,10,47.21
6733,M,Employe,1,Toulouse,Prive,0.32101659407944827,11,63.28
6734,M,Ouvrier,0,Nancy,Public,0.021762093547842976,11,51.22
6735,F,Ouvrier,1,Toulouse,Prive,0.7290876962803206,12,56.21
6736,M,Ouvrier,0,Lille,Prive,0.4920770766640868,10,56.85
6737,F,Employe,0,Marseille,Public,0.5641400665499066,12,63.69
6738,F,Agriculteur,0,Toulouse,Public,0.5361641143268946,11,55.72
6739,F,Agriculteur,0,Toulouse,Prive,0.5994737032905489,11,76.37
6740,F,Retraite,1,Paris,Prive,0.548116867669109,13,38.74
6741,F,Professions_intermediaires,0,Bordeaux,Prive,0.5197219147100391,10,67.14
6742,M,Cadre,0,Nancy,Public,0.6526591446330988,11,73.17
6743,M,Retraite,0,Toulouse,Prive,0.6955762935703744,13,66.975
6744,F,Ouvrier,0,Marseille,Prive,0.7766592234550975,11,74.33
6745,M,Professions_intermediaires,0,Nancy,Prive,0.33361716688024523,11,68.1
6746,M,Agriculteur,1,Lille,Prive,0.5498862141446447,10,46.08
6747,F,Professions_intermediaires,0,Toulouse,Prive,0.17892425069461826,10,82.13
6748,F,Employe,0,Toulouse,Prive,0.40371828622305045,11,51.79
6749,F,Professions_intermediaires,0,Lyon,Prive,0.4606040054042637,12,90.86
6750,M,Retraite,0,Marseille,Prive,0.6481817225865467,11,55.06
6751,M,Employe,1,Bordeaux,Public,0.4764412206357541,12,45.37
6752,F,Professions_intermediaires,0,Bordeaux,Prive,0.6345614540470761,10,81.75
6753,M,Ouvrier,1,Nantes,Prive,0.4309803841353469,12,47.27
6754,F,Employe,0,Toulouse,Prive,0.38445920748884665,13,51.54
6755,M,Agriculteur,0,Lille,Prive,0.3395703035203582,12,65.94
6756,M,Cadre,1,Nancy,Prive,0.6381448696637925,12,61.49
6757,M,Employe,1,Lyon,Prive,0.4243213207420609,13,54.27
6758,F,Cadre,0,Lyon,Prive,0.014701715542256855,13,69.16
6759,F,Ouvrier,0,Toulouse,Public,0.6271484151398184,10,46.84
6760,M,Agriculteur,0,Toulouse,Public,0.3141462134823858,12,67.19
6761,F,Retraite,0,Paris,Public,0.538638165088814,12,66.06
6762,F,Ouvrier,1,Paris,Prive,0.2741776841296374,10,52.5
6763,F,Employe,0,Nancy,Prive,0.5029463369085054,11,147.43826406485366
6764,M,Retraite,0,Nantes,Public,-0.07408218426626034,12,43.45
6765,F,Retraite,0,Lyon,Public,0.49326279776351867,12,74.1
6766,M,Agriculteur,0,Lyon,Public,0.3249662360839043,10,65.01
6767,M,Agriculteur,0,Nancy,Public,0.24645295030753217,10,68.83
6768,M,Retraite,0,Paris,Prive,0.6528362481483492,10,60.53
6769,M,Cadre,1,Nantes,Public,0.4762650763415351,12,60.06
6770,F,Retraite,0,Nancy,Prive,0.4511780176976522,10,66.975
6771,M,Retraite,1,Marseille,Public,0.3551387067339487,12,47.38
6772,M,Employe,0,Nancy,Prive,0.6789137444831548,13,51.97
6773,M,Ouvrier,0,Lyon,Public,0.4130528205195918,13,63.3
6774,M,Professions_intermediaires,0,Marseille,Prive,0.7975479786443678,12,66.975
6775,M,Agriculteur,0,Nancy,Prive,0.7459136094567407,12,75.52
6776,M,Retraite,0,Lille,Public,0.7850600508885355,13,55.38
6777,M,Ouvrier,0,Nantes,Prive,0.6936025766229978,13,72.21
6778,F,Cadre,0,Bordeaux,Prive,0.3787464943026335,12,88.91
6779,F,Agriculteur,0,Marseille,Public,0.5104899877981447,13,62.3
6780,F,Ouvrier,0,Lille,Prive,0.45938668700926477,10,64.22
6781,M,Agriculteur,0,Lyon,Prive,0.667633501607215,11,71.36
6782,F,Employe,0,Marseille,Public,0.49788079875307145,12,73.9
6783,F,Ouvrier,0,Toulouse,Prive,0.45135136526105024,13,47.97
6784,M,Employe,0,Nancy,Prive,0.8316057692234309,10,63.38
6785,F,Agriculteur,0,Bordeaux,Prive,0.434515497676764,11,61.47
6786,M,Retraite,1,Toulouse,Public,0.37511236748617355,10,40.79
6787,M,Ouvrier,0,Lille,Prive,0.41961050437392056,11,72.92
6788,F,Cadre,0,Toulouse,Prive,0.7142467199064545,11,91.76
6789,F,Employe,1,Bordeaux,Prive,0.5375568791275328,11,57.83
6790,M,Agriculteur,1,Paris,Public,0.5916908418461115,10,42.13
6791,M,Agriculteur,0,Lyon,Prive,0.5471992419112119,12,63.89
6792,M,Retraite,0,Lyon,Public,0.06142032075559534,12,48.27
6793,M,Cadre,0,Paris,Public,0.28623790610636035,10,77.51
6794,F,Employe,1,Nantes,Prive,0.4442463793647049,12,53.27
6795,M,Employe,0,Nancy,Prive,0.5629494649087583,11,65.36
6796,F,Agriculteur,0,Nantes,Public,0.3031388480338003,12,62.44
6797,F,Cadre,1,Marseille,Public,0.29697178718692685,11,66.26
6798,M,Ouvrier,0,Paris,Public,0.43754029022004626,13,54.07
6799,F,Retraite,0,Marseille,Public,0.7652561972200798,12,64.37
6800,M,Ouvrier,0,Paris,Public,0.06942668505418559,11,47.51
6801,M,Retraite,0,Marseille,Prive,-0.030310232916242574,11,68.76
6802,F,Ouvrier,0,Paris,Prive,0.8470691156554646,12,77.06
6803,M,Professions_intermediaires,0,Lyon,Prive,0.19392337293340467,10,84.35
6804,M,Employe,0,Bordeaux,Public,0.4189355094369571,11,53.5
6805,F,Agriculteur,0,Lille,Prive,0.19984795196382876,11,66.41
6806,M,Cadre,0,Lyon,Prive,0.4394865876159741,10,79.32
6807,F,Cadre,0,Lille,Prive,0.4727748144709472,10,82.09
6808,M,Cadre,0,Nantes,Public,0.8221333375028639,13,77.22
6809,F,Retraite,0,Paris,Public,0.644134973793849,13,80.37
6810,M,Employe,0,Paris,Prive,0.2433752111006775,12,46.75
6811,M,Employe,0,Paris,Prive,0.11840571985561965,12,66.61
6812,M,Ouvrier,0,Bordeaux,Prive,0.5999358630141246,12,58.65
6813,F,Agriculteur,0,Bordeaux,Prive,0.39607754462927425,12,59.01
6814,M,Agriculteur,0,Lille,Prive,0.3553793635009722,11,56.22
6815,F,Professions_intermediaires,0,Nancy,Public,0.7369566528783003,12,81.16
6816,F,Ouvrier,1,Paris,Public,0.14871161405262373,13,30.47
6817,M,Agriculteur,0,Lille,Public,0.4267373934776601,10,66.43
6818,M,Agriculteur,0,Nantes,Public,0.6261554351894737,12,52.9
6819,M,Retraite,0,Bordeaux,Public,0.2639390907574498,10,40.22
6820,F,Retraite,1,Lille,Prive,0.7596210444651481,10,34.82
6821,M,Employe,0,Marseille,Public,0.297668506430879,12,69.77
6822,M,Agriculteur,0,Nancy,Public,0.48591661867370894,11,80.72
6823,M,Cadre,0,Nancy,Public,0.3613382136588503,12,78.58
6824,F,Professions_intermediaires,0,Marseille,Public,-0.04802214443775776,11,70.14
6825,M,Employe,0,Lille,Prive,0.41588252488849276,12,68.27
6826,M,Professions_intermediaires,0,Nancy,Prive,0.6584544813298663,11,88.01
6827,M,Retraite,0,Lille,Public,0.2930925112129025,12,70.3
6828,F,Professions_intermediaires,0,Marseille,Public,0.374358428076784,10,61.61
6829,F,Retraite,0,Toulouse,Prive,0.39670849536861574,10,64.96
6830,F,Retraite,0,Lille,Public,0.607212866536954,11,75.57
6831,M,Ouvrier,0,Lyon,Public,0.4280504589918484,12,66.16
6832,F,Retraite,1,Nancy,Public,0.5046335468331703,10,52.5
6833,F,Agriculteur,0,Nantes,Prive,0.5072469756374024,13,69.36
6834,M,Cadre,0,Nantes,Public,0.3953141193738142,10,87.79
6835,F,Professions_intermediaires,0,Nantes,Public,0.8379245700662052,13,70.15
6836,M,Professions_intermediaires,0,Nancy,Prive,0.29494087919742507,12,57.14
6837,M,Agriculteur,0,Paris,Public,0.640593542680892,11,66.975
6838,F,Agriculteur,1,Marseille,Public,0.755160700177214,12,64.91
6839,F,Ouvrier,0,Nantes,Prive,0.47233973880922425,11,75.14
6840,M,Ouvrier,1,Nancy,Public,0.5121686509849843,11,38.88
6841,F,Employe,0,Marseille,Public,0.6060730840412223,13,62.03
6842,M,Professions_intermediaires,1,Lille,Public,0.4257486604088032,13,50.68
6843,F,Retraite,0,Marseille,Prive,0.12078102529938772,11,74.6
6844,F,Professions_intermediaires,0,Toulouse,Public,0.45012536870761566,10,66.86
6845,F,Ouvrier,0,Toulouse,Public,0.8291603872739925,11,67.18
6846,M,Agriculteur,0,Marseille,Prive,0.6137693318539105,12,81.46
6847,F,Cadre,0,Nancy,Public,0.5154277586693139,12,86.56
6848,F,Cadre,0,Lille,Prive,0.6512492422823741,12,85.34
6849,F,Agriculteur,0,Lille,Public,0.4711208599328551,10,75.66
6850,F,Employe,0,Marseille,Prive,0.5058950320001188,12,64.34
6851,F,Professions_intermediaires,1,Marseille,Public,0.41375544697697736,11,57.9
6852,M,Employe,0,Nantes,Prive,0.595501129182198,11,47.37
6853,M,Cadre,0,Nancy,Public,0.3927729558467189,13,65.88
6854,F,Professions_intermediaires,0,Lyon,Public,0.4369437496760283,12,72.01
6855,M,Professions_intermediaires,0,Nancy,Prive,0.6757943480093184,11,89.88
6856,M,Retraite,1,Nantes,Public,0.46113838384436534,11,41.67
6857,M,Employe,1,Toulouse,Prive,0.6130510275516344,12,49.02
6858,M,Retraite,0,Nancy,Prive,0.6295882081532005,10,69.1
6859,F,Agriculteur,0,Nantes,Public,0.4846586588022414,13,65.46
6860,M,Cadre,1,Paris,Prive,0.430097065676846,10,47.98
6861,M,Ouvrier,0,Lille,Public,0.23604873652610242,10,60.39
6862,M,Employe,1,Paris,Public,0.28072201430959426,11,66.975
6863,F,Professions_intermediaires,0,Paris,Prive,0.6218209292429321,13,81.26
6864,M,Agriculteur,0,Marseille,Prive,0.6181233411250708,11,60.57
6865,M,Professions_intermediaires,0,Paris,Prive,0.30202884958549625,12,66.975
6866,M,Agriculteur,0,Bordeaux,Prive,0.5792817622457201,10,65.88
6867,F,Ouvrier,1,Nancy,Prive,0.5432688855459767,11,55.33
6868,F,Professions_intermediaires,0,Marseille,Prive,0.6871023869623301,10,60.63
6869,M,Retraite,0,Lille,Public,0.9330981438186312,10,69.69
6870,F,Cadre,0,Marseille,Prive,0.6149652314855467,12,100.0
6871,F,Retraite,0,Lille,Public,0.361841044227459,12,61.18
6872,M,Ouvrier,1,Nancy,Prive,0.6486778980239774,12,21.17
6873,M,Retraite,0,Bordeaux,Prive,0.29161219621773465,13,50.78
6874,F,Agriculteur,0,Lille,Public,0.9442784113453669,13,81.8
6875,F,Professions_intermediaires,0,Marseille,Prive,0.25472203366881935,13,83.02
6876,F,Professions_intermediaires,1,Paris,Public,0.5877035246242215,12,54.84
6877,F,Retraite,0,Nantes,Public,0.500373937592877,13,75.37
6878,F,Cadre,0,Bordeaux,Prive,0.4172639472410381,10,87.23
6879,M,Ouvrier,0,Lyon,Public,0.4046792558380774,13,66.975
6880,M,Retraite,0,Lille,Prive,0.7723592509986437,10,77.08
6881,F,Ouvrier,0,Bordeaux,Public,0.613290172557552,13,72.64
6882,F,Professions_intermediaires,0,Nancy,Prive,0.4695293474748045,12,72.24
6883,M,Employe,0,Lyon,Public,0.8464399370351846,10,68.15
6884,F,Retraite,1,Lille,Public,0.4762637979199397,11,30.42
6885,F,Retraite,0,Nancy,Prive,0.6469752822969784,10,72.49
6886,F,Cadre,0,Nancy,Public,0.23191961541218853,12,74.42
6887,M,Professions_intermediaires,1,Paris,Prive,0.24260442321294517,10,53.04
6888,F,Cadre,0,Bordeaux,Prive,0.6419504399374837,12,91.26
6889,F,Cadre,0,Nantes,Prive,0.5616120307498,10,90.02
6890,M,Retraite,1,Nantes,Public,0.929346712132513,12,51.97
6891,F,Employe,0,Toulouse,Public,0.3589358984687564,10,53.92
6892,F,Retraite,0,Lyon,Prive,0.6351435140697288,11,72.73
6893,F,Professions_intermediaires,0,Toulouse,Public,0.4508524988296679,11,81.96
6894,M,Retraite,0,Nancy,Public,0.6696456963622488,10,88.66
6895,M,Professions_intermediaires,1,Marseille,Public,0.6537607954484808,11,66.975
6896,M,Agriculteur,0,Nancy,Prive,0.4944949267649822,12,58.45
6897,F,Cadre,0,Lille,Public,0.3518925440737354,11,71.73
6898,F,Cadre,1,Paris,Public,0.43215717882676313,10,63.56
6899,M,Employe,1,Lyon,Public,0.2774434499606224,11,49.33
6900,M,Employe,0,Toulouse,Prive,0.5729575389491369,11,76.62
6901,F,Ouvrier,0,Lyon,Public,-0.06177742400950181,13,63.26
6902,M,Cadre,0,Nantes,Public,0.3837760679367994,10,84.91
6903,M,Retraite,0,Paris,Public,0.6808207529996262,11,57.18
6904,M,Retraite,1,Paris,Prive,0.6760365776020033,12,50.03
6905,M,Agriculteur,0,Marseille,Public,0.17758104415655823,11,42.01
6906,F,Cadre,0,Toulouse,Public,0.6165798241292847,13,84.95
6907,F,Professions_intermediaires,0,Bordeaux,Public,0.2717638437304615,13,66.66
6908,F,Agriculteur,0,Lyon,Prive,0.4243372502926504,11,71.98
6909,F,Ouvrier,0,Nantes,Prive,0.6531920426299033,12,68.83
6910,M,Retraite,0,Lyon,Prive,0.3049719458653052,11,53.05
6911,M,Retraite,0,Lille,Public,0.7853865192918195,13,63.89
6912,M,Retraite,0,Nancy,Public,0.5513819984611202,12,65.71
6913,F,Ouvrier,0,Nantes,Public,0.5925416756523009,12,67.82
6914,M,Retraite,1,Paris,Public,0.7154449543373526,11,55.36
6915,F,Professions_intermediaires,0,Bordeaux,Prive,0.6780950581416806,11,75.05
6916,M,Professions_intermediaires,0,Toulouse,Prive,0.6606458148620872,11,77.09
6917,F,Employe,0,Nancy,Prive,0.3684531599220362,11,56.23
6918,F,Cadre,0,Paris,Prive,0.2778144953355104,13,71.35
6919,F,Cadre,0,Nancy,Prive,0.4435440987767442,11,66.86
6920,M,Retraite,1,Lille,Public,0.5948815880812417,13,40.39
6921,F,Cadre,0,Lille,Prive,0.24288185881964175,10,91.35
6922,F,Employe,0,Lille,Public,0.6165711568560932,12,83.82
6923,F,Retraite,0,Bordeaux,Public,0.574893962830096,13,72.25
6924,M,Employe,1,Lyon,Prive,0.46363844591404796,10,55.25
6925,F,Retraite,0,Marseille,Public,0.5123046125801025,10,73.06
6926,F,Retraite,0,Paris,Prive,0.5130221093319095,11,67.35
6927,F,Employe,0,Lyon,Prive,0.5883226272910946,11,48.52
6928,F,Agriculteur,0,Marseille,Prive,0.6492836208438486,10,93.17
6929,M,Agriculteur,0,Bordeaux,Prive,1.0742868676929367,12,78.77
6930,M,Professions_intermediaires,0,Paris,Public,0.533815869374193,12,72.83
6931,F,Agriculteur,0,Lille,Public,0.3711779940835801,13,66.975
6932,M,Ouvrier,0,Bordeaux,Public,0.11876307581449508,11,53.05
6933,F,Professions_intermediaires,0,Bordeaux,Prive,0.2184073742012927,13,91.97
6934,M,Professions_intermediaires,0,Nancy,Public,0.34852610906777826,11,63.19
6935,F,Professions_intermediaires,0,Marseille,Prive,0.6378881223551629,13,87.86
6936,F,Retraite,0,Nancy,Public,0.4210252060400241,13,61.55
6937,F,Agriculteur,0,Bordeaux,Public,0.5813456161993646,11,72.19
6938,F,Professions_intermediaires,0,Nantes,Prive,0.35358991887651003,13,64.35
6939,M,Cadre,0,Bordeaux,Prive,0.5910882780539116,12,80.34
6940,M,Cadre,0,Nantes,Public,0.674483029058194,11,99.45
6941,M,Ouvrier,0,Toulouse,Public,0.4195584732045213,13,62.89
6942,F,Professions_intermediaires,0,Toulouse,Public,0.5869961287248966,12,81.22
6943,M,Employe,0,Nantes,Prive,0.4119190851985486,12,50.37
6944,F,Retraite,0,Nancy,Public,0.25362559382691996,13,45.64
6945,M,Agriculteur,0,Toulouse,Public,0.6107391388115189,12,62.13
6946,M,Retraite,1,Toulouse,Public,0.582549612591115,13,42.25
6947,F,Retraite,1,Nancy,Prive,0.6186916568541193,10,47.19
6948,F,Cadre,0,Nancy,Prive,0.6911065109619057,12,92.55
6949,F,Cadre,0,Marseille,Prive,0.4502382496175338,11,93.61
6950,M,Professions_intermediaires,0,Lyon,Prive,0.46497030321656335,10,86.46
6951,M,Cadre,0,Lille,Public,0.44302354034675306,11,84.5
6952,F,Employe,0,Marseille,Prive,0.5690576471970757,12,62.41
6953,M,Agriculteur,1,Lyon,Prive,0.4722505061593926,10,53.96
6954,M,Cadre,0,Marseille,Public,0.5251827644686011,11,86.21
6955,F,Retraite,0,Nantes,Public,0.35587124267257897,12,66.53
6956,M,Employe,0,Lyon,Prive,0.29448097330746625,11,73.33
6957,F,Cadre,0,Bordeaux,Public,0.31825466174436967,13,78.01
6958,M,Professions_intermediaires,0,Toulouse,Prive,0.5833181689755982,13,88.94
6959,F,Retraite,0,Nancy,Prive,0.4914276236750049,12,52.49
6960,M,Professions_intermediaires,0,Bordeaux,Prive,0.4012924476404175,12,78.38
6961,F,Ouvrier,0,Lyon,Prive,0.6326675401149057,11,58.56
6962,F,Cadre,1,Toulouse,Public,0.7915656431677601,13,73.94
6963,F,Retraite,0,Nantes,Public,0.4010456220226477,11,66.28
6964,M,Employe,0,Lille,Public,0.28320123739974357,10,59.07
6965,F,Cadre,0,Nantes,Public,0.6890249534842736,11,83.89
6966,M,Ouvrier,0,Marseille,Prive,0.5030858078176674,13,52.42
6967,M,Agriculteur,0,Lyon,Prive,0.4633247055689011,12,69.78
6968,M,Ouvrier,0,Lille,Prive,0.7035505700884563,12,70.19
6969,M,Cadre,0,Bordeaux,Prive,0.44749079147359516,12,99.23
6970,M,Agriculteur,0,Lyon,Public,0.5794122908641681,11,67.44
6971,F,Retraite,0,Bordeaux,Prive,0.5320530362037855,11,52.39
6972,M,Employe,0,Marseille,Prive,1.1489000786792496,13,85.53
6973,F,Employe,0,Lyon,Prive,0.47314148023700087,11,52.25
6974,M,Ouvrier,0,Lyon,Prive,0.6873633257019214,13,78.54
6975,F,Cadre,0,Toulouse,Prive,0.44986849524834116,12,91.22
6976,M,Retraite,0,Lyon,Prive,0.5900084992356488,12,56.9
6977,M,Employe,0,Nantes,Public,0.46080398729202354,12,51.87
6978,F,Employe,0,Lyon,Public,0.6590805291330649,13,64.24
6979,M,Cadre,0,Lyon,Prive,0.48086424340299594,12,88.36
6980,F,Retraite,0,Nancy,Prive,0.6007000063754037,13,60.79
6981,F,Professions_intermediaires,0,Toulouse,Public,0.3488008843028678,10,66.975
6982,M,Professions_intermediaires,0,Lyon,Prive,0.34067238566025604,11,78.94
6983,M,Agriculteur,1,Paris,Public,0.12358580247917655,12,34.57
6984,F,Agriculteur,0,Paris,Public,0.5731604142593519,10,79.06
6985,M,Professions_intermediaires,0,Marseille,Prive,0.37020145955442507,13,82.02
6986,M,Professions_intermediaires,0,Marseille,Prive,0.9390992476452076,12,88.75
6987,M,Professions_intermediaires,0,Nancy,Prive,0.40553578113435607,10,76.83
6988,M,Employe,0,Bordeaux,Public,0.7492803393575818,11,67.42
6989,F,Cadre,0,Lyon,Public,0.728872962740601,13,100.0
6990,F,Retraite,0,Toulouse,Public,0.45079769013042614,12,55.58
6991,M,Ouvrier,0,Toulouse,Prive,0.3526530258853042,10,52.77
6992,M,Agriculteur,0,Lyon,Prive,0.47306174910002474,10,75.85
6993,F,Professions_intermediaires,0,Toulouse,Prive,0.7269795559559413,11,77.11
6994,M,Cadre,0,Paris,Public,0.9570974120588187,13,91.36
6995,M,Ouvrier,1,Marseille,Public,0.25303328599332986,11,22.32
6996,M,Agriculteur,0,Bordeaux,Public,0.5028555349272312,13,63.84
6997,F,Ouvrier,0,Lyon,Public,0.37909558242466374,12,80.57
6998,F,Professions_intermediaires,0,Bordeaux,Prive,0.4276560657037225,13,70.67
6999,F,Ouvrier,0,Paris,Public,0.8413727187024294,13,80.52
7000,M,Retraite,0,Toulouse,Prive,0.346085660889372,13,56.12
7001,M,Employe,0,Lille,Public,0.17851998482509057,12,50.34
7002,F,Agriculteur,0,Nancy,Prive,0.5404048532842056,10,63.37
7003,M,Professions_intermediaires,0,Nantes,Public,0.5759159859313919,12,82.2
7004,M,Ouvrier,0,Lyon,Public,0.4157849100790964,12,38.5
7005,F,Agriculteur,0,Lyon,Public,0.3637282517968127,10,81.84
7006,F,Retraite,0,Toulouse,Prive,0.5320678373924991,13,70.5
7007,M,Employe,0,Lyon,Public,0.23001928393079124,13,57.7
7008,M,Retraite,1,Bordeaux,Public,0.5843534131500758,12,66.975
7009,M,Agriculteur,0,Marseille,Public,0.430457240455315,13,61.78
7010,M,Agriculteur,1,Nantes,Public,0.7774011665677194,12,64.46
7011,F,Cadre,0,Paris,Public,0.563682800550121,13,72.7
7012,M,Ouvrier,0,Marseille,Public,0.4693060198079443,11,58.83
7013,M,Cadre,0,Lyon,Prive,0.4540604195896568,10,93.15
7014,F,Agriculteur,0,Bordeaux,Prive,0.11325717207470543,12,42.76
7015,F,Professions_intermediaires,0,Lyon,Public,0.47517768078173256,11,69.3
7016,M,Professions_intermediaires,0,Toulouse,Prive,0.4593506927243348,10,59.48
7017,M,Agriculteur,0,Marseille,Public,0.5102834589771877,12,56.63
7018,M,Cadre,0,Bordeaux,Public,0.4619404474431437,10,85.11
7019,F,Ouvrier,0,Marseille,Public,0.7856617575424283,12,73.63
7020,F,Retraite,0,Bordeaux,Prive,0.4462142759810611,11,60.63
7021,M,Professions_intermediaires,0,Paris,Prive,0.3312186852001992,11,56.79
7022,M,Professions_intermediaires,0,Nantes,Prive,0.16705744885427398,12,58.88
7023,M,Professions_intermediaires,1,Bordeaux,Prive,0.4108158349833362,11,55.61
7024,M,Retraite,1,Lyon,Public,0.29059267585334003,11,39.07
7025,F,Agriculteur,0,Paris,Public,0.2404155285670619,10,53.17
7026,M,Agriculteur,0,Marseille,Prive,0.43764934841207875,12,62.24
7027,F,Agriculteur,0,Lille,Prive,0.7276572533078247,10,81.53
7028,M,Employe,0,Marseille,Prive,0.6870047338592352,13,72.92
7029,F,Agriculteur,0,Toulouse,Public,0.24360112823808294,13,54.45
7030,M,Retraite,0,Toulouse,Prive,0.5073375427195033,10,66.46
7031,M,Employe,0,Marseille,Prive,0.5846278246832605,11,63.8
7032,M,Professions_intermediaires,0,Toulouse,Public,0.6169382133972686,11,70.76
7033,M,Agriculteur,1,Lyon,Prive,0.8207325886627697,12,66.975
7034,M,Professions_intermediaires,0,Bordeaux,Prive,0.2660645415197016,13,58.97
7035,M,Retraite,0,Lyon,Prive,0.3228350702905117,10,56.14
7036,F,Cadre,0,Nancy,Public,0.36747862146332777,13,92.01
7037,F,Employe,0,Marseille,Prive,0.5732713441792939,12,92.34
7038,M,Ouvrier,1,Nancy,Prive,-0.04436917815081609,11,12.6
7039,M,Retraite,0,Nancy,Prive,0.4542667885038264,11,55.09
7040,M,Agriculteur,1,Bordeaux,Public,0.14352138500788475,13,50.33
7041,M,Professions_intermediaires,0,Nancy,Public,0.4995345939172608,10,62.69
7042,M,Cadre,0,Marseille,Public,0.9140158007070933,10,91.96
7043,M,Cadre,0,Nancy,Public,0.6802007150344527,13,100.0
7044,M,Retraite,0,Lyon,Prive,0.2547538375870838,13,52.05
7045,M,Agriculteur,1,Toulouse,Public,0.4162730789281162,11,43.9
7046,F,Retraite,0,Lyon,Public,0.32204344639407934,13,50.0
7047,M,Agriculteur,0,Nancy,Prive,0.7589143593342603,11,79.87
7048,F,Agriculteur,0,Nantes,Prive,0.05963751027400244,11,43.71
7049,M,Professions_intermediaires,0,Nancy,Prive,0.41215374739190597,10,65.85
7050,M,Employe,1,Paris,Prive,0.36068893697552606,10,32.26
7051,M,Professions_intermediaires,0,Paris,Prive,0.26535878088326237,10,65.95
7052,F,Agriculteur,0,Marseille,Public,0.8317072039605937,10,93.5
7053,M,Professions_intermediaires,0,Nancy,Prive,0.18676471616458684,13,70.58
7054,F,Ouvrier,0,Marseille,Prive,0.2611439360040186,11,58.39
7055,M,Retraite,1,Lille,Public,0.8191065935678321,13,53.68
7056,F,Agriculteur,0,Nancy,Public,0.48008205671808657,11,68.85
7057,F,Cadre,1,Lille,Public,0.46489807938535244,13,76.28
7058,M,Cadre,0,Lille,Prive,0.3749310291784206,11,88.21
7059,M,Ouvrier,0,Paris,Public,0.49956347699574855,10,48.28
7060,F,Retraite,0,Lille,Public,0.41416776288020224,12,72.39
7061,F,Employe,0,Paris,Prive,0.3530768554678395,10,67.39
7062,F,Cadre,0,Paris,Public,0.21971642926580526,13,83.43
7063,M,Cadre,0,Nancy,Public,0.508050083747039,11,66.1
7064,F,Employe,0,Nancy,Prive,0.38059033271378384,13,65.88
7065,F,Professions_intermediaires,0,Bordeaux,Public,0.40617471403840577,12,72.19
7066,F,Retraite,0,Paris,Prive,0.6319328384401385,11,62.17
7067,F,Retraite,1,Paris,Prive,0.3988567197383305,11,52.93
7068,F,Professions_intermediaires,1,Nantes,Public,0.47801985520957696,13,40.29
7069,M,Ouvrier,0,Nancy,Prive,0.8347389840298205,10,94.61
7070,M,Retraite,0,Marseille,Public,0.5767275278535209,12,55.63
7071,F,Employe,0,Lyon,Public,0.3920484172279932,12,70.36
7072,M,Retraite,0,Lyon,Prive,0.28056917611367416,12,61.1
7073,M,Cadre,0,Marseille,Prive,0.47347515003375146,13,93.93
7074,F,Professions_intermediaires,0,Toulouse,Public,0.6575427721720005,12,94.01
7075,M,Cadre,0,Nantes,Prive,0.38197903366583164,11,77.49
7076,M,Cadre,0,Toulouse,Prive,0.4913380803095898,13,85.39
7077,M,Ouvrier,1,Toulouse,Public,0.37688328993261555,10,33.45
7078,F,Professions_intermediaires,0,Lille,Public,0.4184528916575313,10,65.0
7079,F,Cadre,1,Paris,Prive,0.24452513591352665,10,60.19
7080,F,Retraite,0,Paris,Public,0.5420782899876273,13,66.18
7081,F,Cadre,0,Lille,Prive,0.5167375154054775,11,85.97
7082,M,Retraite,0,Lille,Public,0.7828075037030852,10,66.82
7083,M,Employe,1,Toulouse,Prive,0.5086679372314749,10,50.25
7084,M,Employe,0,Lyon,Public,0.344393408531242,12,70.61
7085,M,Ouvrier,0,Paris,Prive,0.7773704947928601,11,55.25
7086,M,Agriculteur,0,Lyon,Prive,0.5597653342971309,13,74.87
7087,F,Ouvrier,0,Lille,Prive,0.5247010655331596,12,76.1
7088,F,Employe,0,Bordeaux,Prive,0.48397977328379566,12,56.67
7089,F,Retraite,0,Nantes,Public,0.5170054992311596,10,67.27
7090,F,Professions_intermediaires,0,Nancy,Public,0.3136358828229534,13,75.49
7091,M,Professions_intermediaires,0,Bordeaux,Public,0.4694029179634767,11,150.52130541700737
7092,F,Agriculteur,1,Lille,Public,0.441891690345306,13,56.29
7093,F,Agriculteur,1,Marseille,Prive,0.557093565084336,10,61.6
7094,F,Retraite,0,Nancy,Public,0.7090526922584691,12,71.32
7095,M,Professions_intermediaires,0,Marseille,Public,0.6789616005179305,13,68.96
7096,M,Cadre,0,Nancy,Prive,0.5880040979884369,10,82.71
7097,F,Ouvrier,0,Lyon,Prive,0.14105754719148422,12,66.59
7098,F,Cadre,1,Lyon,Prive,0.39879198024345536,10,55.36
7099,F,Agriculteur,1,Marseille,Prive,0.12135510181166942,12,45.84
7100,M,Employe,0,Lille,Public,0.7021913149694974,13,79.05
7101,F,Agriculteur,1,Marseille,Public,0.4616777114335019,11,54.17
7102,M,Ouvrier,0,Bordeaux,Prive,0.45633040491054644,12,66.975
7103,M,Ouvrier,1,Nancy,Prive,0.3486318891980442,10,36.38
7104,M,Cadre,0,Nancy,Prive,0.7385847191143022,12,88.34
7105,F,Employe,0,Lyon,Prive,0.5061181976340504,11,84.98
7106,F,Retraite,0,Nantes,Prive,0.4629204560689663,10,82.44
7107,F,Cadre,0,Nantes,Public,0.5108502889818187,13,98.76
7108,M,Cadre,0,Paris,Prive,0.526201202870848,10,89.52
7109,F,Cadre,0,Toulouse,Prive,0.45885954194575296,10,79.41
7110,F,Employe,0,Nantes,Public,0.7383222373475449,12,74.97
7111,F,Retraite,0,Lyon,Public,0.7362676082928284,13,66.975
7112,M,Agriculteur,0,Nancy,Public,0.5045896795107255,10,78.01
7113,M,Ouvrier,0,Nantes,Prive,0.33026939265530175,12,59.78
7114,F,Employe,0,Nantes,Prive,0.5512089164182253,11,74.88
7115,M,Ouvrier,0,Toulouse,Prive,0.36678109282015686,13,56.77
7116,M,Employe,0,Bordeaux,Public,0.7712376228590985,13,50.52
7117,M,Professions_intermediaires,0,Lille,Public,0.8000044958143002,12,92.41
7118,M,Retraite,1,Toulouse,Public,0.6299681225263211,11,46.28
7119,F,Cadre,1,Lille,Prive,0.25380163015988666,11,68.8
7120,M,Ouvrier,0,Nantes,Prive,0.3927551596577589,12,54.6
7121,M,Ouvrier,0,Bordeaux,Public,0.4458832964695483,10,73.41
7122,M,Cadre,1,Bordeaux,Prive,0.3178644559806762,10,55.18
7123,M,Employe,1,Lyon,Prive,0.42543258065767514,12,44.72
7124,M,Professions_intermediaires,0,Paris,Prive,0.5325819255216815,11,74.86
7125,F,Ouvrier,0,Nantes,Public,0.5915156399946735,12,49.94
7126,M,Employe,0,Bordeaux,Prive,0.7436695941370268,12,76.05
7127,M,Professions_intermediaires,0,Lille,Public,0.48181207439554924,11,81.05
7128,F,Employe,0,Nancy,Public,0.42614916616499754,10,70.65
7129,F,Cadre,0,Toulouse,Prive,0.22857055707833057,10,100.0
7130,M,Employe,0,Nantes,Prive,0.5556797169552233,12,60.21
7131,F,Ouvrier,1,Lille,Prive,0.39569576486812275,12,23.68
7132,M,Cadre,0,Nantes,Prive,0.44458936704578783,12,72.06
7133,M,Employe,0,Nantes,Prive,0.37319137958028004,10,66.975
7134,M,Retraite,0,Lyon,Public,0.3788524690053837,13,72.12
7135,F,Retraite,0,Nantes,Prive,0.629970082201882,13,69.93
7136,F,Cadre,0,Paris,Public,0.4750668362913265,11,80.51
7137,M,Employe,1,Nantes,Prive,0.7988671047554992,10,67.05
7138,M,Cadre,0,Lyon,Prive,0.26287030447879145,13,77.74
7139,F,Professions_intermediaires,0,Paris,Public,0.7365838674063142,12,68.34
7140,F,Cadre,0,Bordeaux,Public,0.38788115148611213,11,92.02
7141,F,Agriculteur,0,Marseille,Prive,0.47545805249666245,10,74.77
7142,M,Retraite,1,Nantes,Public,0.5854034259817683,10,48.02
7143,M,Cadre,1,Marseille,Prive,0.6918340951235281,10,82.81
7144,F,Ouvrier,0,Bordeaux,Public,0.6997158057849053,10,66.975
7145,F,Ouvrier,1,Bordeaux,Public,0.695834372218418,10,48.33
7146,F,Retraite,0,Nantes,Prive,0.4449750067497241,13,55.51
7147,M,Cadre,0,Nantes,Public,0.8491489988781007,12,85.35
7148,F,Employe,0,Nancy,Prive,0.6096102066041231,10,66.65
7149,F,Professions_intermediaires,0,Marseille,Public,-0.10190259215904085,13,68.5
7150,F,Retraite,0,Nancy,Prive,0.49849455294183453,13,59.38
7151,M,Cadre,1,Nancy,Public,0.41568069813303815,10,61.28
7152,F,Employe,1,Lille,Public,0.42927430591520455,13,44.94
7153,F,Retraite,0,Lyon,Prive,0.6192570027243818,10,67.65
7154,M,Ouvrier,1,Paris,Public,0.5533536687588629,13,34.29
7155,F,Retraite,0,Toulouse,Public,0.3567322816397127,11,60.48
7156,F,Professions_intermediaires,0,Toulouse,Prive,0.7926049840504761,11,71.56
7157,M,Ouvrier,0,Lille,Public,0.23497975940988597,11,53.81
7158,M,Employe,0,Marseille,Public,0.22147148886491197,10,60.62
7159,F,Agriculteur,0,Lyon,Public,0.274786131138257,13,65.2
7160,F,Agriculteur,0,Paris,Prive,0.5808580054987869,10,76.31
7161,F,Employe,0,Lille,Public,0.5654784820393906,12,86.22
7162,M,Professions_intermediaires,0,Nancy,Prive,0.32953211633539947,11,55.32
7163,M,Retraite,0,Lille,Public,0.37296316094415527,13,57.87
7164,M,Agriculteur,0,Marseille,Prive,0.49118165652031376,11,59.59
7165,M,Agriculteur,0,Paris,Prive,0.27830059679034147,13,65.93
7166,F,Employe,0,Toulouse,Public,0.6517295370521106,11,78.21
7167,M,Professions_intermediaires,0,Lyon,Public,0.805255441251371,12,69.8
7168,M,Agriculteur,1,Lyon,Public,0.4564965910817458,12,49.91
7169,F,Ouvrier,1,Lille,Public,0.5613498828051149,11,50.64
7170,M,Employe,0,Toulouse,Prive,0.5137216289855411,13,71.13
7171,M,Retraite,1,Paris,Public,0.7655244260978636,11,46.8
7172,M,Retraite,0,Lyon,Prive,0.8802154180392632,10,78.45
7173,M,Employe,1,Marseille,Public,0.4205164626678847,12,42.96
7174,F,Agriculteur,0,Lille,Public,0.4985125375867388,11,77.62
7175,F,Professions_intermediaires,0,Bordeaux,Public,0.6636917556729504,12,82.27
7176,F,Professions_intermediaires,0,Nancy,Prive,0.56104704017579,12,75.15
7177,M,Professions_intermediaires,0,Nancy,Prive,0.3097109910909027,12,58.49
7178,M,Retraite,0,Nantes,Prive,0.13025151370206567,13,56.02
7179,F,Cadre,0,Lyon,Public,0.37261509204881155,13,73.05
7180,F,Professions_intermediaires,0,Toulouse,Public,0.5576483582793443,13,66.98
7181,F,Agriculteur,1,Toulouse,Prive,0.4132633700465627,13,44.46
7182,M,Professions_intermediaires,0,Paris,Prive,0.28112853682952454,13,68.5
7183,F,Retraite,0,Nancy,Prive,0.3760239080872194,10,52.02
7184,F,Employe,0,Bordeaux,Prive,0.8582384477650273,13,74.89
7185,F,Retraite,1,Bordeaux,Prive,0.2663776499632937,13,38.22
7186,M,Agriculteur,0,Paris,Public,0.42913407900470313,13,61.04
7187,F,Retraite,0,Toulouse,Prive,0.38886252924803066,10,60.74
7188,F,Cadre,0,Toulouse,Public,0.8833299865855263,13,99.73
7189,F,Cadre,0,Lyon,Prive,0.19759740209666604,13,75.36
7190,F,Ouvrier,0,Nancy,Public,0.3350420981154899,12,63.1
7191,F,Retraite,0,Nancy,Prive,0.5050538678955789,11,64.89
7192,M,Agriculteur,0,Nantes,Public,0.5259270245608142,12,66.975
7193,M,Employe,0,Nantes,Prive,0.7166601159063803,10,66.975
7194,M,Ouvrier,0,Lille,Prive,0.6959995331620958,11,62.4
7195,M,Agriculteur,0,Toulouse,Public,0.3515573828066286,12,58.61
7196,M,Agriculteur,1,Lyon,Public,0.555055860190032,13,53.58
7197,F,Professions_intermediaires,0,Nancy,Public,0.45774532620389446,11,69.85
7198,M,Ouvrier,0,Bordeaux,Public,0.4008243069822061,12,43.71
7199,F,Retraite,0,Marseille,Prive,0.6956048547817829,12,66.975
7200,F,Cadre,0,Toulouse,Prive,0.5432596258975148,13,80.94
7201,M,Agriculteur,0,Lille,Public,0.8112841552478761,13,56.22
7202,F,Retraite,1,Nantes,Public,0.5875810881342912,10,46.74
7203,F,Professions_intermediaires,0,Nancy,Prive,0.677833100019112,11,87.84
7204,F,Ouvrier,0,Lille,Prive,-0.05044015213576969,11,44.08
7205,F,Retraite,0,Paris,Prive,0.510495928448688,12,62.6
7206,M,Agriculteur,0,Nancy,Prive,0.5791906928689856,10,74.23
7207,M,Retraite,0,Marseille,Prive,0.5976578634274796,10,62.05
7208,F,Professions_intermediaires,0,Marseille,Prive,0.8021258873488555,13,81.21
7209,F,Retraite,0,Nantes,Public,0.6167954275451999,13,76.12
7210,M,Retraite,0,Nantes,Public,0.25074032070015007,13,64.61
7211,M,Employe,0,Toulouse,Public,0.6010672757114286,12,71.26
7212,F,Employe,1,Nancy,Public,0.6608521489249475,13,37.04
7213,M,Ouvrier,0,Nancy,Prive,0.37146726366672067,11,62.43
7214,F,Agriculteur,0,Lille,Prive,0.41121531899650177,11,63.99
7215,F,Employe,0,Paris,Prive,0.6510665537663212,11,76.23
7216,F,Cadre,0,Nancy,Public,0.494478234924766,10,71.73
7217,M,Agriculteur,0,Paris,Prive,0.7128256131185724,11,81.12
7218,F,Cadre,0,Lille,Prive,0.5313208903521668,13,78.62
7219,F,Ouvrier,0,Lyon,Prive,0.05781957213873984,13,55.65
7220,F,Cadre,0,Paris,Public,0.506078969048234,11,94.03
7221,F,Ouvrier,0,Nantes,Prive,0.4149941456531269,10,63.15
7222,M,Cadre,0,Bordeaux,Prive,0.617830390479092,10,90.07
7223,F,Agriculteur,0,Lille,Prive,0.5793943306670034,12,72.04
7224,F,Professions_intermediaires,0,Marseille,Public,0.3062909038704503,13,60.26
7225,M,Agriculteur,0,Marseille,Prive,0.5344994979295393,11,80.69
7226,M,Ouvrier,0,Bordeaux,Public,0.6020504420771758,10,72.1
7227,F,Agriculteur,0,Lille,Public,0.5836793374207115,11,67.9
7228,M,Cadre,0,Lille,Public,0.6902906582744385,10,57.33
7229,M,Employe,0,Toulouse,Public,0.29041694147361896,11,71.45
7230,M,Professions_intermediaires,1,Bordeaux,Prive,0.46367507618955073,11,36.81
7231,M,Ouvrier,0,Nantes,Public,0.04930697410617124,11,54.87
7232,M,Cadre,0,Bordeaux,Public,0.7309062397587501,11,82.52
7233,F,Cadre,1,Nancy,Public,0.5193180004227458,12,70.25
7234,F,Ouvrier,0,Lyon,Public,0.4776434040225814,13,51.94
7235,F,Retraite,0,Bordeaux,Prive,0.47438865935231955,13,66.975
7236,F,Cadre,0,Lyon,Prive,0.5960490080218973,13,72.26
7237,M,Ouvrier,0,Toulouse,Prive,0.7081349637166454,12,64.72
7238,F,Cadre,0,Nancy,Prive,0.44176337947967004,11,84.18
7239,F,Retraite,0,Paris,Prive,0.58190078078792,10,73.76
7240,M,Agriculteur,0,Toulouse,Prive,0.5795722681577524,10,65.45
7241,M,Professions_intermediaires,0,Marseille,Public,0.060306160462587854,11,66.87
7242,M,Retraite,0,Paris,Public,0.35839834764902284,11,57.32
7243,F,Ouvrier,0,Bordeaux,Prive,0.5870992842225784,12,67.5
7244,F,Professions_intermediaires,0,Bordeaux,Public,0.7467702244809201,11,84.45
7245,M,Employe,0,Lille,Public,0.7718145853354532,11,80.9
7246,F,Agriculteur,0,Bordeaux,Public,0.2550661618298955,13,53.56
7247,F,Retraite,0,Lyon,Public,0.6998828866248517,12,69.07
7248,M,Ouvrier,0,Paris,Prive,0.7066311708840627,10,67.1
7249,F,Ouvrier,1,Nantes,Prive,0.5825463934203081,12,59.69
7250,M,Retraite,0,Paris,Public,0.09603193829864426,10,72.96
7251,F,Cadre,0,Toulouse,Prive,0.39257408820442663,13,70.9
7252,M,Employe,1,Toulouse,Public,0.5216626170338621,10,66.975
7253,M,Ouvrier,0,Lyon,Prive,0.4528146595624284,12,36.47
7254,M,Cadre,0,Bordeaux,Public,0.06628049501219058,10,94.22
7255,F,Ouvrier,0,Nantes,Public,0.4477431189863494,13,63.21
7256,M,Employe,1,Lille,Prive,0.31386671881035566,10,48.13
7257,M,Employe,0,Toulouse,Prive,0.6181660443624095,12,66.75
7258,M,Ouvrier,0,Toulouse,Public,0.5959859254422898,12,62.08
7259,F,Retraite,0,Lyon,Prive,0.6046160875631528,10,77.97
7260,F,Agriculteur,0,Paris,Prive,0.42612507572215663,13,58.46
7261,F,Retraite,0,Nantes,Prive,0.5040565564145726,11,55.43
7262,F,Employe,1,Nantes,Public,0.48321800968776174,13,45.96
7263,M,Employe,0,Lille,Prive,0.6827262375521165,11,71.11
7264,M,Employe,0,Paris,Prive,0.3933344551356738,10,69.65
7265,M,Professions_intermediaires,0,Toulouse,Prive,0.348561275180577,11,70.85
7266,M,Employe,1,Bordeaux,Prive,0.6923064323355226,10,43.63
7267,M,Employe,0,Lille,Prive,0.6641727190001208,11,67.19
7268,F,Retraite,0,Toulouse,Public,0.5931867392249549,12,69.14
7269,F,Cadre,0,Lyon,Public,0.8158695769350903,12,66.975
7270,M,Agriculteur,0,Lille,Prive,0.9176817353333979,11,86.18
7271,F,Employe,0,Paris,Public,0.746130230400946,11,71.44
7272,F,Retraite,0,Bordeaux,Prive,0.3505315012265985,12,55.84
7273,M,Agriculteur,0,Marseille,Prive,0.666219361083213,11,63.57
7274,M,Retraite,0,Paris,Public,0.5220467118891589,12,74.99
7275,F,Professions_intermediaires,0,Nancy,Public,0.38753952974086786,11,69.1
7276,F,Retraite,1,Marseille,Prive,0.3517748610931142,13,35.37
7277,F,Cadre,0,Toulouse,Public,0.5538546362669627,10,88.19
7278,M,Cadre,1,Lyon,Prive,0.6633685604430303,10,82.12
7279,M,Ouvrier,0,Bordeaux,Public,0.7758645046213355,13,57.75
7280,M,Employe,1,Marseille,Prive,0.6348228194421477,10,55.29
7281,M,Agriculteur,0,Lyon,Public,0.6147862385334504,10,66.43
7282,F,Employe,1,Toulouse,Prive,0.4588265278816296,10,48.59
7283,M,Ouvrier,0,Lyon,Public,0.5433049601837753,10,68.25
7284,F,Employe,0,Nancy,Prive,0.20102150855301698,12,72.87
7285,F,Cadre,0,Nancy,Prive,0.6130501492885827,13,83.22
7286,M,Agriculteur,0,Nantes,Public,0.5863433298485246,10,76.65
7287,M,Ouvrier,0,Lille,Prive,0.882844004071192,12,70.56
7288,F,Ouvrier,0,Paris,Prive,0.49206017640887534,11,64.95
7289,F,Agriculteur,0,Paris,Public,0.7382544240149355,13,85.86
7290,F,Ouvrier,1,Toulouse,Public,0.4051247172251531,11,33.02
7291,M,Cadre,0,Paris,Public,0.8394065740814314,11,98.44
7292,M,Agriculteur,0,Nantes,Prive,0.7898965794628185,10,75.79
7293,F,Professions_intermediaires,0,Nantes,Prive,0.7263882226409044,10,91.14
7294,F,Ouvrier,0,Toulouse,Public,0.5120455654572716,13,65.46
7295,F,Agriculteur,0,Lille,Public,0.4555528756167131,11,67.16
7296,F,Ouvrier,0,Nancy,Prive,0.42580435037289366,13,67.71
7297,F,Employe,1,Nancy,Prive,0.3054544468553757,13,39.11
7298,F,Ouvrier,1,Nantes,Prive,0.59352857988482,12,39.95
7299,F,Professions_intermediaires,0,Nancy,Prive,0.4503262712967062,12,67.65
7300,M,Agriculteur,0,Bordeaux,Public,0.5765359433193303,13,64.04
7301,M,Professions_intermediaires,1,Lyon,Public,0.5339672145015807,12,30.13
7302,F,Ouvrier,0,Nancy,Prive,0.28524973867894843,11,52.18
7303,M,Cadre,0,Nantes,Prive,0.7122559781189548,13,88.01
7304,F,Ouvrier,0,Lille,Prive,0.5192184123657548,13,68.77
7305,M,Cadre,0,Lyon,Public,0.67244038963246,10,79.51
7306,F,Employe,0,Paris,Public,0.26692352885933524,12,58.87
7307,M,Agriculteur,0,Nancy,Public,0.3472171327214142,10,63.05
7308,F,Agriculteur,1,Paris,Public,0.4215274406381063,10,54.66
7309,M,Agriculteur,1,Bordeaux,Public,0.548581240524368,12,50.69
7310,F,Employe,0,Toulouse,Public,0.47928599555841583,12,71.41
7311,M,Ouvrier,0,Nantes,Public,0.7728699591510297,10,73.94
7312,F,Ouvrier,1,Lyon,Public,0.7069237532177981,12,50.58
7313,M,Retraite,0,Paris,Public,0.35381514842419715,10,55.36
7314,F,Retraite,0,Lyon,Prive,1.089253160705584,11,93.86
7315,M,Employe,0,Paris,Public,0.48303565938114035,11,49.51
7316,F,Retraite,0,Lyon,Public,0.7582446562619278,13,79.27
7317,M,Professions_intermediaires,1,Nantes,Prive,0.4430872107416816,13,56.71
7318,M,Employe,0,Bordeaux,Prive,0.6249448089290166,11,80.95
7319,M,Employe,0,Nancy,Public,0.6899781426753464,11,69.08
7320,F,Employe,0,Toulouse,Public,0.1991435762007419,13,57.41
7321,F,Agriculteur,0,Lyon,Public,0.8493837999938624,13,67.27
7322,F,Employe,0,Nantes,Public,0.34373907530830994,13,55.49
7323,M,Employe,0,Lille,Public,0.43017984086213024,12,63.96
7324,M,Agriculteur,0,Marseille,Prive,0.3789657830563397,11,57.76
7325,F,Employe,0,Lille,Public,0.38655460868928415,12,59.6
7326,M,Employe,1,Nancy,Public,0.39597715457208005,13,35.17
7327,F,Agriculteur,1,Marseille,Public,0.2612034274149756,10,53.55
7328,M,Retraite,1,Lyon,Prive,0.6522475474172088,10,40.85
7329,F,Professions_intermediaires,0,Nancy,Public,0.5230497587413669,11,79.62
7330,F,Agriculteur,0,Paris,Public,0.47234131886528324,12,67.76
7331,F,Retraite,0,Marseille,Prive,0.7032176739409223,10,73.09
7332,F,Professions_intermediaires,0,Bordeaux,Prive,0.8532852277200311,10,80.91
7333,F,Agriculteur,0,Toulouse,Prive,0.18799049243801746,12,69.61
7334,F,Ouvrier,0,Lyon,Prive,0.824711431815712,10,74.17
7335,F,Ouvrier,0,Lyon,Prive,0.49536599580356616,10,72.28
7336,F,Retraite,0,Bordeaux,Prive,0.22981280724645103,11,53.61
7337,M,Ouvrier,0,Nantes,Prive,0.5825413861724313,13,54.19
7338,F,Agriculteur,0,Bordeaux,Prive,0.47661654954752297,10,65.49
7339,F,Cadre,0,Lyon,Public,0.6721081669513767,11,90.31
7340,M,Agriculteur,0,Bordeaux,Public,0.5290781695326792,13,73.38
7341,M,Professions_intermediaires,0,Marseille,Public,0.5713604443034341,10,69.93
7342,F,Ouvrier,1,Nancy,Prive,0.4129569251744811,13,41.38
7343,M,Cadre,0,Nancy,Prive,0.2943137268023199,13,77.83
7344,M,Agriculteur,1,Lille,Prive,0.6483522405724633,10,48.87
7345,M,Retraite,0,Nantes,Prive,0.39500818188876397,11,61.61
7346,F,Agriculteur,1,Paris,Prive,0.5804774214516559,10,64.78
7347,F,Retraite,0,Paris,Public,0.7971706078362526,11,79.15
7348,F,Retraite,1,Lille,Public,0.46804143408267473,13,54.24
7349,M,Retraite,1,Marseille,Prive,0.6400161630847033,13,50.34
7350,M,Professions_intermediaires,0,Paris,Public,0.4938811965589363,10,89.72
7351,M,Cadre,0,Lyon,Public,0.42706970149371876,13,90.4
7352,M,Professions_intermediaires,0,Toulouse,Public,0.1875301219170344,13,54.3
7353,F,Agriculteur,0,Lille,Prive,0.49212029162034193,12,75.88
7354,F,Cadre,1,Lille,Public,0.4671537283701451,12,67.82
7355,M,Agriculteur,1,Bordeaux,Public,0.32584020231772537,12,49.77
7356,M,Agriculteur,0,Marseille,Public,0.09298258446962143,12,45.55
7357,F,Employe,0,Bordeaux,Public,0.16596780306339382,10,47.98
7358,F,Retraite,0,Nantes,Public,0.8570492617133589,10,72.5
7359,M,Retraite,0,Toulouse,Public,0.507562028519539,10,48.36
7360,F,Professions_intermediaires,0,Nancy,Public,0.21275732980006268,11,75.51
7361,F,Employe,0,Toulouse,Prive,0.379576269658801,12,67.18
7362,M,Employe,1,Nantes,Public,0.5020275384197965,13,64.57
7363,F,Retraite,0,Nancy,Public,0.5897690288288452,10,70.85
7364,F,Ouvrier,0,Paris,Public,0.4533549837393919,11,66.72
7365,M,Cadre,0,Nantes,Public,0.9042426830584236,10,98.1
7366,F,Professions_intermediaires,0,Nancy,Prive,0.9136718436687135,13,85.31
7367,M,Employe,0,Toulouse,Prive,0.5765964977125349,10,69.74
7368,F,Retraite,0,Lyon,Prive,0.4267514881266767,12,63.38
7369,F,Professions_intermediaires,0,Bordeaux,Prive,0.5765182840243456,10,55.7
7370,F,Ouvrier,1,Paris,Public,0.23421917092762645,13,45.75
7371,M,Employe,0,Lyon,Prive,0.6998954187667954,13,81.59
7372,F,Cadre,0,Bordeaux,Public,0.534344892675221,13,94.03
7373,M,Employe,0,Marseille,Public,0.2585958997816879,10,66.975
7374,F,Retraite,0,Bordeaux,Public,0.3831473883804849,11,61.71
7375,F,Cadre,0,Marseille,Prive,0.6146913614688321,13,77.81
7376,M,Professions_intermediaires,0,Bordeaux,Prive,0.16696123822690123,13,55.4
7377,M,Professions_intermediaires,0,Bordeaux,Prive,0.3212974026364214,10,64.72
7378,M,Employe,1,Bordeaux,Prive,0.4068267184586939,13,46.78
7379,F,Professions_intermediaires,0,Bordeaux,Prive,0.6950433835637363,11,83.15
7380,F,Cadre,0,Nantes,Public,0.8428728028104018,13,88.41
7381,M,Ouvrier,0,Marseille,Public,0.5757466600571007,11,49.93
7382,F,Cadre,0,Toulouse,Public,-0.13203756913561648,10,65.6
7383,F,Professions_intermediaires,0,Paris,Prive,0.2766462101813165,11,69.51
7384,M,Ouvrier,0,Marseille,Public,1.1991290875403138,13,61.33
7385,M,Agriculteur,1,Toulouse,Public,0.5314823652123243,13,50.34
7386,F,Professions_intermediaires,0,Nantes,Public,-0.02128020830315558,12,78.54
7387,M,Employe,0,Lille,Public,0.9745542948236847,13,70.21
7388,M,Professions_intermediaires,0,Bordeaux,Public,0.23279867681705513,12,87.2
7389,F,Employe,0,Lyon,Prive,0.6146958193980913,12,64.68
7390,M,Professions_intermediaires,1,Lyon,Prive,0.2707408960873884,13,46.95
7391,M,Ouvrier,0,Nancy,Public,0.9404353282302909,11,74.04
7392,F,Professions_intermediaires,1,Toulouse,Public,0.21662128473783687,10,48.85
7393,F,Ouvrier,0,Lille,Prive,0.38293858023814664,13,43.67
7394,F,Ouvrier,0,Lyon,Public,0.7097989524964283,13,68.37
7395,M,Employe,0,Nancy,Public,0.38937494663099687,13,65.27
7396,F,Employe,0,Nantes,Prive,0.5972698955273017,11,68.27
7397,F,Cadre,0,Toulouse,Public,0.6661393541248037,12,89.8
7398,F,Ouvrier,0,Lyon,Prive,0.5354243068154869,12,66.26
7399,F,Employe,0,Lyon,Prive,0.27778261275298377,12,55.63
7400,F,Ouvrier,0,Nancy,Public,0.34259777751104437,10,62.86
7401,M,Retraite,0,Bordeaux,Prive,0.42331461500346557,11,56.83
7402,M,Agriculteur,0,Bordeaux,Prive,0.6174719535794577,11,84.4
7403,F,Employe,0,Nantes,Prive,0.6623392771767029,11,81.43
7404,F,Ouvrier,0,Lille,Public,0.5410226255258327,12,53.43
7405,F,Retraite,0,Lyon,Prive,0.6404328094884577,11,79.66
7406,M,Agriculteur,0,Toulouse,Public,0.18167225290011318,11,64.66
7407,M,Retraite,0,Marseille,Public,0.559540736392811,11,70.08
7408,M,Employe,0,Nantes,Public,0.48702266140443734,11,65.08
7409,M,Cadre,0,Paris,Prive,0.5990449894009768,13,83.09
7410,F,Ouvrier,0,Bordeaux,Public,0.6504543860488469,10,62.38
7411,F,Cadre,0,Marseille,Public,0.28978041298715657,12,72.3
7412,F,Ouvrier,0,Paris,Public,0.47800025690907805,10,44.18
7413,M,Ouvrier,0,Nancy,Public,0.7668954094084198,11,60.13
7414,F,Professions_intermediaires,1,Toulouse,Prive,0.5607912684478584,12,51.05
7415,F,Retraite,0,Bordeaux,Prive,0.479949812085851,11,66.975
7416,M,Professions_intermediaires,0,Toulouse,Prive,0.25642720093078747,11,73.88
7417,M,Agriculteur,1,Lyon,Prive,0.6085660706325797,12,52.59
7418,F,Agriculteur,0,Paris,Public,0.22194781622688758,10,58.05
7419,M,Retraite,0,Lyon,Prive,0.46431989712099253,13,60.41
7420,M,Ouvrier,0,Toulouse,Public,0.4017554310738199,11,59.85
7421,M,Employe,0,Marseille,Prive,0.5786865278013645,10,62.19
7422,M,Professions_intermediaires,0,Paris,Public,0.38026174179262573,11,48.38
7423,F,Agriculteur,0,Marseille,Public,0.43430867989137484,11,78.82
7424,M,Agriculteur,0,Nantes,Public,0.31785816662196553,10,62.96
7425,M,Agriculteur,0,Nantes,Public,0.45031300885541503,12,69.34
7426,M,Employe,1,Marseille,Prive,0.5429465699919669,10,49.49
7427,M,Cadre,0,Nancy,Prive,0.4305228273940281,11,69.48
7428,M,Ouvrier,1,Lyon,Public,0.4372961589854585,10,32.44
7429,M,Employe,0,Toulouse,Public,0.5329061163438527,10,67.6
7430,M,Ouvrier,1,Nancy,Prive,0.7002196118338742,12,42.61
7431,M,Retraite,0,Paris,Public,0.6489221526890376,11,57.07
7432,M,Ouvrier,1,Nantes,Prive,0.24124373994493326,13,37.39
7433,F,Cadre,1,Lille,Prive,0.6534781518968404,12,74.0
7434,M,Retraite,0,Lille,Prive,0.773570483271308,10,66.59
7435,F,Retraite,0,Lyon,Prive,0.6411382205611311,11,77.63
7436,M,Cadre,0,Lille,Public,0.017298185451470216,11,78.18
7437,M,Cadre,0,Paris,Prive,0.5529509979511478,12,88.64
7438,M,Professions_intermediaires,0,Lille,Public,0.7766966191275646,13,75.59
7439,M,Agriculteur,0,Lyon,Prive,0.41027651981281227,10,64.5
7440,F,Agriculteur,0,Marseille,Public,1.0800293357823953,13,89.76
7441,F,Professions_intermediaires,0,Lille,Public,0.06394721394095909,12,52.86
7442,M,Cadre,1,Nancy,Prive,0.5292295651783342,12,52.18
7443,M,Cadre,0,Lyon,Prive,0.6446775266565724,11,83.51
7444,M,Professions_intermediaires,1,Marseille,Prive,0.5344168887935534,11,54.58
7445,M,Retraite,0,Marseille,Public,0.5307996379536464,13,63.8
7446,M,Ouvrier,0,Lille,Prive,0.2919734838048792,13,60.12
7447,F,Agriculteur,0,Toulouse,Public,0.3849363221340645,12,69.14
7448,F,Cadre,1,Paris,Public,0.6147328407609322,10,68.21
7449,M,Ouvrier,0,Lyon,Prive,0.07725246832420019,12,47.98
7450,M,Ouvrier,0,Nancy,Public,0.6810633039034497,11,71.33
7451,M,Cadre,0,Paris,Public,0.47719073723339095,13,94.3
7452,M,Employe,0,Lyon,Prive,0.6104549291948197,12,66.77
7453,M,Ouvrier,0,Nancy,Prive,0.6692770614241672,10,67.23
7454,M,Employe,0,Nantes,Public,1.2460514599730255,10,81.09
7455,M,Retraite,0,Paris,Public,0.7797426430030416,13,59.27
7456,F,Agriculteur,1,Marseille,Prive,0.2596518014627407,13,29.21
7457,M,Employe,0,Toulouse,Prive,0.9323429710255123,11,87.09
7458,M,Agriculteur,0,Nantes,Prive,-0.04266627528951272,12,63.26
7459,F,Cadre,0,Nantes,Prive,0.41125201085258994,11,87.17
7460,M,Agriculteur,1,Lille,Public,0.5347206449176585,13,57.75
7461,M,Employe,0,Nancy,Public,0.43519966874955995,13,58.37
7462,M,Ouvrier,0,Lyon,Prive,0.5563515680024776,11,69.26
7463,F,Employe,0,Lille,Prive,0.46624978476495155,10,70.89
7464,M,Retraite,1,Nantes,Public,0.7569502630005313,10,45.77
7465,F,Professions_intermediaires,0,Bordeaux,Prive,0.4035508170496517,13,52.64
7466,M,Ouvrier,0,Marseille,Prive,0.47687205614859435,13,46.62
7467,M,Retraite,0,Nantes,Public,0.8543001022956234,12,87.27
7468,M,Agriculteur,0,Toulouse,Prive,0.6936252164244164,11,87.43
7469,M,Professions_intermediaires,0,Marseille,Public,0.4660232440284538,11,60.49
7470,F,Agriculteur,0,Marseille,Public,0.5944632701761337,13,53.61
7471,M,Employe,0,Bordeaux,Prive,0.8745307724282514,10,86.97
7472,M,Professions_intermediaires,0,Nancy,Prive,0.22308578550140606,11,67.18
7473,F,Retraite,0,Lyon,Public,0.282504481374502,12,54.23
7474,F,Cadre,0,Marseille,Public,0.38507890612915635,10,71.87
7475,F,Ouvrier,0,Lyon,Prive,0.5434383695492138,11,51.28
7476,M,Agriculteur,0,Bordeaux,Public,0.6936768614906896,12,84.0
7477,M,Agriculteur,0,Marseille,Prive,0.3470261882812573,11,66.88
7478,M,Agriculteur,0,Nantes,Public,0.3116717580400594,11,47.73
7479,M,Professions_intermediaires,0,Lyon,Prive,0.23767060019065184,12,61.91
7480,F,Ouvrier,0,Toulouse,Public,0.31154749584598507,13,71.6
7481,M,Ouvrier,1,Paris,Prive,0.36884994334405924,10,39.83
7482,F,Agriculteur,0,Paris,Public,0.0673089902174343,11,47.41
7483,F,Retraite,0,Paris,Prive,0.3877351109371488,10,57.18
7484,F,Ouvrier,1,Paris,Prive,0.2900973032702207,11,35.9
7485,F,Professions_intermediaires,0,Lille,Public,0.4672209476988481,13,83.32
7486,M,Professions_intermediaires,0,Marseille,Public,0.8396127006766578,13,80.58
7487,M,Cadre,0,Nancy,Prive,0.18130989425133565,13,89.38
7488,M,Professions_intermediaires,0,Lille,Prive,0.7027873348485879,11,80.82
7489,F,Retraite,0,Toulouse,Prive,0.8335383242235979,10,52.21
7490,F,Agriculteur,0,Toulouse,Public,0.692974079073515,10,78.56
7491,F,Ouvrier,0,Bordeaux,Public,0.5684805182649427,13,61.36
7492,M,Cadre,0,Bordeaux,Prive,0.7627960594896102,10,85.23
7493,F,Retraite,0,Paris,Prive,0.626579750405291,10,71.83
7494,F,Employe,0,Lille,Prive,0.7221389158768539,12,71.15
7495,M,Retraite,1,Paris,Public,0.5237348732390081,11,46.33
7496,M,Cadre,0,Marseille,Prive,0.28793696481931563,10,74.62
7497,M,Professions_intermediaires,0,Lille,Prive,0.7327504967271465,11,74.05
7498,F,Employe,0,Nancy,Prive,1.0219254376403883,12,89.95
7499,M,Retraite,0,Nancy,Prive,0.4319170465708161,11,63.53
7500,F,Professions_intermediaires,0,Nantes,Prive,0.504516148183388,13,79.29
7501,M,Professions_intermediaires,0,Toulouse,Prive,0.5223999128954627,11,69.29
7502,F,Cadre,0,Nancy,Prive,0.2061946806535852,10,88.61
7503,M,Ouvrier,0,Nancy,Prive,0.33034588681680555,13,58.12
7504,M,Agriculteur,0,Paris,Prive,0.5609043828725302,11,66.3
7505,M,Employe,0,Marseille,Public,0.48122303104133907,11,77.99
7506,F,Employe,0,Nantes,Public,0.503343369264531,11,65.53
7507,F,Agriculteur,0,Marseille,Prive,0.5053030903661916,11,71.24
7508,M,Employe,0,Lille,Public,0.4767574336554142,12,55.67
7509,M,Agriculteur,0,Lille,Prive,0.34685575109849426,12,59.0
7510,F,Cadre,0,Nantes,Prive,0.5869850353427124,12,94.4
7511,F,Agriculteur,0,Paris,Public,0.565703442420012,11,70.49
7512,F,Ouvrier,1,Nantes,Prive,0.3239488442926441,13,38.46
7513,F,Agriculteur,0,Lille,Prive,0.5829471924140937,11,70.52
7514,F,Employe,0,Nantes,Prive,0.37531226137787865,13,65.32
7515,F,Retraite,0,Bordeaux,Prive,0.6306178016202081,10,63.51
7516,F,Cadre,0,Nancy,Prive,0.4913660095122084,11,81.07
7517,F,Ouvrier,0,Toulouse,Prive,0.5788398806884236,13,60.59
7518,M,Cadre,0,Lyon,Prive,0.5352040597335226,10,82.16
7519,F,Ouvrier,0,Toulouse,Prive,0.4887355306818689,12,65.41
7520,F,Employe,0,Lille,Public,0.5654131438086405,10,73.8
7521,F,Agriculteur,0,Paris,Public,0.6684234631610566,13,85.06
7522,M,Professions_intermediaires,1,Lyon,Public,0.5240997026820118,12,60.76
7523,F,Agriculteur,0,Nantes,Public,0.5208527989273112,11,61.98
7524,F,Retraite,0,Nantes,Public,0.42922501274082775,11,57.91
7525,F,Cadre,0,Nancy,Public,0.1362629694153738,13,85.87
7526,F,Professions_intermediaires,0,Marseille,Public,0.5067495993394524,13,81.59
7527,F,Ouvrier,0,Paris,Prive,0.24673431074267232,11,65.28
7528,F,Employe,0,Bordeaux,Public,0.3868103728066247,11,65.97
7529,M,Agriculteur,0,Nancy,Public,0.3267965591259059,13,61.85
7530,F,Ouvrier,0,Nantes,Prive,0.3564857629313214,10,61.43
7531,F,Cadre,0,Marseille,Public,0.3689634984222462,13,70.25
7532,M,Ouvrier,0,Nantes,Prive,0.5971066061488131,13,60.36
7533,M,Retraite,0,Lille,Prive,0.5665493450513515,12,83.1
7534,M,Professions_intermediaires,0,Lyon,Prive,0.5221911971086651,11,71.52
7535,F,Professions_intermediaires,0,Nantes,Prive,0.7418902022657564,11,80.68
7536,F,Agriculteur,0,Nancy,Prive,1.1116978924598824,13,81.13
7537,F,Employe,0,Toulouse,Prive,0.6014894713727115,12,84.26
7538,M,Ouvrier,0,Lyon,Public,0.6816124958767554,13,53.33
7539,F,Cadre,0,Lyon,Public,0.5560671940156194,11,92.81
7540,M,Employe,1,Paris,Prive,0.6295875349620026,12,46.25
7541,M,Employe,0,Marseille,Prive,0.1751307871663937,11,54.0
7542,M,Employe,0,Nancy,Prive,-0.040920815267944444,10,40.02
7543,F,Agriculteur,0,Nancy,Prive,0.0771960849922349,13,75.63
7544,M,Employe,0,Lille,Prive,0.375082248107237,12,70.76
7545,F,Ouvrier,0,Bordeaux,Prive,0.7733734103433259,12,55.57
7546,M,Retraite,0,Lille,Public,0.5510717815155813,12,53.79
7547,M,Ouvrier,0,Nantes,Public,0.4218680838935086,12,52.47
7548,M,Employe,0,Nancy,Prive,0.6138882259713787,13,74.0
7549,F,Cadre,1,Nantes,Public,0.5706236259045008,12,65.9
7550,M,Ouvrier,0,Nantes,Public,0.22896921377328477,13,45.82
7551,F,Retraite,0,Nantes,Prive,0.5937783934312991,12,66.84
7552,F,Cadre,0,Lyon,Public,0.6664659539683461,13,100.0
7553,F,Agriculteur,0,Bordeaux,Public,0.9201625661469164,10,84.1
7554,M,Ouvrier,0,Lyon,Prive,0.4840918856408158,12,43.39
7555,M,Professions_intermediaires,0,Marseille,Public,0.8387538186623399,10,71.98
7556,F,Ouvrier,0,Bordeaux,Prive,0.4190416761520363,11,58.54
7557,M,Employe,0,Nancy,Public,0.9652925518823078,10,78.44
7558,M,Cadre,1,Nantes,Public,0.3810017890583328,11,73.16
7559,F,Retraite,0,Bordeaux,Prive,0.6285314833502575,11,66.975
7560,M,Employe,1,Bordeaux,Public,0.5573269588815614,11,53.11
7561,M,Agriculteur,0,Lyon,Prive,0.7979562825883972,13,54.87
7562,F,Ouvrier,0,Paris,Prive,0.7709627271975819,11,63.88
7563,F,Employe,0,Lyon,Public,0.29151020945021966,10,70.2
7564,M,Professions_intermediaires,0,Marseille,Prive,0.43275190087007,10,89.52
7565,F,Cadre,0,Nantes,Prive,0.92526605672398,13,82.8
7566,M,Professions_intermediaires,0,Paris,Public,0.5198181393069151,11,72.89
7567,F,Agriculteur,0,Nancy,Prive,0.6627865616998605,11,57.23
7568,F,Ouvrier,0,Nantes,Prive,0.285930297487217,12,54.96
7569,F,Agriculteur,1,Marseille,Prive,0.4508205469028256,13,57.79
7570,M,Retraite,0,Marseille,Prive,0.35826132482557793,10,69.19
7571,M,Agriculteur,0,Lyon,Prive,0.685198520031599,13,71.64
7572,M,Employe,0,Toulouse,Public,0.6475207391623264,11,67.92
7573,F,Cadre,0,Nancy,Prive,0.7447212955562341,12,100.0
7574,M,Retraite,0,Nancy,Prive,0.2829442422328742,10,57.26
7575,M,Agriculteur,0,Nantes,Prive,0.6097337942798708,10,65.46
7576,F,Retraite,0,Paris,Public,0.5040367880610999,12,60.51
7577,M,Retraite,0,Marseille,Prive,0.011062537400329087,12,40.02
7578,F,Cadre,1,Marseille,Prive,0.5926391116787272,11,71.48
7579,M,Ouvrier,0,Toulouse,Public,0.7584018983473215,11,71.51
7580,M,Employe,1,Bordeaux,Public,0.8141488693589582,12,59.42
7581,F,Employe,0,Paris,Public,0.49293032462564224,11,75.31
7582,F,Retraite,1,Marseille,Prive,0.6659106537157872,13,43.78
7583,M,Employe,1,Paris,Public,0.6090747594524358,10,47.91
7584,F,Cadre,0,Nancy,Prive,0.3479729928081333,12,92.51
7585,F,Retraite,0,Lille,Prive,0.320667259367195,12,57.31
7586,F,Ouvrier,0,Lille,Public,0.49042523673385724,11,56.22
7587,M,Professions_intermediaires,1,Paris,Prive,0.45284807134583144,10,61.9
7588,F,Professions_intermediaires,0,Paris,Prive,0.5176425292148426,12,68.71
7589,F,Retraite,0,Nancy,Public,0.4164530622908765,11,53.35
7590,M,Cadre,0,Marseille,Public,0.5424929559666192,13,75.47
7591,F,Professions_intermediaires,0,Lyon,Prive,0.2867214316476152,10,95.12
7592,M,Retraite,0,Bordeaux,Public,0.8047060660343963,12,79.75
7593,M,Retraite,0,Marseille,Public,0.13601806332072075,11,61.58
7594,M,Agriculteur,0,Nancy,Prive,0.48379261240470595,11,59.18
7595,F,Agriculteur,0,Paris,Prive,0.45928183712710274,12,73.08
7596,M,Retraite,0,Lille,Prive,0.47290886853748004,13,78.65
7597,M,Retraite,0,Paris,Public,0.3312080611201983,11,63.53
7598,F,Agriculteur,1,Paris,Prive,0.1977878802649533,12,32.89
7599,F,Employe,0,Toulouse,Prive,0.5480700893072626,13,74.36
7600,F,Professions_intermediaires,0,Lille,Prive,0.45902237879517893,13,73.15
7601,F,Employe,0,Bordeaux,Public,0.5768980440458242,12,71.42
7602,F,Professions_intermediaires,0,Toulouse,Public,0.17000506842486046,10,59.54
7603,F,Cadre,0,Marseille,Public,0.8433152748262082,13,86.19
7604,F,Retraite,0,Lyon,Prive,0.4840296058284059,13,60.89
7605,F,Professions_intermediaires,0,Bordeaux,Prive,-0.10833287737598829,13,55.11
7606,F,Retraite,0,Nancy,Prive,0.5377557971678437,12,65.8
7607,M,Agriculteur,0,Nancy,Prive,0.40561599606996357,10,59.77
7608,F,Retraite,1,Toulouse,Prive,0.27335674042764463,12,55.24
7609,F,Employe,0,Marseille,Prive,0.7464049539558351,10,78.35
7610,F,Agriculteur,0,Lyon,Public,0.6859429219182318,13,80.41
7611,F,Employe,0,Marseille,Prive,0.5683537366117788,10,68.75
7612,F,Professions_intermediaires,0,Lyon,Public,0.5154027902385798,10,57.79
7613,F,Cadre,0,Toulouse,Prive,0.6009704984948391,12,95.28
7614,M,Employe,1,Marseille,Prive,0.18441604268878764,11,39.07
7615,M,Retraite,0,Nantes,Public,0.5383368282123671,10,68.59
7616,M,Retraite,0,Nancy,Public,0.7475184894787354,10,68.8
7617,M,Professions_intermediaires,0,Marseille,Prive,0.7080127280197325,11,58.54
7618,M,Ouvrier,0,Paris,Prive,0.2898819300524912,11,51.5
7619,F,Employe,0,Paris,Public,0.5371120565989265,12,61.88
7620,M,Employe,0,Paris,Public,0.2754413420250356,12,63.93
7621,M,Retraite,0,Marseille,Public,0.5314104019038673,11,68.82
7622,M,Cadre,0,Marseille,Prive,0.3495615412470495,13,100.0
7623,M,Ouvrier,0,Paris,Public,0.32599839836588723,13,60.37
7624,F,Professions_intermediaires,0,Bordeaux,Public,0.5716224938022695,11,152.8436418058929
7625,M,Retraite,0,Nancy,Prive,0.3548491641490823,13,57.0
7626,M,Professions_intermediaires,0,Lille,Prive,0.3410631576923787,12,75.14
7627,F,Cadre,0,Lille,Prive,0.5703273886949043,11,94.65
7628,F,Employe,0,Paris,Prive,0.20370050159843817,11,50.77
7629,M,Retraite,0,Bordeaux,Public,0.4355977193470712,10,60.36
7630,F,Ouvrier,0,Lille,Prive,0.19259226538427482,13,53.34
7631,F,Retraite,0,Nantes,Public,0.22899562719236038,12,45.0
7632,F,Employe,0,Bordeaux,Prive,0.7341411430282367,10,80.13
7633,M,Ouvrier,0,Lyon,Public,0.41672959090210365,10,60.19
7634,F,Cadre,0,Lille,Public,0.35655193143998964,10,80.58
7635,F,Ouvrier,0,Nantes,Prive,0.6701887504961104,10,67.44
7636,F,Ouvrier,0,Nancy,Public,0.8231986354687368,11,74.49
7637,F,Employe,0,Lille,Public,0.5503261749824438,13,87.01
7638,M,Agriculteur,0,Toulouse,Prive,0.7041440774289511,13,78.38
7639,M,Agriculteur,0,Nancy,Public,0.38967530870153383,11,55.27
7640,M,Employe,0,Nantes,Public,0.5108762521418229,12,92.62
7641,M,Professions_intermediaires,1,Bordeaux,Prive,0.5014654189773701,12,43.93
7642,M,Cadre,0,Nancy,Public,0.5647694241840271,12,88.93
7643,F,Cadre,0,Nantes,Prive,0.6929269607496913,12,87.88
7644,M,Cadre,1,Lille,Prive,0.2060946361485873,10,56.47
7645,F,Retraite,0,Bordeaux,Public,0.3219754029640038,12,65.0
7646,M,Professions_intermediaires,1,Lille,Public,0.40294452483027937,11,55.96
7647,M,Professions_intermediaires,0,Toulouse,Prive,0.30596829637693856,13,82.15
7648,F,Retraite,0,Nancy,Prive,0.545960736812735,13,60.59
7649,M,Professions_intermediaires,0,Bordeaux,Public,0.5434709815368218,11,78.55
7650,M,Ouvrier,0,Nancy,Public,0.5117215678570197,12,65.73
7651,F,Employe,0,Lyon,Prive,0.4194615038402644,11,87.91
7652,M,Cadre,0,Toulouse,Public,0.7695533161269075,10,94.43
7653,F,Ouvrier,0,Lyon,Prive,0.5433237524958023,10,66.975
7654,F,Agriculteur,0,Bordeaux,Public,0.4699576346364879,13,81.21
7655,F,Cadre,1,Nantes,Prive,0.513308671251662,11,61.8
7656,F,Ouvrier,0,Bordeaux,Public,0.6488663479850021,10,57.03
7657,M,Cadre,0,Nantes,Public,0.5427871934695699,10,96.88
7658,M,Agriculteur,0,Bordeaux,Prive,0.32716089678275595,12,65.39
7659,M,Retraite,0,Toulouse,Prive,0.8525681847107702,11,69.96
7660,M,Retraite,0,Paris,Public,0.5923937355994344,10,81.21
7661,M,Retraite,0,Paris,Public,0.269597304227918,11,54.32
7662,F,Professions_intermediaires,0,Lille,Prive,0.13682469618429288,13,62.83
7663,F,Retraite,0,Nantes,Prive,0.6377624300163036,11,73.0
7664,M,Retraite,0,Marseille,Public,0.7585138391686517,13,49.37
7665,M,Professions_intermediaires,0,Lille,Prive,0.5903992323531196,11,77.44
7666,F,Cadre,1,Lyon,Public,0.622536679746608,11,68.91
7667,M,Retraite,0,Nantes,Public,0.6275736426062448,12,59.12
7668,F,Cadre,0,Lyon,Prive,0.5009513125628997,13,85.37
7669,F,Ouvrier,0,Bordeaux,Prive,0.16370421185407774,13,56.44
7670,F,Ouvrier,0,Paris,Public,0.3602240292820872,13,58.04
7671,F,Professions_intermediaires,0,Bordeaux,Prive,0.6589137554450831,10,86.34
7672,F,Ouvrier,0,Toulouse,Prive,0.6172101302763892,13,66.51
7673,M,Ouvrier,0,Nancy,Prive,0.4608736099649224,10,57.61
7674,M,Employe,0,Paris,Prive,0.390370372213557,13,70.9
7675,M,Professions_intermediaires,0,Marseille,Public,0.5347722424635509,11,77.18
7676,F,Cadre,0,Lyon,Public,0.43137398602166727,12,100.0
7677,M,Professions_intermediaires,0,Nancy,Public,0.48409472013102917,11,82.86
7678,M,Professions_intermediaires,0,Paris,Prive,0.5264469859950582,10,69.82
7679,F,Retraite,0,Lille,Prive,0.34455851500508605,12,46.61
7680,F,Employe,0,Lyon,Prive,0.6600108944584349,11,65.92
7681,F,Cadre,0,Nancy,Public,0.46706036923666555,10,66.4
7682,M,Professions_intermediaires,0,Lille,Public,0.5975161773008129,11,82.13
7683,M,Employe,0,Toulouse,Prive,0.5126955193576948,10,64.66
7684,M,Employe,0,Nancy,Prive,0.8084533692842019,10,66.87
7685,M,Ouvrier,0,Lille,Public,0.6085818200873074,11,67.77
7686,M,Employe,1,Paris,Public,0.5815190239786687,11,45.47
7687,F,Employe,0,Nancy,Prive,0.5742566332761948,11,73.68
7688,M,Employe,1,Nancy,Prive,0.9167959072658065,11,53.77
7689,F,Employe,0,Bordeaux,Prive,0.4911735236045193,13,69.0
7690,M,Agriculteur,0,Nancy,Public,0.5327816048230887,12,80.33
7691,M,Agriculteur,0,Toulouse,Prive,0.520960236421391,10,76.7
7692,M,Professions_intermediaires,0,Nancy,Public,0.106802132618048,11,78.25
7693,F,Ouvrier,0,Marseille,Public,0.5186026931618417,13,65.01
7694,M,Agriculteur,0,Marseille,Public,0.7032548084922781,10,56.18
7695,M,Ouvrier,0,Lille,Prive,0.602956316160872,13,56.11
7696,M,Ouvrier,0,Bordeaux,Prive,0.802213390436008,10,52.11
7697,M,Professions_intermediaires,0,Bordeaux,Public,0.6571123863244063,11,85.72
7698,F,Cadre,0,Lyon,Public,0.6004076835608527,12,87.85
7699,F,Employe,0,Toulouse,Public,0.6777685640364168,10,83.75
7700,F,Retraite,1,Lyon,Prive,0.5729518187773964,13,56.45
7701,M,Ouvrier,0,Lille,Prive,0.44387436841371275,12,57.63
7702,F,Ouvrier,0,Lille,Public,0.4742946351451307,12,76.65
7703,M,Professions_intermediaires,0,Marseille,Prive,0.023392439297110545,11,72.15
7704,F,Cadre,0,Toulouse,Prive,0.8190130832638265,13,93.25
7705,M,Agriculteur,0,Bordeaux,Public,0.4603443816461861,11,71.04
7706,F,Ouvrier,1,Lyon,Prive,0.29130880512596286,13,49.63
7707,M,Cadre,0,Nancy,Public,0.4267359685871434,13,86.42
7708,F,Ouvrier,0,Lyon,Prive,0.8514302503037672,12,63.24
7709,F,Ouvrier,0,Nancy,Prive,0.5143690535452067,12,51.23
7710,M,Cadre,0,Bordeaux,Prive,0.551392369295665,12,82.75
7711,F,Agriculteur,0,Bordeaux,Public,0.917238627540138,13,72.55
7712,F,Ouvrier,1,Paris,Prive,0.667086431176331,12,47.01
7713,F,Retraite,0,Marseille,Prive,0.4423638081663628,13,59.6
7714,M,Professions_intermediaires,0,Marseille,Prive,0.1600332063360907,10,63.07
7715,F,Cadre,0,Bordeaux,Prive,0.627803166572733,11,99.23
7716,F,Retraite,0,Marseille,Public,0.3643547275397957,10,77.42
7717,M,Employe,0,Toulouse,Public,0.6319832030673728,10,62.91
7718,M,Employe,0,Lyon,Prive,0.4903575444509439,11,63.56
7719,F,Agriculteur,0,Marseille,Public,0.5817535798207263,13,69.23
7720,F,Ouvrier,0,Toulouse,Prive,0.6791702253145113,11,68.27
7721,F,Retraite,0,Lyon,Public,0.15414849765579158,13,60.99
7722,F,Agriculteur,0,Paris,Prive,0.5257447743502489,11,65.5
7723,M,Retraite,0,Lyon,Public,0.49636219528472697,12,68.51
7724,F,Cadre,0,Toulouse,Public,0.5575851185524169,10,82.61
7725,M,Professions_intermediaires,1,Lyon,Prive,0.6008783355632985,11,52.86
7726,M,Retraite,0,Paris,Prive,0.5304001342837337,13,56.49
7727,F,Ouvrier,0,Nantes,Public,0.3704295349937001,13,67.97
7728,F,Employe,1,Lille,Public,0.2741192970369509,11,51.71
7729,F,Cadre,0,Nancy,Prive,0.18245887099982583,12,81.63
7730,M,Professions_intermediaires,0,Nancy,Public,0.5239347468805355,12,80.49
7731,M,Agriculteur,0,Lyon,Public,0.6053427518085376,11,80.29
7732,F,Retraite,1,Paris,Public,0.43159685831503086,11,50.76
7733,F,Cadre,0,Paris,Public,0.6661481822042024,13,95.71
7734,M,Employe,0,Lyon,Prive,0.47710482384670827,11,62.64
7735,F,Employe,1,Paris,Prive,0.4828739123208195,12,34.59
7736,F,Agriculteur,0,Bordeaux,Public,0.21235441980243425,11,56.06
7737,F,Cadre,0,Nantes,Public,0.4113266930192836,12,100.0
7738,M,Professions_intermediaires,0,Bordeaux,Prive,0.6841356504141916,12,75.91
7739,M,Professions_intermediaires,0,Marseille,Prive,0.779509865998093,10,94.56
7740,F,Agriculteur,0,Marseille,Prive,0.46193900592228765,10,73.54
7741,F,Employe,0,Marseille,Prive,0.67342701624357,12,72.05
7742,F,Employe,0,Lyon,Prive,0.7828869261672444,13,66.6
7743,M,Agriculteur,1,Toulouse,Prive,0.31252411892790466,12,37.55
7744,F,Cadre,0,Nancy,Prive,0.5634902060528227,12,85.71
7745,F,Agriculteur,1,Lyon,Prive,0.5380664201647495,13,49.13
7746,F,Ouvrier,0,Marseille,Public,0.7150040446245736,12,71.15
7747,M,Employe,0,Toulouse,Public,0.3329762914486654,13,57.22
7748,F,Retraite,0,Paris,Prive,0.5631416869522086,11,61.11
7749,M,Retraite,0,Nancy,Prive,0.44833773236537316,13,70.72
7750,M,Ouvrier,0,Marseille,Public,0.5849943625272301,13,66.975
7751,M,Agriculteur,1,Bordeaux,Prive,0.7442780336838433,13,54.14
7752,F,Ouvrier,0,Nantes,Public,0.7954592548704154,11,71.99
7753,F,Ouvrier,0,Marseille,Prive,0.7460357443899799,12,65.59
7754,F,Retraite,0,Marseille,Public,0.301948077645402,13,60.56
7755,F,Ouvrier,0,Nancy,Public,0.40541241186703547,12,57.51
7756,M,Employe,0,Paris,Public,0.7012713605527652,10,68.28
7757,F,Ouvrier,0,Lyon,Public,0.6209653398904353,10,69.16
7758,F,Professions_intermediaires,1,Paris,Public,0.44745709354661467,13,59.9
7759,M,Ouvrier,0,Marseille,Public,0.3167081382446631,10,53.77
7760,F,Employe,0,Nancy,Public,-0.28135752191288077,13,46.14
7761,F,Employe,0,Lyon,Public,0.18116720948995868,12,57.19
7762,M,Professions_intermediaires,1,Nancy,Prive,0.4389061546426262,10,58.52
7763,M,Cadre,0,Bordeaux,Prive,0.4419437041186666,10,75.5
7764,M,Employe,0,Bordeaux,Public,0.5822154470651046,10,66.975
7765,F,Cadre,0,Nancy,Public,0.6203270481868043,12,90.69
7766,M,Cadre,0,Nancy,Prive,0.9518051373348255,13,93.34
7767,M,Cadre,0,Toulouse,Public,0.34603627603159065,12,79.36
7768,F,Professions_intermediaires,1,Toulouse,Prive,0.10976501675665984,12,54.41
7769,F,Employe,0,Nantes,Prive,0.31421999758974795,12,63.95
7770,M,Cadre,0,Toulouse,Prive,0.8353469999611856,10,85.48
7771,F,Agriculteur,0,Marseille,Public,0.502577444761539,13,71.09
7772,F,Employe,0,Lille,Prive,0.7024750352357836,12,67.08
7773,M,Employe,0,Lille,Prive,0.3874286268586129,13,72.49
7774,M,Ouvrier,0,Nantes,Prive,0.39971639620458216,13,58.0
7775,F,Agriculteur,0,Nantes,Prive,0.15716151468071482,13,52.7
7776,M,Agriculteur,0,Toulouse,Public,0.43385041659597806,13,67.94
7777,M,Agriculteur,0,Lille,Public,0.5021737195268015,13,60.89
7778,M,Employe,0,Bordeaux,Public,0.6735070280042307,11,80.06
7779,F,Cadre,0,Lille,Public,0.6122109382979958,11,87.08
7780,F,Employe,0,Paris,Public,0.8974189479978557,12,82.91
7781,M,Agriculteur,0,Paris,Prive,0.46923489379943245,10,61.76
7782,F,Cadre,0,Paris,Public,0.5485026488311668,12,84.83
7783,M,Cadre,1,Lille,Public,0.49687995341328184,12,67.66
7784,M,Cadre,0,Marseille,Public,0.36098033280289776,11,79.53
7785,F,Agriculteur,0,Paris,Prive,0.5819326755195613,10,63.28
7786,M,Agriculteur,0,Nantes,Public,0.4448580478521087,10,73.25
7787,M,Agriculteur,0,Nantes,Prive,0.832637698696507,12,77.86
7788,M,Cadre,0,Lille,Prive,0.3421119916116963,10,70.85
7789,M,Agriculteur,0,Nancy,Public,0.4320365442257472,13,63.24
7790,M,Retraite,0,Bordeaux,Public,0.2512498817272937,10,51.15
7791,M,Professions_intermediaires,0,Nancy,Prive,0.567675201298962,13,71.12
7792,M,Agriculteur,1,Bordeaux,Prive,0.23449603835727706,12,38.09
7793,M,Retraite,0,Nancy,Prive,0.49837811127533777,11,66.975
7794,F,Retraite,0,Paris,Public,0.26621017951575293,11,66.975
7795,F,Employe,0,Lyon,Public,0.3032760032415909,12,60.43
7796,F,Agriculteur,0,Lille,Prive,0.3470142002920721,12,66.975
7797,M,Cadre,1,Paris,Public,0.6459000707466072,13,66.975
7798,F,Ouvrier,0,Paris,Public,0.48108762708305103,13,50.82
7799,M,Cadre,0,Nantes,Public,0.4754486262765067,12,93.17
7800,F,Retraite,0,Lille,Prive,0.6124867165865503,10,88.1
7801,F,Retraite,0,Toulouse,Public,0.36798434797839374,13,60.83
7802,F,Agriculteur,0,Lyon,Prive,0.10685116141036355,11,65.45
7803,M,Retraite,0,Nancy,Prive,0.28021557337460057,13,68.3
7804,M,Professions_intermediaires,1,Paris,Public,0.4428152840822133,11,48.82
7805,M,Agriculteur,0,Marseille,Prive,0.4902095952859285,11,76.34
7806,M,Ouvrier,0,Nancy,Prive,0.6117496769570316,12,60.74
7807,F,Employe,1,Lille,Public,0.47095217791637495,12,56.48
7808,M,Employe,1,Paris,Public,0.7033845145438785,10,65.13
7809,F,Retraite,0,Nancy,Prive,0.5723054496377783,13,78.42
7810,F,Professions_intermediaires,0,Paris,Prive,0.2183761832676236,12,66.48
7811,M,Retraite,1,Toulouse,Prive,-0.009458033700385005,13,38.18
7812,M,Cadre,0,Bordeaux,Public,0.29851761807714194,12,66.975
7813,F,Cadre,0,Paris,Prive,0.527567571638259,12,75.85
7814,M,Agriculteur,0,Bordeaux,Public,0.574209159965999,12,67.64
7815,F,Professions_intermediaires,1,Lille,Prive,0.47891110917751933,12,62.4
7816,M,Cadre,0,Marseille,Public,0.5240465678711144,10,82.08
7817,M,Employe,0,Nantes,Prive,0.7641109321527091,11,85.91
7818,M,Professions_intermediaires,0,Nancy,Prive,0.5028035464857096,13,74.76
7819,M,Ouvrier,0,Lille,Public,0.5699737559216688,11,51.91
7820,M,Employe,0,Nancy,Prive,0.819300740065469,11,71.56
7821,F,Ouvrier,0,Nantes,Prive,0.13773287838035436,10,47.77
7822,M,Ouvrier,0,Lyon,Prive,0.8419372333075226,11,79.38
7823,F,Employe,0,Marseille,Prive,-0.011826341376288574,13,61.79
7824,F,Ouvrier,1,Toulouse,Public,0.33479445252729656,12,37.31
7825,M,Ouvrier,0,Lille,Public,0.38817197842071605,10,64.24
7826,M,Agriculteur,0,Bordeaux,Public,0.17334364684872272,13,53.86
7827,F,Employe,0,Lyon,Public,0.46702774308143863,12,57.56
7828,F,Professions_intermediaires,0,Lille,Public,0.48976456501610877,12,63.97
7829,M,Ouvrier,0,Nancy,Public,0.6480073681485556,13,46.8
7830,F,Retraite,0,Toulouse,Public,0.641564931417192,12,59.07
7831,F,Employe,0,Toulouse,Public,0.5347107552812974,13,74.34
7832,F,Agriculteur,0,Bordeaux,Public,0.723683343213912,12,80.99
7833,F,Professions_intermediaires,0,Lille,Public,0.6289842353876576,13,70.52
7834,M,Agriculteur,0,Nancy,Public,0.4350138599753516,12,144.68401992720484
7835,M,Professions_intermediaires,1,Nantes,Prive,0.5238151635825641,13,50.88
7836,M,Professions_intermediaires,0,Bordeaux,Prive,0.37285806771856095,12,75.7
7837,F,Agriculteur,1,Paris,Public,0.25490293692136023,11,51.61
7838,M,Agriculteur,0,Nantes,Prive,0.5855828114182481,12,72.07
7839,M,Cadre,0,Nancy,Prive,0.20022261872630603,10,68.35
7840,F,Retraite,0,Nancy,Public,0.46251029938009036,11,71.23
7841,F,Retraite,0,Nancy,Public,0.04039784328030449,12,58.94
7842,F,Agriculteur,1,Paris,Prive,0.5141958073501379,13,56.47
7843,M,Retraite,0,Lille,Public,0.3546045139262456,11,52.78
7844,M,Ouvrier,0,Lille,Prive,0.613639784087016,11,67.12
7845,F,Professions_intermediaires,0,Lille,Public,0.4555057040775743,12,82.34
7846,F,Professions_intermediaires,0,Nancy,Prive,0.4744829987757891,10,62.78
7847,F,Retraite,0,Lyon,Prive,0.5104376819171906,12,60.19
7848,M,Ouvrier,0,Nancy,Prive,0.37770892654428934,11,66.975
7849,F,Agriculteur,1,Marseille,Prive,0.38668902086455,12,39.7
7850,F,Ouvrier,0,Nancy,Prive,0.3867763244287987,12,58.08
7851,F,Cadre,0,Nantes,Public,0.47496619622548997,10,71.92
7852,M,Agriculteur,0,Lyon,Prive,0.3886094298140896,12,75.56
7853,F,Employe,0,Toulouse,Public,0.5900919510037412,11,80.62
7854,M,Retraite,0,Toulouse,Public,0.14605054076407936,12,55.04
7855,M,Retraite,0,Lille,Public,0.20017077150981138,12,51.49
7856,M,Ouvrier,0,Nancy,Public,0.8777162407828387,11,67.91
7857,F,Employe,0,Marseille,Public,0.4131713693986276,12,79.72
7858,F,Ouvrier,1,Toulouse,Prive,0.29706004924533413,10,42.66
7859,F,Agriculteur,0,Marseille,Public,0.4949008305220489,11,53.19
7860,M,Retraite,0,Lyon,Prive,0.6534196159893666,12,47.09
7861,M,Professions_intermediaires,1,Bordeaux,Public,0.6282040809360336,12,48.67
7862,M,Ouvrier,1,Nantes,Public,0.3503602370604857,10,36.32
7863,M,Employe,1,Lyon,Prive,0.3974656929894228,11,29.42
7864,M,Ouvrier,0,Toulouse,Prive,0.43325302454305104,11,56.68
7865,F,Cadre,0,Nantes,Prive,0.5622760748074701,13,71.78
7866,M,Agriculteur,0,Bordeaux,Prive,0.5090957234927089,13,68.27
7867,M,Ouvrier,0,Paris,Prive,0.316597729404175,10,57.92
7868,F,Retraite,0,Paris,Public,0.39809650779077954,11,78.6
7869,M,Employe,0,Paris,Prive,0.44693973939153886,12,64.64
7870,F,Professions_intermediaires,0,Nancy,Prive,0.7964089103693577,11,78.82
7871,F,Agriculteur,1,Lille,Prive,0.4645278867845934,12,60.72
7872,F,Professions_intermediaires,0,Paris,Prive,1.1617417468277105,10,95.94
7873,F,Cadre,1,Bordeaux,Public,0.4461566189985484,13,64.7
7874,F,Cadre,0,Bordeaux,Prive,0.16337079316643194,11,156.1642055823302
7875,F,Cadre,0,Lille,Public,0.5702434756454272,10,66.975
7876,M,Employe,0,Nancy,Prive,0.7094397766772446,11,65.02
7877,F,Employe,0,Lille,Public,0.5950185560232277,13,57.29
7878,F,Agriculteur,0,Toulouse,Public,0.5393365655574252,11,68.64
7879,M,Retraite,1,Marseille,Public,0.4240621196411883,11,39.48
7880,F,Retraite,0,Lille,Prive,0.442990824023854,10,75.1
7881,F,Employe,0,Nancy,Public,0.034511024813774493,10,59.66
7882,F,Employe,1,Marseille,Public,0.6718104860827131,13,60.52
7883,M,Ouvrier,0,Bordeaux,Public,0.4241692463417268,12,35.29
7884,F,Employe,0,Toulouse,Prive,0.7292757054343989,12,70.54
7885,M,Professions_intermediaires,0,Bordeaux,Public,0.3934780265363917,10,84.94
7886,F,Employe,0,Bordeaux,Prive,0.4893028794397896,10,58.55
7887,F,Agriculteur,0,Paris,Public,0.7498381160353019,11,72.48
7888,M,Ouvrier,0,Nancy,Prive,0.7671804121269806,13,73.43
7889,M,Cadre,0,Nantes,Prive,0.6682446825265571,12,83.16
7890,F,Employe,0,Bordeaux,Prive,0.12577192247577096,13,67.31
7891,F,Cadre,0,Bordeaux,Public,0.24459247174158838,11,74.44
7892,M,Ouvrier,0,Lille,Prive,0.6402254136241401,10,62.75
7893,F,Cadre,0,Marseille,Public,0.3603151460175468,10,88.47
7894,F,Agriculteur,0,Bordeaux,Public,0.5147503748300074,10,60.0
7895,M,Retraite,0,Paris,Prive,0.5414855966291849,12,57.59
7896,F,Employe,0,Lyon,Prive,0.5512347551404753,10,77.86
7897,M,Cadre,0,Bordeaux,Public,0.28885252930795813,13,72.26
7898,M,Agriculteur,0,Lyon,Prive,0.704571359572607,12,73.64
7899,M,Cadre,0,Nantes,Prive,0.3951097172428256,11,90.46
7900,F,Professions_intermediaires,0,Nantes,Public,0.6179724626764799,12,78.92
7901,F,Cadre,0,Lille,Public,0.45856467308022836,12,87.04
7902,F,Retraite,0,Paris,Public,0.8841709326824658,13,87.9
7903,F,Professions_intermediaires,0,Marseille,Public,0.7897004613457415,10,100.0
7904,M,Retraite,0,Nancy,Public,0.9263207896224912,12,74.6
7905,M,Agriculteur,0,Paris,Public,0.8305588253297169,11,71.46
7906,M,Cadre,0,Lille,Prive,0.473140837987353,11,90.91
7907,M,Employe,0,Lille,Prive,0.39321097461782145,12,57.66
7908,M,Ouvrier,0,Nantes,Prive,0.2729148968156167,10,66.82
7909,F,Professions_intermediaires,0,Marseille,Prive,0.5532454723123383,11,71.75
7910,F,Agriculteur,0,Paris,Prive,0.5048691891013549,12,65.8
7911,F,Cadre,0,Nantes,Prive,0.49139696037488423,10,76.08
7912,M,Ouvrier,0,Bordeaux,Public,0.3341838383920418,11,48.71
7913,F,Agriculteur,0,Lille,Public,0.5721979748854482,13,81.71
7914,M,Employe,1,Toulouse,Prive,0.42362493942842616,11,66.975
7915,F,Professions_intermediaires,0,Lyon,Prive,0.40349382981822923,11,72.9
7916,M,Ouvrier,0,Lille,Prive,0.5327775882126466,10,79.17
7917,M,Ouvrier,1,Paris,Public,0.48442596208766997,11,40.72
7918,F,Retraite,0,Nancy,Public,0.21476399095137566,13,59.07
7919,F,Agriculteur,0,Toulouse,Public,0.3424575588758807,10,56.02
7920,F,Ouvrier,0,Nancy,Public,0.6065219065472042,12,56.56
7921,F,Ouvrier,1,Toulouse,Prive,0.49045389195946865,13,32.87
7922,F,Cadre,0,Paris,Prive,0.11149087459061918,10,70.78
7923,M,Agriculteur,0,Nancy,Public,0.6397602376926251,12,66.86
7924,F,Cadre,0,Lyon,Prive,0.4901120904869311,11,82.72
7925,F,Retraite,0,Paris,Prive,0.28765307583067734,10,67.12
7926,M,Professions_intermediaires,0,Toulouse,Public,0.3662156909482343,12,70.83
7927,M,Professions_intermediaires,0,Marseille,Public,0.5330449524496046,12,90.82
7928,F,Employe,0,Bordeaux,Prive,0.05827472547590995,12,66.975
7929,M,Agriculteur,0,Marseille,Public,0.5841043391715196,10,63.49
7930,F,Retraite,0,Nancy,Prive,0.697347584961298,11,73.91
7931,F,Ouvrier,0,Toulouse,Prive,0.6781139318194889,10,66.78
7932,F,Agriculteur,0,Nantes,Public,0.7308492503265691,12,87.15
7933,F,Retraite,0,Paris,Prive,0.3440125482728249,11,69.46
7934,F,Cadre,0,Paris,Prive,0.7067944362219711,12,90.66
7935,M,Agriculteur,0,Nantes,Prive,0.5544624061337708,13,84.94
7936,F,Cadre,0,Marseille,Prive,0.3329396202853466,10,86.84
7937,F,Employe,0,Bordeaux,Prive,0.5933595276730453,10,75.96
7938,F,Agriculteur,0,Nancy,Public,0.5872828213949861,12,84.95
7939,F,Employe,0,Nantes,Prive,0.8081021454577304,13,82.99
7940,F,Agriculteur,0,Bordeaux,Prive,0.7394347419510705,10,66.975
7941,M,Employe,0,Lyon,Prive,0.3618847821578397,13,63.26
7942,M,Cadre,0,Nancy,Public,0.5681343977386171,13,67.33
7943,M,Agriculteur,0,Marseille,Prive,0.5659918452594842,10,52.84
7944,F,Cadre,0,Toulouse,Public,0.550260987224807,13,85.55
7945,M,Agriculteur,0,Nancy,Public,0.4390314071882936,12,61.66
7946,M,Ouvrier,0,Paris,Public,0.8509365390931936,10,67.89
7947,M,Ouvrier,0,Paris,Public,0.3753771209823532,10,66.41
7948,F,Ouvrier,0,Bordeaux,Prive,0.8332772315522106,11,61.88
7949,M,Employe,0,Paris,Public,0.21503877564306484,12,46.54
7950,F,Ouvrier,1,Lille,Public,0.4237161184893125,13,28.13
7951,M,Cadre,0,Bordeaux,Public,0.6529143131767903,10,78.51
7952,F,Ouvrier,1,Nantes,Public,0.28943367519963703,12,26.61
7953,M,Agriculteur,1,Toulouse,Prive,0.3530000461255616,12,45.15
7954,F,Ouvrier,1,Bordeaux,Public,0.6069920605742565,11,57.7
7955,M,Retraite,0,Lyon,Prive,0.15432344356556205,11,61.93
7956,F,Retraite,0,Bordeaux,Public,0.7209567908019027,11,76.56
7957,M,Agriculteur,0,Marseille,Prive,0.7957123604430258,11,76.48
7958,F,Agriculteur,0,Nantes,Prive,0.8042957141693436,11,65.05
7959,M,Agriculteur,0,Marseille,Public,0.5651060834430367,12,66.975
7960,M,Retraite,1,Nantes,Public,0.41444102861142823,10,39.26
7961,F,Professions_intermediaires,0,Lille,Prive,0.42751369886875645,12,80.89
7962,F,Professions_intermediaires,0,Paris,Public,0.5574710427664944,13,56.62
7963,M,Cadre,0,Paris,Public,0.525916950860747,10,83.77
7964,F,Professions_intermediaires,0,Marseille,Public,0.4239558557830323,12,72.28
7965,F,Cadre,0,Nancy,Public,0.8167908754745916,12,90.07
7966,M,Ouvrier,0,Nantes,Prive,0.45076328986252084,12,46.3
7967,F,Retraite,0,Toulouse,Public,0.787456599873915,11,73.61
7968,F,Agriculteur,0,Nantes,Public,0.5199848751960121,13,80.92
7969,F,Agriculteur,0,Bordeaux,Prive,0.5075796096156413,12,88.57
7970,F,Employe,0,Bordeaux,Prive,0.6036088844368652,11,85.62
7971,F,Agriculteur,0,Lille,Prive,0.6010121888886818,11,83.1
7972,F,Professions_intermediaires,0,Marseille,Prive,0.47108829308317623,13,90.24
7973,F,Ouvrier,0,Bordeaux,Prive,0.6129368900251521,12,80.42
7974,F,Retraite,0,Nantes,Public,0.6375110479732785,13,60.21
7975,F,Retraite,1,Lille,Public,0.8306470688402794,12,55.04
7976,F,Retraite,0,Lyon,Public,0.5142640183656416,10,54.33
7977,F,Cadre,0,Nantes,Prive,0.34383295050140633,13,86.91
7978,M,Employe,0,Lyon,Public,0.36447380818779984,13,61.8
7979,F,Ouvrier,0,Lille,Public,0.973584343087728,10,70.53
7980,M,Agriculteur,0,Nancy,Prive,0.12404544566225739,12,57.27
7981,M,Retraite,1,Lille,Prive,0.2620144398159116,13,16.3
7982,M,Ouvrier,0,Nancy,Public,0.505193190692284,11,42.93
7983,M,Agriculteur,0,Paris,Public,0.376972989648348,13,73.0
7984,F,Ouvrier,0,Marseille,Prive,0.6637720579202833,11,59.04
7985,M,Agriculteur,1,Nancy,Public,0.6462822351318717,11,60.42
7986,F,Ouvrier,1,Nancy,Prive,0.39306981007786934,10,37.7
7987,M,Retraite,0,Nancy,Public,0.8007484735210629,11,56.34
7988,F,Employe,0,Bordeaux,Public,0.27933416669830513,13,51.04
7989,F,Cadre,0,Nancy,Prive,0.3525497969399312,12,76.21
7990,F,Agriculteur,0,Lyon,Public,0.8144902835016489,11,68.07
7991,F,Retraite,0,Paris,Prive,0.23891588317041834,12,58.96
7992,F,Cadre,0,Marseille,Prive,0.5693746637954091,11,89.3
7993,M,Retraite,0,Lyon,Public,0.8136495213818247,11,73.96
7994,F,Ouvrier,0,Bordeaux,Prive,-0.019849236047937424,12,52.12
7995,M,Cadre,0,Lille,Prive,0.43246268692472506,10,90.47
7996,F,Retraite,0,Lille,Public,0.6895144227125709,12,78.69
7997,M,Employe,0,Nancy,Prive,0.4459901902247534,12,57.45
7998,F,Professions_intermediaires,1,Lille,Prive,0.5118613473514323,10,38.98
7999,F,Cadre,0,Bordeaux,Public,0.5376059431274578,12,80.22
8000,F,Cadre,0,Lyon,Prive,0.5625472624563588,10,87.63
8001,M,Agriculteur,1,Nancy,Prive,0.33882590684380215,13,39.72
8002,M,Professions_intermediaires,0,Nancy,Public,0.6532478344365522,12,83.07
8003,F,Agriculteur,0,Nancy,Prive,0.551000698525244,12,58.63
8004,F,Professions_intermediaires,0,Nantes,Prive,0.27078330222896174,11,84.68
8005,M,Retraite,0,Lille,Prive,0.40686924101596944,12,69.01
8006,M,Cadre,1,Lyon,Prive,0.21736929287156898,12,54.32
8007,F,Agriculteur,0,Paris,Prive,0.5427685533780447,11,63.57
8008,F,Professions_intermediaires,0,Bordeaux,Prive,0.5981303206392603,11,76.29
8009,F,Agriculteur,0,Paris,Prive,0.5424303407489078,11,80.76
8010,M,Retraite,1,Toulouse,Prive,0.6099655066146044,11,42.83
8011,M,Employe,0,Lille,Public,0.5266950886554745,12,62.35
8012,F,Employe,0,Bordeaux,Prive,0.6524229251580074,13,71.81
8013,F,Employe,1,Lille,Prive,0.47441910265647763,10,36.64
8014,F,Cadre,0,Paris,Prive,0.640360781324725,11,98.27
8015,M,Cadre,0,Bordeaux,Prive,0.2428252859482783,10,83.93
8016,F,Ouvrier,0,Marseille,Public,0.22054938083492603,11,63.5
8017,F,Retraite,0,Paris,Prive,0.5173229686770494,13,78.35
8018,F,Retraite,0,Marseille,Prive,0.6368925215343875,11,61.4
8019,F,Professions_intermediaires,0,Lille,Public,0.44464641669104976,10,74.42
8020,M,Employe,0,Toulouse,Public,0.6276222010041999,10,68.96
8021,F,Agriculteur,0,Lille,Prive,0.5619754253363539,10,85.12
8022,F,Employe,0,Paris,Prive,0.09023146517035552,10,163.94354573874796
8023,M,Employe,0,Bordeaux,Public,0.9646749955043561,13,61.11
8024,F,Retraite,0,Toulouse,Prive,0.24826469878002033,13,55.82
8025,F,Retraite,0,Marseille,Prive,0.31105361738940696,11,69.32
8026,M,Professions_intermediaires,0,Nancy,Prive,0.7299136069102377,10,83.86
8027,M,Employe,0,Nancy,Public,0.5039492964760935,13,66.24
8028,F,Ouvrier,0,Paris,Prive,0.3464385243474814,12,54.7
8029,F,Retraite,0,Bordeaux,Public,0.40607892307775023,13,66.5
8030,M,Employe,0,Marseille,Public,0.32391052317186586,10,68.22
8031,F,Agriculteur,1,Nantes,Prive,0.33994050977124857,10,47.93
8032,M,Cadre,0,Lyon,Prive,0.6578601233548619,10,84.33
8033,M,Cadre,0,Marseille,Public,0.4003754397786439,13,81.53
8034,F,Retraite,0,Lille,Public,0.2863122386966058,12,55.88
8035,M,Professions_intermediaires,0,Lyon,Public,0.3479979775313501,13,79.96
8036,F,Cadre,0,Lyon,Public,0.46893104597339924,12,83.63
8037,M,Cadre,1,Nancy,Prive,0.3501827852084915,11,52.29
8038,F,Employe,0,Bordeaux,Public,0.438402444833761,11,87.48
8039,F,Professions_intermediaires,0,Nancy,Prive,0.569623839033625,10,70.48
8040,M,Professions_intermediaires,0,Toulouse,Public,0.4038362838331656,10,63.85
8041,M,Ouvrier,0,Paris,Prive,0.32805557687206954,12,45.39
8042,F,Cadre,0,Marseille,Prive,0.3606382057018449,11,76.25
8043,M,Professions_intermediaires,0,Paris,Prive,0.7784272174455691,12,86.84
8044,F,Ouvrier,1,Nantes,Prive,0.9349886530710876,13,36.84
8045,F,Retraite,0,Marseille,Public,0.5092226300933307,10,67.15
8046,F,Retraite,1,Bordeaux,Public,0.6449792961835639,12,158.2824207219939
8047,F,Professions_intermediaires,0,Marseille,Prive,0.3120200703165811,13,64.06
8048,M,Ouvrier,0,Nancy,Public,0.3819677920737049,13,41.75
8049,M,Professions_intermediaires,0,Paris,Prive,0.589989992512818,10,75.58
8050,M,Retraite,0,Paris,Public,0.02727281414185273,11,38.18
8051,F,Ouvrier,0,Marseille,Public,0.654524594585784,12,62.37
8052,M,Agriculteur,1,Marseille,Public,0.38708474865987635,11,48.59
8053,F,Retraite,0,Marseille,Public,0.28442468257164066,12,40.43
8054,M,Ouvrier,1,Marseille,Prive,0.5776345627303067,12,47.95
8055,M,Employe,0,Bordeaux,Public,0.7884874258723054,10,55.55
8056,M,Agriculteur,0,Toulouse,Public,0.43739689743369525,13,82.97
8057,M,Retraite,0,Lyon,Prive,0.5584277966865377,10,63.54
8058,F,Agriculteur,0,Lille,Prive,0.59073635963174,12,63.73
8059,M,Professions_intermediaires,0,Bordeaux,Public,0.5480007147441739,13,76.9
8060,M,Professions_intermediaires,1,Toulouse,Public,0.30066102591746025,10,41.5
8061,F,Professions_intermediaires,0,Nancy,Public,0.5447041255806223,11,54.62
8062,M,Professions_intermediaires,0,Marseille,Prive,0.5368328764728014,11,85.06
8063,F,Agriculteur,1,Toulouse,Public,-0.045939443787653356,11,34.36
8064,F,Ouvrier,0,Paris,Prive,0.6715145813649328,13,66.975
8065,M,Employe,0,Nantes,Prive,0.19926857972027273,10,58.9
8066,M,Ouvrier,0,Toulouse,Public,0.5256488413437975,13,53.09
8067,F,Agriculteur,0,Bordeaux,Prive,0.8035518069383749,10,66.13
8068,M,Agriculteur,0,Paris,Prive,0.4512360081351777,13,73.49
8069,M,Ouvrier,0,Paris,Public,0.2907774461385219,13,60.01
8070,F,Ouvrier,0,Marseille,Prive,0.6118298297387201,12,163.59807409790048
8071,F,Employe,0,Paris,Public,0.7803793128684433,13,83.86
8072,F,Employe,1,Lille,Public,0.2782788806214732,10,42.95
8073,M,Professions_intermediaires,0,Paris,Public,0.028076829029610006,10,73.68
8074,F,Cadre,0,Nancy,Public,0.7365345323055028,10,100.0
8075,M,Cadre,0,Marseille,Public,0.6708366945771385,11,97.5
8076,M,Ouvrier,1,Lyon,Prive,0.5769774038278117,11,45.39
8077,M,Professions_intermediaires,1,Lyon,Public,0.14003585306868405,10,36.99
8078,F,Agriculteur,1,Marseille,Prive,0.6195352204334693,10,56.12
8079,F,Professions_intermediaires,0,Paris,Public,0.7067109974995804,13,75.78
8080,M,Agriculteur,0,Nancy,Prive,0.9312792962617695,12,83.97
8081,M,Retraite,0,Lyon,Public,0.44371005540437247,13,77.3
8082,F,Retraite,0,Paris,Public,0.5318100306186785,11,65.39
8083,M,Professions_intermediaires,0,Paris,Public,0.0694664952863604,13,54.45
8084,M,Ouvrier,0,Lille,Prive,0.693670884802343,10,70.57
8085,M,Cadre,0,Lyon,Prive,0.6888409219694224,13,88.08
8086,F,Cadre,0,Nancy,Prive,0.5807694025821973,10,100.0
8087,M,Agriculteur,1,Toulouse,Public,0.73752528906237,12,53.71
8088,M,Retraite,0,Toulouse,Prive,0.34364473176777766,13,59.93
8089,M,Professions_intermediaires,0,Nantes,Prive,0.456372226944548,10,73.9
8090,F,Cadre,0,Bordeaux,Public,0.46418379876353655,13,87.48
8091,M,Agriculteur,0,Nancy,Prive,0.7198419761297774,12,55.0
8092,F,Agriculteur,0,Lyon,Prive,0.7243302016486481,11,67.13
8093,M,Agriculteur,0,Nantes,Prive,0.5635409486442129,13,79.36
8094,F,Professions_intermediaires,0,Paris,Prive,0.5530605841410967,13,70.8
8095,F,Professions_intermediaires,0,Nancy,Prive,0.6101851521533037,13,77.66
8096,F,Cadre,1,Nancy,Prive,0.43270004849472643,13,61.96
8097,F,Cadre,1,Lille,Public,0.7723390148879798,13,65.31
8098,F,Employe,0,Lyon,Public,0.40961317858471125,13,65.06
8099,F,Employe,0,Marseille,Public,0.5859099662703736,10,61.19
8100,M,Professions_intermediaires,0,Paris,Public,0.38074471413751876,11,58.05
8101,F,Cadre,0,Lyon,Prive,0.6893658789851564,11,91.52
8102,M,Ouvrier,0,Lille,Public,0.4800804726305118,10,74.07
8103,F,Ouvrier,0,Paris,Public,0.9133129021008717,11,154.6545668925284
8104,M,Retraite,0,Nantes,Prive,0.47470889087663026,13,70.36
8105,F,Cadre,0,Lille,Public,0.6874734633590971,12,99.11
8106,M,Professions_intermediaires,0,Paris,Prive,0.37390110855630015,10,73.08
8107,F,Retraite,0,Marseille,Public,0.43855222945069144,12,64.36
8108,F,Ouvrier,0,Lille,Prive,0.49159036317888977,11,53.58
8109,M,Retraite,0,Bordeaux,Prive,0.57027590557755,10,72.64
8110,M,Agriculteur,0,Paris,Public,0.35069902817649934,10,67.21
8111,F,Professions_intermediaires,0,Nantes,Prive,0.3858404634835297,10,66.975
8112,M,Cadre,0,Nantes,Prive,0.5178561518216374,10,81.56
8113,F,Agriculteur,0,Marseille,Prive,0.57973948881828,12,61.12
8114,F,Employe,0,Toulouse,Prive,0.4927396457436771,11,73.07
8115,F,Employe,0,Marseille,Prive,0.4641158281876354,13,81.61
8116,M,Retraite,1,Nancy,Public,0.23452501825180044,11,27.99
8117,F,Employe,1,Nantes,Prive,0.6000782059288534,10,60.11
8118,F,Agriculteur,0,Bordeaux,Public,0.6685726358967828,10,84.09
8119,F,Retraite,0,Lille,Prive,0.6922389526025966,10,59.26
8120,M,Professions_intermediaires,0,Paris,Prive,0.530026706475123,12,56.05
8121,F,Employe,1,Lille,Public,0.37933318355458623,12,46.41
8122,M,Retraite,0,Lille,Prive,0.43564259074154593,13,61.02
8123,M,Agriculteur,0,Toulouse,Prive,0.5308582770392372,10,66.7
8124,M,Professions_intermediaires,0,Lyon,Public,0.4962481303614382,10,84.06
8125,M,Ouvrier,0,Lyon,Prive,0.33096442093087536,12,53.11
8126,F,Cadre,0,Lille,Prive,0.1635307352591463,12,99.87
8127,F,Cadre,0,Paris,Public,0.3888783180271925,11,69.23
8128,M,Employe,0,Paris,Public,0.44462075262076917,10,57.98
8129,F,Cadre,0,Paris,Public,0.5618303619598116,11,79.01
8130,F,Ouvrier,0,Lyon,Prive,0.41806329781378027,12,58.01
8131,F,Agriculteur,0,Nantes,Prive,0.44969998888278334,11,81.18
8132,M,Cadre,0,Paris,Prive,0.5223232100946562,10,74.44
8133,M,Agriculteur,0,Lille,Public,0.8133328455561082,10,66.76
8134,F,Cadre,0,Toulouse,Public,0.46672630676462445,13,79.06
8135,M,Agriculteur,0,Nancy,Public,0.1902649141796181,11,150.2543741406999
8136,M,Agriculteur,0,Nancy,Public,0.36309601676367487,10,66.44
8137,M,Ouvrier,0,Nantes,Public,0.8615983598824768,11,64.44
8138,M,Cadre,0,Bordeaux,Prive,0.7868253792525703,10,78.71
8139,M,Agriculteur,0,Paris,Public,0.6879204513726296,10,71.26
8140,F,Professions_intermediaires,0,Nantes,Prive,0.6403048051851716,12,91.49
8141,M,Employe,0,Paris,Prive,0.6425923252964544,12,78.38
8142,F,Agriculteur,0,Nancy,Public,0.452206288367353,12,64.34
8143,F,Employe,0,Nantes,Prive,0.6734593866394522,13,72.96
8144,M,Retraite,0,Nancy,Public,0.6812424444940619,11,72.48
8145,M,Agriculteur,1,Toulouse,Prive,0.6688932480958572,12,59.68
8146,F,Employe,0,Marseille,Prive,0.3802739637907108,10,79.68
8147,M,Employe,0,Nantes,Prive,0.43505779844621795,12,67.99
8148,F,Retraite,0,Bordeaux,Prive,0.3716474796971063,12,52.12
8149,F,Professions_intermediaires,0,Nantes,Public,0.6993876880944587,11,66.11
8150,F,Agriculteur,0,Lille,Prive,0.5606263243017942,13,76.26
8151,M,Agriculteur,0,Nancy,Prive,0.5784280434945431,13,56.7
8152,F,Ouvrier,1,Marseille,Public,0.6151124422011762,12,51.37
8153,F,Agriculteur,0,Nancy,Prive,0.2175948492558311,10,57.92
8154,M,Cadre,1,Marseille,Public,0.6763718957846928,10,56.94
8155,F,Retraite,0,Lyon,Prive,0.39182483585571737,12,67.74
8156,M,Employe,1,Marseille,Public,0.41000757762363865,13,35.81
8157,F,Ouvrier,0,Toulouse,Prive,0.33285596637093473,10,62.07
8158,F,Professions_intermediaires,0,Lyon,Public,0.5160012604301333,12,77.5
8159,M,Professions_intermediaires,0,Marseille,Prive,0.4866351954706926,12,56.59
8160,F,Professions_intermediaires,0,Nancy,Public,0.2217881509781484,12,82.12
8161,F,Employe,0,Lyon,Public,0.1421783545708536,10,72.27
8162,F,Cadre,0,Paris,Prive,0.4594984438723166,10,93.17
8163,F,Retraite,0,Nantes,Public,0.6627922005237645,11,77.84
8164,F,Agriculteur,0,Nantes,Prive,0.6434926623401862,11,66.1
8165,F,Retraite,0,Marseille,Public,0.7001261294962416,12,80.34
8166,M,Employe,0,Lyon,Public,0.460446870241789,11,72.95
8167,F,Retraite,0,Toulouse,Prive,0.42926239783647374,12,45.11
8168,F,Cadre,0,Lyon,Prive,0.4777888720433984,12,76.32
8169,F,Retraite,0,Lille,Prive,0.6608962787792139,13,62.22
8170,M,Retraite,0,Paris,Prive,0.8225196598499322,11,84.4
8171,M,Ouvrier,0,Nancy,Public,0.4079278595690715,11,49.28
8172,M,Retraite,0,Toulouse,Prive,0.4468385845541414,12,57.55
8173,F,Professions_intermediaires,0,Toulouse,Prive,0.5061816170984853,12,64.08
8174,M,Agriculteur,0,Nantes,Prive,0.4469486779275186,10,62.54
8175,F,Professions_intermediaires,0,Marseille,Prive,0.38386178604240173,11,82.25
8176,M,Employe,1,Lille,Public,0.47486871747219106,13,33.64
8177,F,Retraite,0,Lille,Public,0.3418665130824243,10,66.27
8178,F,Ouvrier,0,Toulouse,Prive,0.6451140310835966,10,56.8
8179,M,Agriculteur,1,Toulouse,Prive,0.794770064681114,12,71.44
8180,F,Employe,1,Lyon,Public,0.44320983501787664,13,48.28
8181,F,Agriculteur,0,Nantes,Public,0.8326138589569804,13,76.06
8182,F,Cadre,0,Bordeaux,Prive,0.47841307392859567,12,79.8
8183,M,Employe,0,Toulouse,Prive,0.36051500062884034,11,65.87
8184,M,Employe,1,Bordeaux,Public,0.637268031669335,13,36.78
8185,M,Employe,0,Marseille,Public,0.3151594526909084,11,63.81
8186,M,Retraite,0,Bordeaux,Prive,0.6247891746366601,11,61.46
8187,F,Agriculteur,0,Nantes,Public,0.5507843591830238,11,64.95
8188,F,Agriculteur,0,Toulouse,Public,0.41926529109225186,11,86.26
8189,F,Professions_intermediaires,0,Bordeaux,Prive,0.39812022155811644,12,85.89
8190,F,Cadre,1,Nancy,Public,0.3254450522508264,13,74.8
8191,F,Retraite,0,Paris,Public,0.7063188056630799,12,77.69
8192,F,Employe,0,Paris,Public,0.4554545883525892,13,71.19
8193,F,Retraite,0,Marseille,Prive,0.5622437593492515,11,80.08
8194,M,Cadre,0,Marseille,Prive,0.49779916932507035,12,86.9
8195,F,Cadre,0,Lyon,Prive,0.45757839051446864,12,90.13
8196,M,Cadre,0,Lille,Public,0.5652778212382787,11,97.92
8197,F,Agriculteur,0,Nancy,Prive,0.6023998762585154,13,79.1
8198,M,Agriculteur,0,Paris,Public,0.5277022809507775,12,72.6
8199,M,Agriculteur,0,Lille,Prive,0.46222106209578195,11,74.33
8200,M,Ouvrier,0,Marseille,Public,0.2826682207411322,12,56.22
8201,F,Ouvrier,0,Lille,Public,0.37929610076900927,10,63.42
8202,F,Retraite,0,Lyon,Public,0.43878288961782086,13,69.59
8203,M,Retraite,0,Paris,Prive,0.5032100429700532,10,52.96
8204,M,Ouvrier,0,Lyon,Public,0.15218116112394875,11,45.72
8205,F,Retraite,1,Toulouse,Public,0.6238929773687094,13,54.78
8206,M,Employe,0,Lille,Prive,0.564217564088678,13,69.6
8207,F,Retraite,0,Nancy,Prive,0.3836107946720263,11,62.78
8208,F,Retraite,1,Lyon,Public,0.3167439514973246,12,44.11
8209,F,Professions_intermediaires,1,Marseille,Prive,0.3626725436609416,10,34.63
8210,M,Employe,1,Toulouse,Prive,0.2352633658884618,13,39.65
8211,M,Agriculteur,0,Nancy,Prive,0.432134421996359,10,65.06
8212,F,Ouvrier,0,Nantes,Prive,0.4641013835163304,13,62.33
8213,M,Cadre,0,Paris,Prive,0.6836929446497413,12,95.74
8214,M,Professions_intermediaires,0,Paris,Public,0.5948591705052456,11,72.8
8215,F,Ouvrier,0,Bordeaux,Public,0.7494242770233842,11,79.09
8216,M,Cadre,1,Paris,Prive,0.5224436001215159,13,55.73
8217,M,Agriculteur,0,Bordeaux,Prive,0.31777732734995867,11,70.23
8218,M,Ouvrier,1,Marseille,Public,0.8481391937274276,12,66.975
8219,F,Cadre,1,Toulouse,Public,0.43628985316978364,10,74.61
8220,M,Ouvrier,0,Lyon,Prive,0.19087766580485044,12,55.19
8221,F,Professions_intermediaires,0,Nantes,Prive,0.5440570783132994,10,65.61
8222,F,Ouvrier,1,Lyon,Public,0.18202938105898414,10,35.43
8223,M,Employe,0,Paris,Prive,0.48307348826395785,12,70.23
8224,M,Professions_intermediaires,0,Nancy,Public,0.4049404697860683,13,73.94
8225,M,Employe,0,Lyon,Prive,0.6047380581006241,10,72.26
8226,M,Employe,0,Lyon,Prive,0.6907072609083247,10,69.17
8227,M,Retraite,0,Lyon,Public,0.43504627394553236,10,57.54
8228,M,Agriculteur,0,Bordeaux,Public,0.4207714414711259,10,51.46
8229,F,Ouvrier,1,Nantes,Public,0.6516295070535307,11,50.08
8230,M,Retraite,0,Lille,Prive,0.346646251752879,11,65.2
8231,F,Cadre,0,Lille,Prive,0.5128937234454879,12,100.0
8232,F,Ouvrier,0,Lyon,Public,0.6082984491596051,13,63.51
8233,M,Retraite,1,Lyon,Public,0.34188049510825136,10,43.02
8234,M,Cadre,0,Lyon,Public,0.43987128057484154,11,84.04
8235,F,Employe,0,Lyon,Public,0.5201809042194301,10,76.74
8236,M,Ouvrier,0,Paris,Public,0.7661457000466905,12,61.23
8237,M,Retraite,1,Nancy,Prive,0.25810520203730625,13,40.03
8238,F,Employe,0,Paris,Public,0.47016143730682053,13,68.09
8239,M,Professions_intermediaires,1,Paris,Public,0.7707491278497731,10,66.65
8240,F,Employe,0,Toulouse,Prive,0.6942697187875065,12,92.77
8241,M,Retraite,1,Nantes,Prive,0.4448860817717288,13,45.77
8242,M,Agriculteur,0,Toulouse,Public,0.48573669287732935,13,54.68
8243,M,Professions_intermediaires,0,Toulouse,Prive,0.591885657561939,10,65.47
8244,M,Cadre,0,Lyon,Public,0.5960255834300141,10,95.61
8245,M,Professions_intermediaires,0,Bordeaux,Prive,0.7756281585570802,11,65.09
8246,M,Cadre,1,Marseille,Public,0.7262918699926145,10,71.83
8247,F,Retraite,0,Lille,Public,0.2235419046104627,11,52.84
8248,F,Agriculteur,1,Lyon,Prive,0.18098994515247635,10,66.76
8249,F,Ouvrier,0,Nantes,Public,0.39126542095414585,13,48.2
8250,M,Agriculteur,1,Bordeaux,Public,0.1294983342123182,13,33.89
8251,M,Employe,0,Marseille,Public,0.7624875258105763,11,79.81
8252,F,Employe,1,Toulouse,Public,0.2008215866924632,12,39.83
8253,F,Cadre,0,Lille,Prive,0.44016542199409575,10,77.71
8254,M,Employe,0,Bordeaux,Prive,0.32576508838832796,11,54.48
8255,M,Retraite,0,Paris,Prive,0.18258224037510978,13,51.1
8256,F,Retraite,0,Nancy,Prive,0.7361508616754976,13,62.54
8257,M,Ouvrier,0,Bordeaux,Public,0.38465297954062244,11,57.35
8258,M,Employe,1,Toulouse,Prive,0.8814095435299016,12,66.975
8259,M,Cadre,1,Bordeaux,Public,0.7810809175742511,10,88.75
8260,M,Agriculteur,0,Bordeaux,Public,0.4993663059031284,13,86.39
8261,M,Professions_intermediaires,0,Marseille,Prive,0.08095654716048645,10,63.61
8262,M,Agriculteur,0,Paris,Public,0.4319598831610461,10,72.95
8263,M,Ouvrier,0,Paris,Public,0.9571799952828348,12,71.2
8264,M,Professions_intermediaires,0,Bordeaux,Public,0.5856390740835772,13,68.5
8265,F,Employe,0,Nantes,Public,0.4665392047335713,12,51.53
8266,F,Employe,0,Marseille,Prive,0.3777089515955889,11,49.95
8267,F,Agriculteur,0,Toulouse,Prive,0.6774386121454695,11,74.8
8268,M,Ouvrier,0,Nancy,Public,0.5739409996617367,10,49.35
8269,F,Ouvrier,0,Lille,Public,0.5567785250518202,10,55.59
8270,M,Cadre,1,Nancy,Public,0.727221133406022,10,72.32
8271,F,Agriculteur,0,Nancy,Prive,0.7164783360511505,11,53.27
8272,F,Professions_intermediaires,1,Nancy,Prive,0.5874479291184702,12,70.63
8273,F,Ouvrier,0,Lyon,Public,0.18262656651651177,10,54.99
8274,M,Agriculteur,0,Bordeaux,Public,0.3035395384144377,12,60.29
8275,F,Cadre,0,Lille,Prive,0.3766830624632649,12,77.04
8276,M,Agriculteur,0,Paris,Public,0.4925460697988854,10,66.975
8277,M,Employe,1,Paris,Public,0.7998018655177219,11,44.91
8278,M,Retraite,0,Toulouse,Prive,0.9105210815279516,11,84.92
8279,F,Employe,1,Nantes,Public,0.5783353286899372,13,66.975
8280,M,Retraite,0,Paris,Prive,0.6100406060438781,11,59.9
8281,M,Cadre,0,Bordeaux,Prive,0.1977569588797743,13,75.59
8282,F,Agriculteur,0,Lyon,Prive,0.4154444325815829,10,78.56
8283,F,Professions_intermediaires,0,Lyon,Prive,0.3893731243630755,13,76.72
8284,M,Ouvrier,0,Lyon,Public,0.37267002400225124,13,55.16
8285,M,Ouvrier,0,Nancy,Public,0.6159432962819085,12,55.85
8286,F,Cadre,0,Nancy,Public,0.4098073573986891,13,82.5
8287,F,Employe,0,Toulouse,Prive,0.12097218701367546,12,56.44
8288,F,Professions_intermediaires,0,Nancy,Public,0.6685193334727838,11,81.99
8289,M,Ouvrier,0,Nantes,Prive,0.7406987144188809,10,62.47
8290,F,Professions_intermediaires,0,Nantes,Prive,0.5576538568105123,13,68.06
8291,F,Employe,0,Bordeaux,Prive,0.46635696683865563,10,77.64
8292,F,Employe,0,Nancy,Prive,0.3201223460867886,12,69.43
8293,F,Cadre,0,Lyon,Prive,0.3325400959083915,10,72.84
8294,F,Professions_intermediaires,0,Bordeaux,Public,0.7141924805491927,10,74.91
8295,F,Cadre,0,Bordeaux,Prive,0.3503248582925639,11,88.6
8296,M,Cadre,0,Lille,Public,0.9025307698976619,13,85.31
8297,M,Cadre,0,Bordeaux,Public,0.6899231760735567,10,86.65
8298,F,Cadre,0,Lyon,Public,0.5679303910256195,10,84.38
8299,F,Cadre,0,Nancy,Prive,1.0429108376402734,10,90.93
8300,F,Retraite,1,Bordeaux,Prive,0.7551459973840575,11,41.56
8301,M,Professions_intermediaires,0,Lille,Public,0.41391485955926866,11,71.61
8302,F,Cadre,1,Marseille,Public,0.2952703958399885,13,52.62
8303,F,Agriculteur,0,Nantes,Prive,0.4152014132173166,11,62.27
8304,M,Professions_intermediaires,0,Marseille,Prive,0.4794611724827847,13,81.19
8305,F,Retraite,0,Toulouse,Public,0.3483326384937491,13,55.71
8306,F,Professions_intermediaires,0,Lille,Prive,0.27510956887526267,11,74.67
8307,F,Employe,0,Lyon,Public,0.5470862332418911,12,78.15
8308,F,Professions_intermediaires,0,Lyon,Public,0.6776419641095469,12,78.44
8309,M,Agriculteur,1,Nantes,Public,0.8715400692063868,12,60.76
8310,M,Employe,0,Lille,Prive,0.515338971018577,13,59.62
8311,F,Employe,0,Paris,Prive,0.6205001681274867,10,77.82
8312,F,Professions_intermediaires,0,Nantes,Prive,0.12976380329361414,13,73.16
8313,F,Retraite,0,Nancy,Prive,0.6717245694510919,12,82.37
8314,M,Cadre,0,Lille,Prive,0.29823212194113297,10,90.11
8315,F,Professions_intermediaires,1,Toulouse,Public,0.5609607150069086,11,59.22
8316,F,Professions_intermediaires,0,Nancy,Public,0.4913747755353085,10,100.0
8317,M,Professions_intermediaires,0,Lyon,Prive,0.45162710981415166,11,80.89
8318,F,Ouvrier,0,Nancy,Public,0.2032553886281872,10,66.43
8319,F,Cadre,0,Toulouse,Prive,0.3485990869024238,12,78.02
8320,F,Retraite,0,Toulouse,Public,0.3090941036072125,10,57.98
8321,M,Retraite,0,Marseille,Prive,0.3811821242656225,10,62.04
8322,M,Agriculteur,0,Toulouse,Public,0.7364870143869469,13,64.18
8323,M,Ouvrier,0,Lyon,Public,0.4294588902776738,11,66.975
8324,F,Cadre,0,Nantes,Public,0.3654189152533721,10,82.19
8325,M,Ouvrier,0,Toulouse,Prive,0.6299111955885105,13,72.71
8326,M,Employe,0,Toulouse,Prive,0.5653164286562917,13,78.94
8327,F,Retraite,1,Lille,Public,0.9064578946388147,11,55.53
8328,F,Cadre,0,Toulouse,Public,0.7022249930039286,11,86.59
8329,F,Employe,0,Bordeaux,Prive,0.10222334234412084,12,75.86
8330,M,Agriculteur,1,Lille,Public,0.661035195479756,10,37.86
8331,F,Agriculteur,0,Nantes,Public,0.6372304248758593,13,58.55
8332,F,Professions_intermediaires,1,Marseille,Prive,0.8318984320560113,11,67.13
8333,M,Agriculteur,0,Nancy,Prive,0.46030292824662145,11,66.5
8334,F,Agriculteur,0,Nantes,Prive,0.7192757285606612,12,71.56
8335,M,Professions_intermediaires,0,Nancy,Public,0.42907581440287634,11,55.98
8336,F,Retraite,0,Marseille,Public,0.5580862173156214,10,58.87
8337,F,Employe,1,Nancy,Prive,0.2890129577180368,11,57.16
8338,M,Cadre,0,Paris,Prive,0.2251103933847663,13,89.72
8339,M,Professions_intermediaires,0,Lille,Prive,0.6739227619296573,11,84.94
8340,F,Agriculteur,1,Nancy,Public,0.5007136421182098,10,42.17
8341,M,Cadre,0,Marseille,Prive,0.24384668381211227,10,75.37
8342,M,Cadre,0,Toulouse,Prive,0.6629026471164291,13,83.96
8343,F,Ouvrier,0,Paris,Public,-0.04712377168804427,13,43.37
8344,M,Professions_intermediaires,0,Nantes,Public,0.3380237843452043,10,65.54
8345,F,Ouvrier,0,Nancy,Public,0.16785383216915606,10,53.28
8346,M,Cadre,1,Paris,Prive,0.7398352943272993,12,56.0
8347,F,Cadre,0,Toulouse,Public,0.4132885491469669,11,94.22
8348,F,Agriculteur,1,Paris,Prive,0.5157809956243877,11,48.63
8349,M,Cadre,0,Toulouse,Public,0.5608418141518007,13,80.82
8350,M,Ouvrier,0,Nantes,Prive,0.6617173341208684,13,49.37
8351,F,Professions_intermediaires,0,Bordeaux,Public,0.6390647994200359,12,85.6
8352,M,Employe,0,Toulouse,Public,0.6602486379142045,12,61.15
8353,F,Cadre,0,Nancy,Prive,0.44689973802946187,10,88.67
8354,M,Employe,0,Nancy,Prive,0.6706227229444144,10,62.83
8355,M,Ouvrier,1,Paris,Prive,0.3689185591878683,13,38.14
8356,M,Retraite,0,Lyon,Prive,0.4196007983445526,10,50.69
8357,M,Employe,0,Nantes,Prive,0.1926445568502395,12,58.71
8358,M,Professions_intermediaires,0,Lille,Prive,0.8352774773771134,11,80.68
8359,M,Agriculteur,0,Lyon,Prive,0.3012708012196925,10,65.08
8360,M,Cadre,0,Lille,Public,0.7821641913411266,12,66.975
8361,F,Retraite,0,Paris,Prive,0.6074603406505716,10,72.51
8362,M,Cadre,1,Nancy,Prive,0.5398542068841875,13,78.94
8363,M,Retraite,0,Nantes,Prive,0.5733993034180346,10,52.74
8364,F,Cadre,1,Lyon,Prive,0.28694947910424207,10,79.63
8365,M,Ouvrier,0,Lille,Prive,0.8211117522148925,12,75.53
8366,M,Retraite,1,Lille,Prive,0.42766127985830865,11,38.43
8367,F,Retraite,1,Toulouse,Prive,0.70258062247376,11,58.86
8368,F,Retraite,0,Lille,Public,0.39134739095070786,11,79.01
8369,F,Ouvrier,1,Paris,Prive,0.21372031434170075,12,45.22
8370,M,Retraite,0,Nancy,Prive,0.8966834871901332,12,63.84
8371,M,Cadre,0,Marseille,Public,0.3793055517542445,13,81.71
8372,M,Retraite,0,Bordeaux,Public,0.5923680910614105,10,72.83
8373,M,Retraite,0,Marseille,Prive,-0.10555433894105404,11,50.39
8374,F,Employe,0,Toulouse,Public,0.485814739173648,12,72.15
8375,M,Cadre,0,Bordeaux,Public,0.620811797706954,13,91.25
8376,F,Employe,0,Lyon,Public,0.5285037254400111,12,60.25
8377,F,Employe,1,Nantes,Prive,0.48039756297287856,13,59.4
8378,F,Professions_intermediaires,0,Bordeaux,Public,0.4577925363458992,12,75.4
8379,M,Cadre,0,Marseille,Public,0.6741143747181885,12,87.43
8380,F,Professions_intermediaires,0,Bordeaux,Public,0.24126641637904528,12,61.71
8381,F,Agriculteur,0,Marseille,Public,0.4526551984719215,10,66.28
8382,F,Employe,1,Nancy,Prive,0.7869380644406159,11,63.24
8383,F,Ouvrier,0,Nancy,Prive,0.20345955520645875,13,57.13
8384,M,Agriculteur,0,Nantes,Prive,0.4787020058751196,13,73.9
8385,M,Employe,1,Marseille,Prive,0.27934104486028033,10,66.975
8386,M,Employe,0,Toulouse,Public,0.5601982791916411,11,69.12
8387,M,Professions_intermediaires,0,Toulouse,Prive,0.5066069871847182,13,59.37
8388,M,Employe,0,Nantes,Prive,0.31120201443384965,13,66.37
8389,M,Employe,0,Nantes,Prive,0.5048491933139524,12,65.35
8390,F,Employe,1,Lyon,Public,0.513149901776268,12,51.65
8391,M,Professions_intermediaires,0,Paris,Public,0.3781465767861956,13,51.96
8392,M,Retraite,0,Lille,Prive,0.4166860887223366,12,84.97
8393,M,Retraite,0,Lyon,Public,0.3703936791440008,13,61.81
8394,F,Agriculteur,0,Lyon,Prive,0.043903576951524914,13,63.62
8395,F,Retraite,0,Paris,Public,0.6853832240715045,11,73.06
8396,M,Professions_intermediaires,0,Lyon,Prive,0.7389672298801394,13,76.41
8397,M,Cadre,0,Paris,Prive,0.14995687744221847,11,80.09
8398,F,Agriculteur,0,Nancy,Prive,0.74160817029157,10,85.5
8399,M,Employe,0,Nancy,Public,0.5802966663104147,10,70.37
8400,F,Agriculteur,0,Paris,Prive,0.27956809405145655,12,72.38
8401,M,Retraite,0,Bordeaux,Prive,0.45815556902217086,13,70.0
8402,F,Cadre,1,Lyon,Public,0.358883526209572,10,68.75
8403,F,Professions_intermediaires,0,Nancy,Prive,0.6846645956188259,12,96.22
8404,M,Agriculteur,1,Bordeaux,Prive,0.31648300300663434,10,47.14
8405,M,Agriculteur,0,Toulouse,Prive,0.9245843703538292,12,76.65
8406,F,Employe,0,Marseille,Prive,0.7317098042843961,13,73.21
8407,F,Retraite,0,Lille,Prive,0.25501061221612165,12,63.79
8408,M,Professions_intermediaires,0,Nantes,Public,0.8276855164745853,13,69.04
8409,F,Ouvrier,0,Nantes,Prive,0.6459680211273497,13,77.31
8410,M,Ouvrier,1,Lyon,Public,0.46987531626816004,12,37.14
8411,M,Agriculteur,1,Marseille,Prive,0.6351477460633014,10,50.15
8412,M,Cadre,0,Toulouse,Prive,0.6849308001661583,11,76.34
8413,F,Ouvrier,0,Lyon,Prive,0.3483355593626941,10,59.15
8414,F,Professions_intermediaires,0,Toulouse,Public,0.6669925681177901,13,66.97
8415,M,Professions_intermediaires,0,Lyon,Public,0.4134553593148228,10,56.95
8416,F,Ouvrier,0,Toulouse,Prive,0.6628525738075026,13,58.51
8417,M,Cadre,0,Bordeaux,Prive,0.4727169287912672,12,66.975
8418,F,Cadre,0,Toulouse,Public,0.29853228035666235,13,73.35
8419,M,Agriculteur,0,Bordeaux,Public,0.6260436850084984,13,73.35
8420,F,Professions_intermediaires,0,Toulouse,Public,0.4242587721604523,13,84.87
8421,M,Ouvrier,0,Toulouse,Prive,0.5309085068667647,10,62.64
8422,M,Professions_intermediaires,0,Marseille,Public,0.5817721040325257,12,55.85
8423,F,Retraite,0,Paris,Public,0.7938532494326829,13,71.8
8424,F,Ouvrier,0,Paris,Prive,0.4128429812673901,10,64.81
8425,F,Retraite,1,Lyon,Prive,0.3303773949351766,11,38.44
8426,F,Ouvrier,0,Nancy,Prive,0.8291604978111047,10,71.58
8427,F,Professions_intermediaires,0,Paris,Prive,0.5006366038909214,12,77.9
8428,F,Cadre,0,Toulouse,Prive,0.3909708042728991,10,73.2
8429,M,Agriculteur,0,Lyon,Public,0.5724612768223503,10,80.43
8430,M,Retraite,0,Marseille,Public,0.4312754372328345,11,59.88
8431,F,Retraite,0,Marseille,Prive,0.44644818264695624,13,61.36
8432,F,Retraite,0,Lyon,Prive,1.0147346229670453,10,80.89
8433,F,Agriculteur,1,Nancy,Public,0.30239768677976975,13,30.71
8434,M,Employe,0,Lille,Public,0.2123866710318167,12,72.07
8435,F,Cadre,0,Bordeaux,Public,0.7451064241873162,13,82.05
8436,F,Agriculteur,0,Lyon,Public,0.4241595581669637,13,84.11
8437,F,Employe,0,Nantes,Public,0.5638196480073876,12,80.04
8438,M,Professions_intermediaires,0,Lille,Public,0.6276469465255891,13,67.71
8439,F,Professions_intermediaires,0,Nantes,Public,0.15003596255225404,12,70.8
8440,M,Retraite,0,Lyon,Public,0.7281186950251464,10,60.41
8441,F,Ouvrier,0,Lyon,Prive,0.3877272767267476,12,49.19
8442,F,Ouvrier,0,Lille,Prive,0.8797734735746578,10,47.37
8443,F,Ouvrier,1,Lille,Prive,0.34074906147562545,10,43.71
8444,F,Professions_intermediaires,0,Toulouse,Prive,0.8131444215138932,13,78.28
8445,M,Professions_intermediaires,0,Toulouse,Public,0.849344050487489,13,88.75
8446,F,Professions_intermediaires,0,Nancy,Public,0.40210071298552186,13,75.38
8447,F,Employe,0,Lille,Public,0.46193894104080163,10,56.71
8448,F,Employe,0,Marseille,Prive,0.4371903871049934,13,74.69
8449,M,Cadre,0,Bordeaux,Prive,0.8039289772329002,10,95.36
8450,F,Ouvrier,0,Lille,Public,0.5358846341532805,13,57.97
8451,M,Agriculteur,0,Marseille,Prive,0.6065476675008197,10,79.12
8452,M,Ouvrier,0,Marseille,Public,0.47129561307770657,10,56.93
8453,M,Agriculteur,0,Lyon,Public,0.5944217423069649,10,63.0
8454,M,Cadre,0,Bordeaux,Prive,0.6074334487474062,13,84.65
8455,M,Retraite,0,Marseille,Prive,0.38064183096472015,13,58.05
8456,F,Agriculteur,0,Paris,Prive,0.854494625827724,10,63.94
8457,M,Cadre,0,Nancy,Prive,0.4592592836223045,13,59.38
8458,M,Agriculteur,0,Nancy,Prive,0.7059990971099872,11,87.35
8459,F,Ouvrier,0,Paris,Public,0.24764702594411242,13,66.14
8460,F,Employe,1,Bordeaux,Public,0.6368013698904066,11,64.81
8461,M,Cadre,0,Nancy,Public,0.7129739223819299,12,96.8
8462,M,Retraite,1,Toulouse,Public,0.5531795938581692,13,41.45
8463,M,Agriculteur,0,Marseille,Public,0.7151796218234922,11,71.15
8464,F,Cadre,0,Bordeaux,Prive,0.3585439676904425,11,76.84
8465,F,Employe,0,Nantes,Public,0.5945052212900703,12,75.45
8466,M,Retraite,1,Nantes,Public,0.1958537328214907,10,41.57
8467,F,Professions_intermediaires,0,Toulouse,Public,0.5297128032721854,11,73.07
8468,M,Ouvrier,1,Nancy,Prive,0.3414199042577294,13,40.45
8469,M,Employe,0,Marseille,Prive,0.48624803463407934,12,77.14
8470,F,Retraite,0,Lyon,Public,0.7758482809936326,11,71.54
8471,M,Retraite,0,Nantes,Public,0.8475670585115316,13,61.17
8472,F,Retraite,0,Toulouse,Public,0.24352045081744877,13,63.97
8473,F,Ouvrier,1,Marseille,Public,0.7490548484963511,13,35.97
8474,F,Agriculteur,1,Bordeaux,Prive,0.7798245038724166,13,66.975
8475,M,Ouvrier,0,Bordeaux,Prive,0.5649306939137715,10,63.91
8476,M,Agriculteur,0,Marseille,Prive,0.7715900569418409,10,79.54
8477,F,Retraite,0,Lyon,Prive,0.4170045192674804,10,64.53
8478,M,Cadre,0,Bordeaux,Prive,0.39721741839909536,11,72.62
8479,M,Employe,0,Lille,Public,0.39808205571885924,11,89.82
8480,M,Agriculteur,1,Lyon,Prive,0.6427891700367228,10,46.45
8481,M,Ouvrier,0,Lyon,Public,0.4805487709917107,10,66.975
8482,M,Professions_intermediaires,1,Lille,Prive,0.3568363988373021,12,45.59
8483,M,Employe,1,Bordeaux,Prive,0.36642022487939696,12,35.6
8484,M,Cadre,0,Nancy,Prive,0.5002427557025432,12,84.47
8485,F,Agriculteur,0,Marseille,Public,0.3301602490467741,12,61.78
8486,F,Retraite,0,Toulouse,Public,0.6336738397603215,11,69.3
8487,F,Cadre,0,Lyon,Public,0.739017303579603,12,84.86
8488,M,Employe,0,Nantes,Prive,0.6947696055857451,12,72.5
8489,M,Retraite,0,Nancy,Prive,1.082220354553388,12,70.06
8490,M,Cadre,0,Nantes,Prive,0.5821658053978633,11,95.5
8491,F,Employe,1,Lille,Public,0.8390450848719494,10,58.64
8492,F,Retraite,0,Paris,Prive,0.5367610544151832,12,65.18
8493,F,Retraite,0,Nantes,Prive,0.4443156626377966,13,64.13
8494,M,Employe,1,Marseille,Public,0.5238250948790661,12,44.13
8495,F,Ouvrier,0,Marseille,Public,0.5332752019823995,12,63.31
8496,F,Ouvrier,0,Toulouse,Public,0.47527710163753734,13,74.43
8497,M,Professions_intermediaires,0,Marseille,Prive,0.28349682784613617,12,64.1
8498,F,Employe,0,Marseille,Prive,0.304112975512117,11,65.63
8499,M,Professions_intermediaires,0,Bordeaux,Public,0.7266360596569881,12,72.08
8500,M,Agriculteur,0,Marseille,Prive,0.6668259443691354,12,49.33
8501,F,Ouvrier,0,Nancy,Public,0.8557488421523802,11,66.975
8502,F,Retraite,0,Marseille,Public,0.42144759195361725,11,73.48
8503,F,Ouvrier,0,Marseille,Public,0.40279211071650844,11,63.28
8504,F,Ouvrier,0,Lyon,Public,0.270162703047961,11,77.46
8505,F,Agriculteur,1,Nantes,Prive,0.7111895161397401,12,50.91
8506,F,Professions_intermediaires,0,Paris,Prive,0.3215740661151387,10,63.51
8507,F,Retraite,0,Nancy,Public,0.49382930093478844,12,76.02
8508,M,Professions_intermediaires,0,Marseille,Prive,0.5626446785467979,11,86.59
8509,F,Cadre,0,Lille,Prive,0.18730555234069374,10,88.5
8510,M,Agriculteur,1,Paris,Prive,0.6553876440248828,11,41.69
8511,M,Agriculteur,1,Toulouse,Public,0.7020126354633567,13,46.15
8512,F,Agriculteur,0,Nancy,Prive,0.5553569515211916,13,55.93
8513,M,Cadre,0,Lille,Public,0.482640039827566,13,100.0
8514,F,Retraite,0,Lyon,Prive,0.49354504013851136,11,57.08
8515,M,Employe,0,Nantes,Prive,0.7800423277700965,12,62.3
8516,F,Cadre,0,Paris,Prive,0.5106665444666952,13,84.8
8517,M,Employe,0,Marseille,Public,0.4959640267536893,11,67.97
8518,M,Employe,0,Nantes,Prive,0.3626725755380482,10,69.97
8519,M,Employe,0,Toulouse,Public,-0.05982303170644643,12,53.51
8520,F,Professions_intermediaires,0,Nancy,Public,0.7192609625341579,12,74.21
8521,M,Agriculteur,0,Toulouse,Prive,0.49942180839297673,10,64.43
8522,M,Cadre,0,Lille,Public,0.32492460458412276,11,74.72
8523,M,Retraite,0,Paris,Prive,0.9220606347138129,13,85.83
8524,M,Cadre,0,Lille,Public,0.5878817930642082,13,85.88
8525,F,Cadre,1,Lyon,Public,0.4587974066895305,13,70.31
8526,F,Ouvrier,0,Nancy,Prive,0.7036383083316582,11,64.1
8527,M,Retraite,1,Marseille,Prive,0.5735888943439271,13,29.18
8528,M,Ouvrier,0,Nantes,Public,0.5697037424143782,11,76.32
8529,M,Ouvrier,0,Bordeaux,Prive,0.37826505171302754,11,62.55
8530,M,Retraite,0,Lyon,Prive,0.6392663980251787,10,70.55
8531,M,Professions_intermediaires,0,Lyon,Public,0.6880562680596586,12,59.05
8532,M,Ouvrier,1,Bordeaux,Public,0.3793473564028783,12,36.09
8533,F,Cadre,0,Nancy,Prive,0.12102147115880663,12,91.04
8534,F,Professions_intermediaires,0,Nancy,Prive,0.690011389832141,13,91.34
8535,F,Ouvrier,1,Marseille,Public,0.6256916099700907,10,42.31
8536,M,Agriculteur,0,Bordeaux,Public,0.6684194049847892,13,82.68
8537,M,Agriculteur,0,Lille,Public,0.5092364532152052,13,82.34
8538,M,Ouvrier,0,Paris,Public,0.6925416829673368,12,62.85
8539,F,Professions_intermediaires,1,Bordeaux,Prive,0.3694261995482887,12,64.49
8540,M,Employe,0,Lille,Public,0.46267974114362653,13,77.64
8541,M,Agriculteur,1,Lyon,Public,0.2906139142445614,10,50.94
8542,M,Cadre,0,Toulouse,Prive,0.7314957147380239,12,97.51
8543,F,Employe,0,Nancy,Public,0.4906495315331165,12,66.975
8544,F,Professions_intermediaires,0,Nantes,Public,0.5463681362938366,10,83.58
8545,F,Cadre,1,Bordeaux,Prive,0.5866596659120668,10,66.28
8546,M,Cadre,0,Lille,Public,0.4522874358074471,10,74.81
8547,M,Retraite,0,Nancy,Prive,0.6644835934257006,13,81.3
8548,M,Professions_intermediaires,0,Nantes,Prive,0.8316024104981086,12,80.23
8549,F,Cadre,0,Nancy,Public,0.6959391009010429,13,91.92
8550,F,Employe,0,Marseille,Prive,0.15534608649924075,13,62.19
8551,M,Professions_intermediaires,0,Bordeaux,Public,0.5219598479261851,13,60.47
8552,F,Ouvrier,1,Toulouse,Prive,0.5310437107433366,12,66.975
8553,M,Retraite,0,Bordeaux,Public,0.7484509561439305,10,76.43
8554,F,Ouvrier,0,Bordeaux,Prive,0.3901824512642947,10,59.21
8555,M,Agriculteur,0,Paris,Public,0.29191491082576737,10,60.25
8556,M,Cadre,1,Nancy,Prive,0.6671209363335464,11,70.68
8557,M,Agriculteur,0,Paris,Public,0.49615440462930693,10,77.58
8558,F,Cadre,0,Toulouse,Public,0.375247418212566,10,68.05
8559,M,Ouvrier,0,Bordeaux,Public,0.4479776337630307,12,57.91
8560,M,Retraite,0,Bordeaux,Public,0.2177815920389608,13,57.96
8561,M,Agriculteur,0,Paris,Prive,0.5340239778167681,11,84.67
8562,F,Ouvrier,0,Lille,Public,0.4392421713253979,10,71.02
8563,M,Ouvrier,0,Bordeaux,Prive,0.606596534530982,10,49.92
8564,F,Professions_intermediaires,0,Marseille,Public,0.4590107826094812,13,86.66
8565,F,Retraite,1,Toulouse,Public,0.5070997119438251,13,44.3
8566,M,Professions_intermediaires,0,Lyon,Prive,0.40893885451274886,11,57.51
8567,M,Ouvrier,0,Marseille,Public,0.4490757197594196,11,46.79
8568,F,Agriculteur,0,Bordeaux,Prive,0.27404799751647224,12,76.82
8569,F,Cadre,0,Lille,Prive,0.7064430601068635,11,94.13
8570,M,Professions_intermediaires,0,Nancy,Prive,0.49166358299442,12,64.97
8571,M,Cadre,1,Marseille,Prive,0.10217318992025737,12,69.49
8572,F,Ouvrier,1,Lille,Public,0.18292618606001915,13,40.91
8573,M,Ouvrier,0,Nancy,Public,0.7075093556755101,11,62.26
8574,M,Professions_intermediaires,0,Bordeaux,Prive,0.491353283025378,12,76.5
8575,M,Professions_intermediaires,0,Bordeaux,Prive,0.49601647724512427,11,66.02
8576,F,Employe,1,Toulouse,Public,0.49946101143824406,12,66.48
8577,M,Ouvrier,0,Paris,Public,0.5974746380292553,12,51.47
8578,M,Agriculteur,0,Bordeaux,Public,0.8061166034348479,11,63.14
8579,M,Ouvrier,0,Lille,Prive,0.5890239540997279,12,63.71
8580,M,Employe,0,Nantes,Public,0.5614733389689578,10,94.28
8581,F,Cadre,0,Nantes,Prive,0.3857441000799325,13,70.33
8582,F,Agriculteur,0,Marseille,Prive,0.1914735448736724,12,70.05
8583,F,Retraite,0,Lille,Public,0.594894620698239,11,68.22
8584,F,Professions_intermediaires,0,Paris,Prive,0.6110502467427248,11,81.54
8585,F,Retraite,0,Marseille,Public,0.719931830494751,13,80.62
8586,F,Professions_intermediaires,0,Bordeaux,Prive,0.8424281695002716,12,76.86
8587,M,Retraite,0,Marseille,Public,0.26802246585890543,13,56.58
8588,M,Employe,0,Paris,Prive,0.3771991232013319,13,58.09
8589,M,Ouvrier,0,Lyon,Prive,0.6336527713472406,11,75.56
8590,M,Agriculteur,0,Lille,Prive,0.500237549333565,11,79.46
8591,F,Retraite,0,Toulouse,Public,0.7886779829986147,12,61.73
8592,F,Agriculteur,0,Lyon,Public,0.4612838202606426,10,72.08
8593,F,Cadre,0,Nancy,Prive,0.900201400333386,10,100.0
8594,F,Cadre,0,Marseille,Prive,0.5111968479126545,11,71.43
8595,F,Ouvrier,0,Toulouse,Prive,0.8255338031012609,13,81.16
8596,M,Cadre,0,Lille,Public,0.01862867061997492,11,72.82
8597,M,Agriculteur,0,Nancy,Public,0.5972699811673756,12,66.06
8598,M,Ouvrier,0,Paris,Public,0.5046614650928661,10,72.67
8599,F,Cadre,1,Lille,Public,0.0812731435321648,12,66.47
8600,M,Employe,0,Paris,Prive,0.49693692835234343,11,54.61
8601,M,Cadre,1,Bordeaux,Prive,0.25244843086390134,10,66.975
8602,F,Agriculteur,0,Paris,Public,0.39606920668267187,11,73.34
8603,F,Retraite,0,Marseille,Public,0.5610368760905659,13,47.22
8604,M,Cadre,0,Lille,Prive,0.47542058703793466,10,88.51
8605,F,Agriculteur,0,Lyon,Prive,0.5712627549137146,13,67.36
8606,M,Agriculteur,0,Lille,Public,0.5314343192747994,11,78.85
8607,F,Retraite,0,Marseille,Prive,0.9708756400235394,11,68.16
8608,F,Agriculteur,0,Toulouse,Public,0.5518497670748653,10,71.74
8609,M,Professions_intermediaires,0,Lille,Prive,0.5225013050065866,10,69.68
8610,F,Agriculteur,0,Bordeaux,Public,0.5841829633111465,13,65.63
8611,F,Employe,1,Marseille,Public,0.49475142155868,11,28.69
8612,F,Agriculteur,0,Bordeaux,Prive,0.18320543749084306,12,72.12
8613,F,Agriculteur,1,Toulouse,Public,0.6383678246350495,10,62.99
8614,M,Professions_intermediaires,1,Paris,Public,0.7581425169610717,10,60.33
8615,F,Ouvrier,1,Marseille,Public,0.8110470255501289,12,148.97834285111983
8616,F,Professions_intermediaires,0,Lyon,Prive,0.6378744583545309,12,71.93
8617,M,Agriculteur,0,Toulouse,Prive,0.44622661421841525,12,76.49
8618,M,Employe,1,Lille,Public,0.552587247606161,12,50.38
8619,F,Agriculteur,0,Nancy,Prive,0.857272962403197,11,77.92
8620,M,Retraite,0,Lyon,Public,0.4552079114511297,12,66.975
8621,F,Professions_intermediaires,0,Nancy,Public,0.2612990994386337,13,58.54
8622,M,Retraite,0,Nancy,Public,0.9418695082956213,12,56.24
8623,M,Retraite,0,Toulouse,Public,0.2963774760002985,13,63.52
8624,M,Cadre,0,Lyon,Prive,0.1856361638969275,13,75.21
8625,F,Retraite,0,Bordeaux,Prive,0.5638269240764561,13,56.69
8626,F,Retraite,1,Nancy,Public,0.5817544582914179,13,48.85
8627,M,Ouvrier,0,Toulouse,Public,0.5916115706998564,12,65.29
8628,M,Retraite,0,Lyon,Public,0.6756502328130809,10,75.78
8629,F,Ouvrier,0,Paris,Prive,0.46766465558652226,12,50.86
8630,F,Cadre,0,Lyon,Public,0.4705462357205515,12,81.17
8631,F,Retraite,0,Nancy,Prive,0.3853582964226345,13,65.67
8632,M,Agriculteur,0,Paris,Prive,0.5273595887714009,11,78.58
8633,F,Employe,1,Paris,Prive,0.608385380436146,13,59.07
8634,M,Professions_intermediaires,0,Lille,Public,0.6813551119519314,10,73.55
8635,M,Employe,0,Marseille,Prive,0.32043965089613013,10,67.72
8636,M,Employe,0,Paris,Public,0.25075308249343997,13,56.83
8637,F,Retraite,0,Lille,Public,0.676997529505774,10,65.68
8638,M,Ouvrier,0,Toulouse,Prive,0.3941972946521324,13,54.87
8639,M,Retraite,0,Paris,Prive,0.30296796815398663,12,53.88
8640,F,Cadre,1,Toulouse,Prive,0.12997334959519546,12,63.97
8641,M,Ouvrier,0,Paris,Public,0.7814790470873847,13,74.57
8642,M,Agriculteur,1,Marseille,Public,0.5551328183679676,11,45.61
8643,M,Ouvrier,1,Lille,Public,0.6090980265241449,11,43.96
8644,M,Employe,0,Nantes,Public,0.5874836498528161,10,65.46
8645,F,Employe,0,Toulouse,Public,0.5425072613016684,12,61.0
8646,M,Agriculteur,0,Marseille,Public,0.4953564758676162,11,58.08
8647,M,Cadre,0,Nancy,Public,0.4859425556795026,12,99.43
8648,F,Professions_intermediaires,1,Bordeaux,Prive,0.3046184673410769,12,44.51
8649,M,Ouvrier,0,Nantes,Public,0.14692313050157135,11,57.95
8650,F,Agriculteur,0,Nancy,Prive,0.9491256934179476,11,82.89
8651,M,Agriculteur,0,Paris,Prive,0.5075955612718603,11,57.45
8652,M,Employe,0,Nantes,Public,0.41249029270979815,12,68.89
8653,F,Retraite,1,Marseille,Public,0.3398078300754491,10,44.63
8654,F,Cadre,0,Nantes,Prive,0.7099165042084266,13,89.9
8655,F,Agriculteur,0,Nantes,Prive,0.5289450819425076,11,66.21
8656,M,Employe,0,Lyon,Public,0.3273189109545386,10,63.18
8657,F,Retraite,0,Nancy,Prive,0.43928455696430985,10,68.42
8658,M,Employe,0,Nantes,Public,0.5622611265910658,13,60.62
8659,F,Professions_intermediaires,0,Marseille,Prive,0.4226739431766542,12,86.73
8660,M,Ouvrier,0,Nantes,Prive,0.6630164388360866,11,69.77
8661,M,Ouvrier,1,Nancy,Prive,0.9248183605431641,12,27.7
8662,F,Ouvrier,0,Lille,Public,0.41560770413380355,11,57.63
8663,M,Retraite,0,Lille,Public,0.4430103503514308,10,81.91
8664,M,Employe,0,Lille,Public,0.3340142461702661,10,66.57
8665,F,Retraite,0,Lyon,Prive,0.4693008852727405,10,58.3
8666,F,Professions_intermediaires,0,Bordeaux,Prive,0.10792489533032756,10,72.63
8667,M,Ouvrier,0,Nantes,Prive,0.7198678855634002,12,45.77
8668,F,Cadre,0,Toulouse,Prive,0.23316693840274005,12,82.05
8669,F,Cadre,0,Lyon,Public,0.3387386773047696,11,77.44
8670,M,Employe,0,Marseille,Public,0.5167628654200072,12,67.75
8671,M,Professions_intermediaires,0,Nancy,Prive,0.775486768012051,11,68.09
8672,F,Retraite,0,Nantes,Prive,0.32914849262502366,13,57.87
8673,F,Retraite,0,Lille,Prive,0.46266565940588705,13,41.17
8674,F,Professions_intermediaires,1,Lille,Prive,0.5587046383172684,10,51.22
8675,M,Retraite,0,Lille,Prive,0.3656845894537616,12,62.14
8676,F,Retraite,0,Paris,Prive,0.47590273732824434,12,74.99
8677,M,Ouvrier,0,Lille,Prive,0.1819006124461835,12,75.18
8678,M,Professions_intermediaires,0,Nancy,Public,0.39446185022054314,12,64.31
8679,M,Agriculteur,0,Paris,Public,0.7460910821568819,10,77.97
8680,M,Ouvrier,0,Lyon,Public,0.6631328737484578,11,60.57
8681,M,Professions_intermediaires,1,Marseille,Public,0.4112470862709433,10,49.36
8682,F,Retraite,0,Marseille,Prive,0.29738504568745605,10,61.84
8683,F,Employe,0,Paris,Public,0.45752756982796017,12,66.14
8684,F,Retraite,0,Toulouse,Prive,0.20726796435665706,12,75.87
8685,M,Retraite,0,Nancy,Prive,0.4606461891695455,11,60.45
8686,M,Professions_intermediaires,0,Marseille,Public,0.4179928021441879,13,61.9
8687,F,Professions_intermediaires,1,Bordeaux,Public,0.4106791492272262,11,55.19
8688,F,Professions_intermediaires,0,Bordeaux,Prive,0.47176886540315316,13,65.21
8689,M,Cadre,1,Toulouse,Prive,0.6073555334920452,11,63.04
8690,M,Cadre,0,Paris,Public,0.2922710349847959,13,88.97
8691,F,Professions_intermediaires,0,Marseille,Public,0.6915300091784102,13,77.48
8692,M,Cadre,0,Nancy,Prive,0.7250496259039394,10,93.63
8693,M,Agriculteur,0,Toulouse,Prive,0.9399472072174109,13,75.79
8694,M,Agriculteur,0,Nancy,Prive,0.5592659220023533,12,66.975
8695,F,Cadre,0,Nantes,Prive,0.7946069826719292,13,85.71
8696,M,Professions_intermediaires,0,Nantes,Prive,0.6952890456920183,11,85.6
8697,M,Employe,0,Nancy,Prive,0.5380877338563389,10,55.98
8698,M,Employe,0,Paris,Prive,0.2565846109111446,11,54.44
8699,F,Cadre,0,Bordeaux,Prive,0.6790502512077753,10,90.17
8700,M,Ouvrier,0,Marseille,Prive,0.547946722345931,11,68.48
8701,M,Retraite,0,Toulouse,Prive,0.8574707011634441,11,73.77
8702,F,Ouvrier,0,Bordeaux,Public,0.6480415732145857,12,69.37
8703,M,Employe,0,Nantes,Public,0.7111640507779461,10,60.68
8704,F,Employe,0,Bordeaux,Public,0.38433850869428415,13,63.11
8705,M,Employe,0,Marseille,Public,0.5489179011327847,10,70.22
8706,M,Cadre,0,Toulouse,Public,0.11527957909767239,12,76.04
8707,M,Agriculteur,0,Marseille,Public,0.6109007841967103,13,66.975
8708,F,Retraite,0,Toulouse,Prive,0.7435537884656546,12,66.975
8709,F,Employe,1,Nantes,Public,0.7783849051619638,11,53.44
8710,M,Employe,0,Lille,Prive,0.4290144925851119,11,72.16
8711,F,Cadre,0,Toulouse,Public,0.13725136225313095,12,96.42
8712,M,Employe,0,Marseille,Public,0.3924790891765293,11,54.82
8713,M,Agriculteur,0,Lille,Prive,0.48443237892211743,13,68.11
8714,M,Employe,1,Lyon,Public,0.5817619913949275,10,39.62
8715,M,Cadre,0,Toulouse,Public,0.09411229894468676,13,74.85
8716,F,Professions_intermediaires,0,Lille,Prive,0.4790897631114799,10,71.57
8717,M,Cadre,0,Lille,Public,0.2925010525403157,13,83.11
8718,F,Professions_intermediaires,1,Nantes,Prive,0.7893026162807739,11,43.97
8719,M,Agriculteur,0,Lille,Prive,0.03301499207616376,10,54.74
8720,M,Professions_intermediaires,0,Lyon,Prive,0.702538937117014,13,79.43
8721,M,Cadre,0,Paris,Public,0.46809445468691935,10,85.14
8722,F,Retraite,1,Nantes,Prive,0.09062088034019955,13,39.45
8723,M,Retraite,0,Toulouse,Prive,0.8354849657296755,12,72.8
8724,M,Retraite,0,Marseille,Public,0.7700437588549809,13,81.25
8725,M,Ouvrier,1,Toulouse,Public,0.7499990440064503,12,57.47
8726,M,Retraite,0,Nantes,Prive,0.518623750773513,11,62.53
8727,M,Retraite,0,Toulouse,Public,0.36568857032197344,11,56.36
8728,M,Agriculteur,0,Bordeaux,Public,0.513021228055808,12,70.09
8729,M,Agriculteur,0,Nancy,Prive,0.6092096731392338,11,77.67
8730,M,Cadre,0,Toulouse,Public,0.39151405997380195,13,81.99
8731,M,Agriculteur,0,Lille,Public,0.32843840929463003,12,54.43
8732,F,Professions_intermediaires,0,Lille,Public,0.5986291865114948,10,86.3
8733,F,Agriculteur,0,Toulouse,Prive,0.5390841278366163,10,73.92
8734,F,Cadre,0,Nantes,Prive,0.6851894587549827,11,100.0
8735,M,Agriculteur,0,Bordeaux,Prive,0.8046074256336773,10,67.97
8736,M,Agriculteur,0,Lyon,Public,0.6712681716225385,11,73.91
8737,F,Retraite,1,Nantes,Prive,0.2695406574276368,11,44.32
8738,F,Employe,0,Bordeaux,Public,0.4974009895123501,13,66.43
8739,M,Retraite,0,Nantes,Prive,0.5773957800861583,13,57.17
8740,F,Employe,0,Nantes,Prive,0.6618388560201518,12,74.59
8741,F,Retraite,1,Lille,Prive,0.6716196699559843,13,45.41
8742,F,Ouvrier,1,Nancy,Public,0.48839178318228077,13,41.49
8743,M,Employe,0,Paris,Public,0.40191455021004724,13,65.21
8744,F,Professions_intermediaires,0,Marseille,Prive,0.701737473414346,10,70.42
8745,F,Professions_intermediaires,0,Lyon,Public,0.5755251854931993,11,73.25
8746,M,Agriculteur,0,Lyon,Prive,0.5562980388105894,11,65.56
8747,F,Cadre,0,Nancy,Public,0.3590687432346732,11,83.0
8748,F,Ouvrier,0,Lille,Prive,0.919963336455346,12,75.01
8749,M,Professions_intermediaires,0,Nantes,Prive,0.5498084948769121,10,77.99
8750,M,Professions_intermediaires,0,Toulouse,Public,0.4826363612452215,10,81.46
8751,F,Professions_intermediaires,1,Toulouse,Prive,0.5498210453753885,10,58.01
8752,F,Cadre,0,Nancy,Public,0.4736729827688969,13,100.0
8753,F,Retraite,1,Toulouse,Public,0.2422477207558043,13,43.34
8754,M,Agriculteur,0,Nancy,Public,0.5597354473487406,12,57.31
8755,M,Employe,0,Lille,Public,0.2096798759625338,11,57.12
8756,F,Ouvrier,1,Paris,Prive,0.5206191889262934,12,70.7
8757,M,Employe,0,Marseille,Prive,0.18136085815139946,12,47.93
8758,M,Ouvrier,0,Paris,Public,0.0691376249533629,10,54.83
8759,F,Agriculteur,0,Nantes,Prive,0.6226007372211204,10,92.53
8760,F,Professions_intermediaires,0,Lyon,Prive,0.2792711449345997,13,59.61
8761,M,Cadre,0,Bordeaux,Prive,0.5868421398840566,13,100.0
8762,M,Professions_intermediaires,0,Paris,Prive,0.5338648250295135,13,89.02
8763,M,Agriculteur,0,Toulouse,Public,0.5293743312791789,11,66.27
8764,F,Agriculteur,0,Lille,Prive,0.37458736761319,13,49.94
8765,F,Cadre,0,Lille,Public,0.4737973696805128,12,90.58
8766,F,Professions_intermediaires,1,Lyon,Public,0.3687379563522427,12,52.0
8767,F,Professions_intermediaires,0,Bordeaux,Prive,0.6889638332598547,10,78.17
8768,F,Retraite,0,Lyon,Prive,0.40339703132566307,12,69.61
8769,F,Agriculteur,0,Bordeaux,Public,0.45032125713842913,10,68.71
8770,M,Employe,1,Nancy,Public,0.6489429183387341,12,36.21
8771,M,Retraite,0,Nantes,Public,0.37569504342683535,11,60.42
8772,M,Cadre,0,Lille,Prive,0.14175344591487082,10,79.58
8773,M,Agriculteur,0,Marseille,Public,0.2878095698716482,11,67.97
8774,F,Retraite,0,Paris,Public,0.7111538331332059,13,81.84
8775,M,Agriculteur,0,Marseille,Prive,0.5165202991421909,13,51.09
8776,F,Ouvrier,0,Lyon,Prive,0.5584304305326272,10,72.07
8777,M,Employe,0,Paris,Public,0.5591445006060369,12,65.05
8778,M,Agriculteur,0,Bordeaux,Public,0.8576510772401837,11,77.73
8779,F,Ouvrier,0,Lille,Prive,0.08496722176063426,11,60.37
8780,M,Ouvrier,0,Nancy,Prive,0.474438886547051,13,52.78
8781,M,Employe,0,Nancy,Public,0.5060125572774308,12,63.86
8782,F,Cadre,0,Nancy,Public,0.4959446454321123,12,90.66
8783,F,Ouvrier,0,Lille,Prive,0.6599011932863559,13,59.87
8784,M,Ouvrier,1,Paris,Public,0.6649750164524542,12,46.78
8785,F,Cadre,0,Nancy,Prive,0.4567668261286041,11,75.03
8786,M,Professions_intermediaires,0,Nantes,Public,0.16209830923414342,11,77.63
8787,F,Professions_intermediaires,0,Lyon,Public,1.001690288731346,12,93.48
8788,M,Agriculteur,1,Nancy,Public,0.4987527707670228,13,41.26
8789,F,Retraite,0,Paris,Prive,0.5174958305423376,13,75.86
8790,F,Ouvrier,0,Nantes,Public,0.75245782900434,12,71.01
8791,M,Agriculteur,0,Bordeaux,Prive,0.4213437314806644,11,57.84
8792,F,Ouvrier,0,Lille,Prive,0.7583427871746612,12,73.51
8793,M,Cadre,0,Marseille,Prive,0.43868829932169856,13,89.21
8794,F,Cadre,0,Bordeaux,Public,0.8658206187449844,10,79.43
8795,F,Agriculteur,0,Nantes,Prive,0.5910641899671935,12,49.77
8796,M,Employe,0,Paris,Prive,0.36490888490208334,11,60.52
8797,F,Retraite,0,Nantes,Prive,0.9360745298269038,12,68.58
8798,F,Cadre,0,Bordeaux,Public,0.6204793317056614,11,94.0
8799,M,Agriculteur,0,Nancy,Prive,0.3782255651674894,11,59.45
8800,M,Retraite,0,Nancy,Prive,0.21857296994064984,11,52.51
8801,M,Professions_intermediaires,0,Nantes,Prive,0.6395155995235002,13,93.51
8802,M,Ouvrier,0,Paris,Prive,0.776814549403019,11,77.56
8803,M,Agriculteur,0,Toulouse,Prive,0.57741143596029,13,56.13
8804,M,Cadre,0,Marseille,Public,0.5660129335979907,13,97.75
8805,M,Cadre,0,Nantes,Prive,0.811723008401852,12,100.0
8806,F,Cadre,0,Lyon,Prive,0.6196670091032657,11,87.05
8807,M,Employe,0,Paris,Prive,0.3684207160769609,12,60.76
8808,F,Employe,0,Lille,Prive,0.37701203970717717,10,48.96
8809,M,Retraite,0,Toulouse,Prive,0.6111145519264586,11,54.54
8810,F,Employe,1,Nantes,Prive,0.6004256823258319,13,49.9
8811,M,Cadre,0,Lyon,Public,0.71759071483245,12,84.74
8812,M,Agriculteur,0,Bordeaux,Public,0.5737243315716087,13,66.72
8813,M,Employe,0,Lille,Public,0.6359734377332522,12,73.4
8814,M,Professions_intermediaires,0,Nantes,Prive,0.5696227880937852,12,91.71
8815,F,Retraite,0,Marseille,Public,0.6928494805588352,12,64.63
8816,F,Agriculteur,0,Nancy,Prive,0.6491693609208391,12,67.68
8817,F,Ouvrier,0,Nantes,Prive,0.4483308120793055,11,59.36
8818,M,Cadre,0,Nantes,Public,0.4623259761110439,10,81.01
8819,M,Ouvrier,0,Marseille,Public,0.564781882584424,10,76.87
8820,F,Professions_intermediaires,0,Lyon,Public,0.52241415873291,12,74.42
8821,F,Employe,0,Toulouse,Prive,0.762847524778901,13,82.67
8822,F,Retraite,0,Marseille,Public,0.5423839940218476,13,89.93
8823,M,Employe,0,Bordeaux,Public,0.2153181518039325,13,76.57
8824,F,Retraite,0,Nancy,Public,0.26360462418437614,11,58.86
8825,M,Cadre,1,Toulouse,Prive,0.45217568665131797,11,66.975
8826,M,Retraite,0,Nantes,Public,0.64435792161821,13,58.77
8827,F,Employe,0,Lyon,Prive,0.3549493028211844,11,66.45
8828,F,Employe,0,Nantes,Prive,0.6302655287267283,12,57.37
8829,M,Cadre,0,Nancy,Public,0.3465917183014726,13,100.0
8830,F,Retraite,0,Lille,Prive,0.5317551006536562,10,66.975
8831,M,Agriculteur,0,Nancy,Public,0.5829061092845562,13,70.38
8832,M,Agriculteur,0,Nantes,Public,0.27134315904143036,10,66.975
8833,M,Professions_intermediaires,0,Lyon,Prive,0.5791270145590532,12,65.15
8834,M,Agriculteur,0,Lyon,Public,0.8231104007837204,10,84.33
8835,M,Professions_intermediaires,0,Nancy,Prive,0.46049023272763284,13,147.06164779302182
8836,F,Agriculteur,0,Lyon,Prive,0.5152886465233976,13,67.59
8837,F,Retraite,0,Paris,Prive,0.5506761600217971,12,70.26
8838,F,Retraite,0,Toulouse,Prive,0.5181263177200253,13,65.37
8839,M,Professions_intermediaires,0,Marseille,Prive,0.5048098352142865,12,74.21
8840,M,Cadre,0,Bordeaux,Prive,0.4893550439630319,10,77.97
8841,F,Professions_intermediaires,0,Nancy,Public,0.1865129983606552,11,69.92
8842,F,Agriculteur,0,Nancy,Prive,0.5905874944051406,11,75.51
8843,M,Retraite,0,Nantes,Public,0.28500509894182036,13,52.08
8844,F,Agriculteur,1,Paris,Prive,0.5752974710642764,13,53.98
8845,M,Retraite,0,Nantes,Public,0.6402355237754377,13,49.97
8846,M,Agriculteur,0,Toulouse,Prive,0.5813796268357336,12,81.2
8847,F,Retraite,0,Bordeaux,Prive,0.32326640408955354,10,50.83
8848,F,Agriculteur,0,Nantes,Public,0.5630815876565822,13,55.6
8849,F,Retraite,0,Marseille,Prive,0.45727043363644504,11,60.29
8850,M,Employe,0,Lyon,Prive,0.3820267191270949,10,66.71
8851,F,Retraite,0,Nantes,Public,0.9127177768976993,13,72.17
8852,F,Cadre,0,Bordeaux,Prive,0.3203621083929582,10,89.14
8853,M,Agriculteur,0,Lyon,Public,0.5989463258041106,12,68.32
8854,F,Cadre,0,Marseille,Prive,0.8051535685165354,11,90.72
8855,M,Cadre,0,Nantes,Public,0.5765577087144756,13,84.83
8856,F,Agriculteur,0,Nancy,Prive,0.3769740383067429,12,82.56
8857,F,Professions_intermediaires,0,Lille,Prive,0.3897499522131649,10,69.77
8858,F,Agriculteur,0,Bordeaux,Public,0.22060744515057662,13,86.44
8859,F,Ouvrier,0,Lyon,Prive,0.5186943180678217,10,80.27
8860,F,Retraite,1,Lyon,Public,0.5260499796131022,13,35.92
8861,M,Cadre,0,Lille,Prive,0.4498615397085327,12,91.78
8862,F,Agriculteur,0,Bordeaux,Prive,0.7847621415377317,11,70.76
8863,M,Employe,1,Nancy,Public,0.4925335533830811,11,48.72
8864,M,Professions_intermediaires,0,Bordeaux,Public,0.18999442789838317,11,53.34
8865,M,Professions_intermediaires,1,Toulouse,Prive,0.8032952439591108,13,60.48
8866,M,Ouvrier,0,Marseille,Public,0.27030860118905253,13,80.65
8867,F,Cadre,0,Nantes,Prive,0.6095116263702285,13,81.52
8868,F,Professions_intermediaires,0,Lille,Prive,0.6357384670584767,12,86.0
8869,M,Retraite,0,Lille,Prive,0.4923403039055408,13,65.8
8870,M,Retraite,0,Nantes,Public,0.6950248716749251,11,64.38
8871,F,Cadre,0,Nantes,Prive,0.5237963433202212,11,97.84
8872,M,Professions_intermediaires,0,Nancy,Prive,0.43654233970399225,11,66.975
8873,M,Employe,1,Marseille,Prive,0.09153104429670877,13,38.57
8874,M,Retraite,0,Paris,Prive,0.16214620918425737,12,59.61
8875,F,Retraite,0,Marseille,Prive,1.0592939948094835,12,89.68
8876,F,Retraite,1,Toulouse,Prive,0.655671332969119,10,46.32
8877,F,Cadre,1,Paris,Public,0.7599034275819241,11,92.47
8878,F,Cadre,0,Marseille,Prive,1.011863411543521,11,81.52
8879,F,Agriculteur,0,Lille,Prive,0.4370988131855014,12,63.61
8880,F,Agriculteur,1,Marseille,Public,0.4814524352139136,13,61.12
8881,F,Employe,0,Toulouse,Prive,0.17967646414041988,10,57.23
8882,F,Professions_intermediaires,0,Bordeaux,Prive,0.4517702563406206,12,76.88
8883,F,Professions_intermediaires,0,Lille,Prive,0.4465222951372919,12,66.54
8884,F,Cadre,0,Lille,Prive,0.4315467310210432,10,72.09
8885,F,Cadre,0,Nantes,Prive,0.7200221541617866,10,86.57
8886,M,Employe,0,Lyon,Prive,0.6528684831491072,11,78.04
8887,M,Cadre,0,Paris,Public,0.6938568925073949,12,83.71
8888,M,Employe,0,Bordeaux,Prive,0.26582835330670607,11,61.91
8889,M,Employe,0,Lille,Prive,0.5155103978882898,12,63.7
8890,F,Employe,0,Nancy,Public,0.5784580584492787,10,77.23
8891,M,Cadre,0,Lille,Prive,0.8833401513867312,11,78.88
8892,F,Professions_intermediaires,0,Bordeaux,Prive,0.5330765149124153,10,76.09
8893,M,Cadre,0,Marseille,Public,0.47698948051036405,10,81.22
8894,F,Ouvrier,0,Nantes,Public,0.7270511960276355,12,59.17
8895,F,Agriculteur,0,Nantes,Public,0.4580746499394717,10,80.4
8896,F,Cadre,0,Toulouse,Prive,0.6037377283313736,11,73.04
8897,F,Professions_intermediaires,1,Nancy,Prive,0.5978100029007235,12,61.78
8898,M,Professions_intermediaires,1,Nancy,Public,0.40570561113807246,12,56.88
8899,M,Professions_intermediaires,0,Paris,Public,0.3714490252605863,12,68.5
8900,F,Cadre,0,Marseille,Public,0.49368680668681697,12,100.0
8901,F,Agriculteur,0,Lyon,Public,0.41343658962663715,13,72.34
8902,M,Retraite,0,Marseille,Prive,0.20033640721060797,13,51.81
8903,M,Retraite,0,Nancy,Prive,0.6443019786778441,11,73.57
8904,M,Cadre,1,Nancy,Prive,0.6140698198134473,12,63.13
8905,M,Cadre,1,Nantes,Public,0.3514436930972049,10,57.95
8906,M,Ouvrier,0,Paris,Prive,0.3320412851438276,13,67.31
8907,M,Cadre,0,Nantes,Public,0.5977229393868034,12,91.9
8908,M,Retraite,1,Lyon,Public,0.8504178912410318,13,62.24
8909,F,Employe,0,Marseille,Prive,0.7041552040879873,10,51.5
8910,M,Retraite,1,Lyon,Prive,0.7401273849704445,11,53.38
8911,F,Agriculteur,1,Paris,Prive,0.43910562484737037,12,62.74
8912,F,Professions_intermediaires,1,Paris,Prive,0.5830915933514287,10,48.16
8913,M,Professions_intermediaires,0,Lyon,Public,0.4735199868404223,11,75.9
8914,F,Agriculteur,0,Toulouse,Public,0.3547851740080106,11,65.24
8915,M,Ouvrier,0,Marseille,Prive,0.5391324147981988,12,68.29
8916,M,Ouvrier,1,Paris,Public,0.32644927461518247,12,32.24
8917,F,Employe,0,Marseille,Public,0.35097234976625746,12,73.35
8918,F,Agriculteur,0,Lyon,Prive,0.41098088629895513,11,65.93
8919,M,Cadre,0,Bordeaux,Prive,0.4323035966095157,10,100.0
8920,M,Employe,0,Bordeaux,Public,0.4941046862110111,10,71.15
8921,M,Ouvrier,0,Paris,Prive,0.08674339921435059,13,72.52
8922,F,Cadre,0,Bordeaux,Prive,0.3135300244989012,10,88.25
8923,M,Cadre,0,Lille,Public,0.8141747493770022,13,88.52
8924,F,Employe,0,Lille,Prive,0.4982300232108659,11,69.86
8925,F,Ouvrier,0,Paris,Public,0.612277912738546,12,68.48
8926,F,Agriculteur,0,Lille,Prive,0.5832310181456719,10,51.7
8927,F,Agriculteur,0,Toulouse,Public,0.47834494253121607,13,78.71
8928,M,Employe,1,Nantes,Public,0.32341307042755085,13,45.66
8929,M,Cadre,1,Lyon,Prive,0.3900243052380102,13,67.52
8930,F,Employe,0,Bordeaux,Prive,0.8916816052051331,10,83.71
8931,M,Cadre,1,Nantes,Public,0.39334576386417625,13,51.03
8932,F,Ouvrier,0,Marseille,Prive,0.8443342557424554,10,66.975
8933,M,Retraite,0,Bordeaux,Public,0.41693742890087476,12,63.25
8934,F,Agriculteur,0,Lyon,Prive,0.43616329091330586,13,57.9
8935,F,Retraite,0,Bordeaux,Prive,0.5152863229129852,12,79.91
8936,M,Employe,0,Lille,Public,0.46478103683365646,13,84.08
8937,M,Retraite,0,Marseille,Public,0.3122902106687456,10,57.38
8938,M,Professions_intermediaires,0,Lille,Prive,0.49715742427976223,13,79.52
8939,M,Employe,0,Bordeaux,Prive,0.2055685102431798,12,60.96
8940,F,Employe,0,Nancy,Public,0.5728827273134948,13,67.81
8941,F,Agriculteur,0,Marseille,Public,0.5449586717557507,10,67.41
8942,M,Agriculteur,1,Nancy,Public,0.64568410229915,11,40.78
8943,M,Agriculteur,0,Lille,Prive,0.4006306266540845,13,70.0
8944,F,Employe,0,Paris,Prive,0.647659164709719,10,66.91
8945,F,Professions_intermediaires,0,Nantes,Prive,0.5861329275942976,10,151.9857511145851
8946,M,Retraite,0,Lyon,Public,0.5255038901315451,13,61.38
8947,F,Ouvrier,0,Lille,Public,0.895420633038214,13,60.42
8948,F,Employe,0,Nancy,Public,0.5941634511379421,11,65.17
8949,M,Ouvrier,0,Lille,Public,0.40722580422867,10,61.91
8950,F,Ouvrier,0,Lyon,Public,0.8072561426244186,10,65.85
8951,F,Retraite,0,Paris,Public,0.6020426841906343,13,60.11
8952,M,Employe,0,Toulouse,Prive,0.8557663571324687,13,89.97
8953,F,Employe,0,Nantes,Prive,0.1290062545618248,12,48.77
8954,M,Ouvrier,1,Nantes,Prive,0.4398794922983467,10,51.06
8955,M,Retraite,0,Nantes,Public,0.4403776067560492,11,73.48
8956,F,Cadre,0,Nantes,Prive,0.12232088337090002,10,85.8
8957,M,Agriculteur,0,Nantes,Public,0.5331787300734453,12,76.25
8958,M,Employe,0,Nantes,Public,0.42565448258638316,12,59.07
8959,F,Professions_intermediaires,0,Lyon,Public,0.10021743885162876,13,62.38
8960,M,Retraite,0,Lyon,Public,0.34674928734434807,10,78.59
8961,F,Agriculteur,0,Paris,Public,0.777277164788899,12,85.77
8962,F,Professions_intermediaires,0,Toulouse,Public,0.6817461084948941,10,84.68
8963,M,Employe,0,Marseille,Prive,0.3576551353737384,10,59.44
8964,M,Employe,0,Bordeaux,Prive,0.35182458678381967,12,56.47
8965,M,Professions_intermediaires,0,Nancy,Public,0.6721690233218053,12,68.04
8966,M,Cadre,0,Nancy,Prive,0.10688471173440983,11,69.82
8967,M,Ouvrier,0,Bordeaux,Public,0.6187170099595252,11,60.93
8968,F,Employe,0,Lille,Public,0.1336490058514493,13,62.69
8969,F,Cadre,0,Paris,Prive,0.8283993155404199,11,100.0
8970,M,Employe,0,Marseille,Public,0.6316743075093179,10,89.9
8971,M,Professions_intermediaires,1,Toulouse,Public,0.13118973415914198,10,60.2
8972,F,Employe,0,Paris,Public,0.42390214232245726,11,56.24
8973,F,Employe,0,Nantes,Public,0.5634586061523892,12,63.85
8974,M,Ouvrier,0,Toulouse,Prive,0.10262131129066954,13,43.45
8975,F,Professions_intermediaires,1,Lyon,Public,0.49129226303102724,12,66.0
8976,F,Employe,0,Nancy,Prive,0.5963204744405554,10,78.58
8977,M,Professions_intermediaires,1,Lyon,Prive,0.0862959933231508,10,41.42
8978,F,Retraite,0,Toulouse,Prive,0.6492239732163401,13,68.79
8979,M,Retraite,0,Bordeaux,Prive,0.4750535943585184,10,66.49
8980,M,Agriculteur,1,Marseille,Public,0.6833621728148904,13,58.07
8981,M,Agriculteur,0,Nantes,Public,0.4531026841671033,13,79.25
8982,M,Retraite,0,Marseille,Public,0.28858374854191376,10,62.33
8983,M,Agriculteur,0,Paris,Prive,0.2690571752017096,12,62.17
8984,M,Employe,1,Toulouse,Prive,0.43758146463775,12,50.46
8985,F,Professions_intermediaires,0,Lyon,Prive,0.4622513769345187,10,73.92
8986,M,Retraite,0,Bordeaux,Prive,0.7128117375073213,10,73.42
8987,M,Agriculteur,0,Nancy,Prive,0.4441398826207786,10,66.975
8988,F,Cadre,0,Lyon,Public,0.18793564752286573,13,90.5
8989,F,Employe,0,Marseille,Public,0.4084347188456531,10,79.12
8990,F,Ouvrier,0,Nantes,Prive,0.1951611870893965,13,54.15
8991,F,Cadre,0,Nantes,Public,0.5699878791645785,12,100.0
8992,F,Agriculteur,0,Bordeaux,Prive,0.6159741372598807,11,75.01
8993,M,Professions_intermediaires,1,Lille,Public,0.6500580646831077,11,62.22
8994,F,Ouvrier,0,Paris,Prive,0.4394975069964487,13,74.23
8995,F,Retraite,1,Bordeaux,Prive,0.36003472938292025,11,61.75
8996,F,Cadre,0,Paris,Prive,0.39785380456513464,11,94.97
8997,F,Cadre,0,Nancy,Public,0.48173390878790645,13,89.18
8998,M,Agriculteur,0,Paris,Prive,0.3981653135031122,12,63.47
8999,F,Cadre,0,Marseille,Public,0.8219222125685615,12,96.54
9000,M,Professions_intermediaires,0,Paris,Public,0.42678914472532037,10,78.89
9001,F,Retraite,0,Marseille,Public,0.4795382496486993,13,69.91
9002,F,Professions_intermediaires,0,Bordeaux,Public,0.3497214191511574,10,71.24
9003,M,Professions_intermediaires,0,Nantes,Public,0.3542375651803281,13,65.07
9004,F,Cadre,0,Lille,Public,0.24539196878796704,11,82.79
9005,M,Retraite,0,Lille,Public,0.2942970648602825,10,54.55
9006,M,Ouvrier,0,Lyon,Public,0.8744330481767559,11,54.05
9007,M,Employe,0,Lille,Public,0.6087720035183193,11,62.28
9008,F,Retraite,1,Marseille,Prive,0.4322235520179547,10,40.79
9009,F,Cadre,0,Lille,Public,0.3686875855764259,13,76.3
9010,F,Employe,0,Nantes,Prive,0.7470608371856251,12,76.62
9011,F,Cadre,1,Lille,Prive,0.3328655321485252,10,51.13
9012,F,Employe,0,Nancy,Public,0.15935784277633147,13,51.26
9013,M,Professions_intermediaires,1,Nantes,Public,0.5950394650607402,11,67.99
9014,F,Employe,0,Toulouse,Prive,0.314653137944518,13,73.37
9015,M,Cadre,0,Paris,Public,0.24330414380565962,10,81.63
9016,F,Retraite,1,Toulouse,Prive,0.28151705089766954,11,53.8
9017,F,Ouvrier,0,Lyon,Prive,0.5830023591671862,12,57.39
9018,M,Agriculteur,0,Paris,Public,0.479152000049468,11,74.64
9019,F,Ouvrier,0,Lyon,Prive,0.30310763230027893,10,55.87
9020,F,Cadre,0,Lyon,Public,0.5939075071753523,13,100.0
9021,M,Agriculteur,1,Nantes,Public,0.3344938309563377,12,46.82
9022,M,Retraite,0,Lille,Public,0.17287132114635395,12,49.24
9023,M,Employe,0,Nantes,Public,0.23842989746902515,10,73.87
9024,M,Ouvrier,0,Bordeaux,Prive,0.5043999819785844,11,56.87
9025,M,Agriculteur,0,Lille,Public,0.34328605344878504,13,54.29
9026,M,Retraite,0,Marseille,Prive,0.5210524097269155,11,78.5
9027,M,Professions_intermediaires,0,Lille,Public,0.7224787530112214,10,84.96
9028,F,Ouvrier,0,Lille,Prive,0.3739989424871374,13,51.26
9029,M,Professions_intermediaires,0,Lyon,Prive,1.0332619170041748,11,85.11
9030,F,Cadre,0,Toulouse,Prive,0.5552444715812292,11,85.83
9031,F,Cadre,0,Marseille,Prive,0.4647415717247899,10,76.98
9032,F,Ouvrier,0,Lyon,Prive,0.2330595702033585,11,48.21
9033,M,Employe,0,Lyon,Prive,0.4302952962103299,13,64.87
9034,F,Retraite,0,Lille,Prive,0.4502923858546073,13,73.55
9035,M,Ouvrier,0,Lyon,Public,0.6519478551997017,13,71.15
9036,F,Retraite,0,Bordeaux,Public,0.38084612129224393,12,58.23
9037,M,Professions_intermediaires,0,Nantes,Public,0.5864759756970233,12,83.69
9038,M,Professions_intermediaires,0,Nantes,Public,0.5084043023501696,13,87.89
9039,M,Retraite,1,Toulouse,Public,0.694953656261067,10,40.86
9040,F,Employe,0,Paris,Public,0.7107238616297775,11,80.04
9041,M,Retraite,0,Toulouse,Prive,0.5667182286055442,10,65.89
9042,F,Employe,0,Marseille,Prive,0.6529971641088114,13,151.63392555362609
9043,M,Cadre,0,Nantes,Prive,0.7247129466146932,12,89.38
9044,F,Cadre,0,Lille,Public,0.6074662395727253,13,95.46
9045,M,Professions_intermediaires,1,Lyon,Public,0.5555571887520864,12,44.16
9046,M,Employe,0,Lyon,Public,0.5818424900747714,12,69.1
9047,M,Agriculteur,1,Nantes,Prive,0.8223341888851047,12,52.09
9048,M,Ouvrier,0,Nantes,Prive,0.5225248034992455,13,60.98
9049,F,Professions_intermediaires,0,Lille,Public,0.645789663789477,13,77.33
9050,M,Professions_intermediaires,0,Nantes,Public,0.36474147024982523,11,64.55
9051,F,Professions_intermediaires,0,Toulouse,Public,0.8001812400220233,12,99.36
9052,M,Professions_intermediaires,1,Toulouse,Prive,0.5899049316663288,12,32.71
9053,F,Agriculteur,0,Paris,Prive,0.43093064608948684,10,73.4
9054,M,Retraite,0,Lille,Public,0.485982643689615,12,69.19
9055,M,Employe,1,Lille,Public,0.45632171459184506,11,47.03
9056,M,Cadre,0,Lille,Public,0.5009944868385873,13,86.81
9057,M,Professions_intermediaires,0,Nancy,Prive,0.5419528429363243,13,80.94
9058,F,Cadre,0,Nantes,Public,0.4606457732114385,12,80.19
9059,M,Retraite,0,Paris,Prive,0.18239302491077458,10,54.01
9060,M,Professions_intermediaires,1,Toulouse,Prive,0.8548826563271112,13,59.26
9061,M,Professions_intermediaires,0,Paris,Prive,0.5532591827863701,11,79.77
9062,M,Employe,0,Nancy,Public,0.5542459003485677,11,73.12
9063,M,Cadre,0,Paris,Prive,0.49039485107331116,12,74.65
9064,F,Professions_intermediaires,0,Marseille,Public,0.6816096439776435,12,79.27
9065,M,Cadre,0,Toulouse,Prive,0.5096424813631575,13,79.04
9066,M,Agriculteur,0,Lyon,Prive,0.43781254669613995,11,58.56
9067,M,Ouvrier,0,Paris,Prive,0.45059884292051006,12,55.03
9068,F,Ouvrier,0,Lille,Public,0.7502621338665549,13,57.32
9069,M,Cadre,0,Marseille,Public,0.5404776571216979,12,69.04
9070,M,Employe,0,Lille,Public,0.4929748066888698,12,67.99
9071,F,Agriculteur,0,Marseille,Prive,0.4129096822556271,13,76.44
9072,F,Retraite,0,Paris,Prive,0.4358949249381148,13,61.7
9073,F,Cadre,0,Paris,Public,0.7161273059162803,12,98.94
9074,M,Professions_intermediaires,0,Bordeaux,Prive,0.31673378664630797,13,77.29
9075,F,Employe,0,Paris,Public,0.6339394670623741,11,64.0
9076,M,Professions_intermediaires,0,Lille,Prive,0.6413235881736041,12,70.06
9077,M,Agriculteur,0,Marseille,Prive,0.5431258724677457,10,56.42
9078,F,Agriculteur,0,Nancy,Public,0.4620218133124056,10,71.16
9079,F,Retraite,0,Toulouse,Public,0.20359457183397928,11,63.93
9080,F,Professions_intermediaires,0,Paris,Prive,0.632828169865591,12,78.72
9081,M,Cadre,0,Bordeaux,Prive,0.1809884302490381,11,70.35
9082,F,Ouvrier,1,Paris,Prive,0.5333668165531764,12,41.83
9083,F,Agriculteur,0,Nantes,Public,0.5104182447112136,11,76.28
9084,F,Agriculteur,0,Nancy,Public,0.6536056657385504,10,78.5
9085,F,Professions_intermediaires,0,Marseille,Prive,0.32085710226772085,12,76.48
9086,M,Retraite,0,Lille,Public,0.31096884770842737,10,62.95
9087,M,Employe,0,Lyon,Public,0.606917416067596,11,79.93
9088,F,Ouvrier,0,Marseille,Prive,0.4658387792917366,13,52.21
9089,F,Professions_intermediaires,0,Bordeaux,Public,0.09657779283241447,10,61.43
9090,F,Ouvrier,0,Marseille,Prive,0.4987590921176658,11,53.3
9091,M,Ouvrier,0,Toulouse,Public,0.8615495496727779,12,64.54
9092,F,Agriculteur,1,Nantes,Prive,0.6097237853316023,13,65.32
9093,M,Cadre,0,Lille,Public,0.262881343399868,11,72.17
9094,M,Professions_intermediaires,0,Nantes,Public,0.5939358883486145,11,69.61
9095,F,Agriculteur,0,Paris,Prive,0.6965592131430742,10,58.7
9096,F,Cadre,1,Lille,Prive,0.15499477411592805,13,63.83
9097,F,Professions_intermediaires,1,Toulouse,Public,0.4425104649850748,10,54.09
9098,M,Professions_intermediaires,0,Nantes,Public,0.7599080963390665,12,92.37
9099,F,Professions_intermediaires,0,Marseille,Public,0.19515802219073392,13,81.5
9100,F,Agriculteur,1,Nancy,Public,0.44401153071934607,12,38.34
9101,F,Cadre,0,Lille,Prive,0.45696587910864195,12,84.02
9102,F,Professions_intermediaires,0,Lille,Prive,0.41689261868533006,12,85.18
9103,F,Professions_intermediaires,0,Bordeaux,Public,0.7751701027636204,11,75.02
9104,M,Ouvrier,0,Nancy,Prive,0.7444568674686739,12,74.3
9105,F,Employe,0,Paris,Public,0.43950757831858733,13,44.86
9106,F,Ouvrier,0,Nancy,Prive,0.296576608325251,12,56.56
9107,F,Employe,0,Toulouse,Prive,0.7545918545614361,10,68.53
9108,M,Cadre,0,Paris,Prive,0.6549836270212732,10,97.05
9109,F,Retraite,0,Lille,Public,0.4966386784865014,12,62.08
9110,F,Retraite,0,Toulouse,Prive,0.6309810535918775,11,75.82
9111,F,Agriculteur,0,Nantes,Prive,0.6295055751136132,11,77.13
9112,M,Professions_intermediaires,0,Paris,Public,0.3250903338620819,13,63.43
9113,M,Employe,1,Lyon,Prive,0.3812028272741901,10,52.45
9114,M,Cadre,0,Lille,Prive,0.5011273695769065,13,88.99
9115,M,Agriculteur,0,Lille,Public,0.11333002125217623,12,45.98
9116,M,Retraite,0,Paris,Public,0.4314652208450508,13,67.27
9117,F,Retraite,0,Lille,Public,0.3415308898957371,11,57.84
9118,F,Cadre,0,Marseille,Public,0.5342801239766602,13,90.52
9119,F,Cadre,0,Lyon,Public,0.2747689374220392,10,82.9
9120,M,Professions_intermediaires,1,Lille,Public,0.5858798143824905,13,65.07
9121,M,Ouvrier,0,Nancy,Public,0.5445058896385992,10,69.6
9122,M,Ouvrier,0,Nantes,Prive,0.47963191808624583,13,52.58
9123,M,Ouvrier,0,Lyon,Public,0.593838818143044,12,57.5
9124,F,Agriculteur,1,Nantes,Public,0.6184698559674073,13,49.91
9125,F,Employe,1,Marseille,Prive,0.452418455560561,13,57.13
9126,F,Agriculteur,0,Bordeaux,Prive,0.5070808568991803,10,66.1
9127,M,Cadre,0,Bordeaux,Prive,0.3642669930415899,11,153.4423242612471
9128,M,Agriculteur,0,Paris,Prive,0.36193428174633513,12,73.18
9129,F,Ouvrier,0,Nantes,Public,0.8161084333118652,10,68.95
9130,F,Employe,0,Marseille,Public,0.4595460045558709,10,83.26
9131,M,Employe,1,Marseille,Prive,0.4976547657343166,12,42.12
9132,M,Cadre,0,Nantes,Prive,0.4845583604526555,10,88.56
9133,M,Professions_intermediaires,1,Lille,Prive,0.5743038067093085,11,59.24
9134,M,Employe,0,Lille,Prive,0.39120644048739933,12,65.79
9135,F,Agriculteur,1,Toulouse,Prive,0.41044294686538874,13,28.36
9136,F,Retraite,0,Marseille,Public,0.6874000643030032,13,148.11581126657708
9137,M,Ouvrier,0,Nantes,Public,0.2025367610117122,10,37.8
9138,M,Ouvrier,0,Marseille,Public,0.5373825209658889,10,56.38
9139,M,Retraite,0,Bordeaux,Public,0.33581503354077524,10,59.73
9140,M,Professions_intermediaires,1,Lyon,Prive,0.09819495351042357,13,65.9
9141,M,Retraite,0,Lyon,Prive,0.48376263623663834,10,70.45
9142,F,Agriculteur,1,Nancy,Public,0.26911053695509585,11,35.16
9143,F,Agriculteur,1,Nantes,Prive,0.2333316262343108,10,45.44
9144,M,Ouvrier,0,Marseille,Public,1.019158015827975,13,75.22
9145,M,Professions_intermediaires,0,Bordeaux,Prive,0.6084165726807336,13,77.29
9146,F,Cadre,0,Paris,Prive,0.6133241960095787,12,88.16
9147,M,Retraite,0,Bordeaux,Public,0.48934941649051683,13,58.78
9148,F,Ouvrier,0,Toulouse,Public,0.2611710107294064,12,59.49
9149,F,Ouvrier,0,Paris,Prive,0.46690047359043496,12,63.12
9150,M,Professions_intermediaires,0,Nancy,Public,0.428956817663096,11,78.55
9151,M,Retraite,0,Lyon,Public,0.11514525106500884,13,63.09
9152,F,Retraite,0,Bordeaux,Public,0.8582589098088703,11,80.64
9153,F,Professions_intermediaires,1,Paris,Public,0.4821163103713822,10,56.07
9154,M,Cadre,1,Marseille,Public,0.3334407660385134,12,58.88
9155,M,Employe,0,Lyon,Prive,0.524631235790509,10,74.22
9156,F,Retraite,0,Marseille,Public,0.22427490624570662,12,52.04
9157,M,Employe,0,Paris,Public,0.3124280266162591,12,40.62
9158,F,Ouvrier,0,Marseille,Public,0.8072931244298605,11,52.62
9159,M,Professions_intermediaires,0,Paris,Prive,0.3960546233993068,10,54.84
9160,F,Cadre,0,Nancy,Prive,0.49636891536513245,11,90.48
9161,M,Cadre,0,Toulouse,Prive,0.5207003948997986,12,85.65
9162,M,Retraite,0,Marseille,Prive,0.46518287112108014,12,66.975
9163,M,Employe,0,Nancy,Public,0.39226540758060097,10,69.29
9164,M,Retraite,0,Lille,Prive,0.9538194560843514,10,83.32
9165,M,Employe,0,Nancy,Prive,0.35179605067424935,13,73.91
9166,M,Employe,0,Marseille,Prive,0.32122080987186064,10,71.57
9167,M,Ouvrier,1,Toulouse,Public,0.5981274566751053,13,50.86
9168,M,Agriculteur,0,Nantes,Public,0.2430196289289846,10,77.09
9169,M,Retraite,0,Paris,Prive,0.7042454459324083,11,87.23
9170,M,Retraite,0,Marseille,Prive,0.4597834795563913,13,63.79
9171,M,Employe,0,Toulouse,Public,0.5258056146131266,10,81.4
9172,M,Agriculteur,0,Bordeaux,Prive,0.5591053251423364,13,64.05
9173,F,Ouvrier,0,Nancy,Public,0.432089843500794,10,55.25
9174,M,Professions_intermediaires,0,Bordeaux,Prive,0.6831385128933473,10,92.95
9175,F,Agriculteur,0,Lille,Public,0.6299501006504802,11,73.28
9176,M,Ouvrier,0,Lyon,Prive,0.6032887848993918,12,47.28
9177,F,Ouvrier,0,Toulouse,Public,0.19713875158122018,12,44.05
9178,M,Ouvrier,0,Toulouse,Prive,0.4302695801735487,11,51.51
9179,F,Agriculteur,1,Paris,Prive,0.4777409956922207,12,38.44
9180,M,Professions_intermediaires,0,Lyon,Prive,0.8475367952374377,12,86.47
9181,M,Ouvrier,1,Bordeaux,Prive,0.21719718737670318,13,26.01
9182,F,Professions_intermediaires,0,Nancy,Public,0.3723631035069532,11,70.18
9183,M,Agriculteur,0,Marseille,Prive,0.7163168975473307,13,67.29
9184,F,Employe,1,Lille,Public,0.3122452798443568,11,32.08
9185,M,Professions_intermediaires,0,Marseille,Prive,0.36846408988731294,13,59.25
9186,M,Employe,0,Nancy,Public,0.8347950029506375,12,82.57
9187,F,Employe,1,Lille,Public,0.5731553014138887,11,53.05
9188,F,Cadre,0,Bordeaux,Prive,0.6715921648162804,11,60.49
9189,F,Cadre,1,Bordeaux,Public,0.6445076583224637,12,62.97
9190,F,Cadre,0,Marseille,Public,0.5234168593499817,10,94.05
9191,F,Employe,0,Lille,Prive,0.5182914928098715,11,73.99
9192,M,Cadre,0,Toulouse,Public,0.6773310904204021,12,100.0
9193,M,Professions_intermediaires,0,Marseille,Public,0.3306038769538544,11,67.95
9194,F,Cadre,1,Bordeaux,Prive,0.8468036713763145,10,76.51
9195,F,Professions_intermediaires,0,Nancy,Prive,0.39318708799321067,12,65.2
9196,F,Ouvrier,0,Lyon,Prive,0.7046181333316218,13,52.08
9197,M,Ouvrier,1,Paris,Public,0.6011807994604338,11,45.51
9198,F,Retraite,1,Paris,Public,0.39052832997139425,11,39.56
9199,F,Cadre,0,Lyon,Prive,0.5967148496194999,12,100.0
9200,F,Professions_intermediaires,0,Lyon,Public,0.5254952730507574,10,70.77
9201,F,Agriculteur,1,Marseille,Prive,0.14688480878909282,13,37.94
9202,M,Ouvrier,0,Lyon,Prive,0.4826518104126131,11,60.35
9203,F,Retraite,0,Lille,Public,0.2502556229431283,13,68.47
9204,M,Cadre,0,Lille,Prive,0.6014976372934183,11,93.94
9205,M,Retraite,0,Lille,Prive,0.4716945197261198,10,48.43
9206,M,Cadre,1,Lyon,Prive,0.6754862403439166,12,79.63
9207,F,Cadre,0,Nancy,Public,0.36064560444461513,11,80.96
9208,M,Professions_intermediaires,0,Paris,Public,0.24082168551777955,12,44.19
9209,F,Employe,0,Bordeaux,Prive,0.28475957587876277,12,63.79
9210,M,Professions_intermediaires,0,Lyon,Prive,0.9040215849957656,12,73.72
9211,M,Retraite,0,Marseille,Prive,1.105800430444621,13,87.98
9212,F,Professions_intermediaires,1,Lyon,Public,0.9002655408135833,11,67.41
9213,M,Ouvrier,0,Toulouse,Public,0.19197506808868553,13,62.91
9214,M,Agriculteur,0,Marseille,Prive,0.22461247299521153,13,72.69
9215,M,Ouvrier,0,Nancy,Prive,0.28697804982072683,11,51.2
9216,F,Ouvrier,0,Lyon,Prive,0.6548293977449529,10,67.15
9217,M,Employe,0,Nancy,Public,0.9215731031696595,10,86.5
9218,F,Employe,0,Paris,Prive,0.6809591543861051,11,74.48
9219,F,Ouvrier,0,Paris,Prive,0.5379922954926456,10,54.92
9220,M,Ouvrier,0,Lyon,Public,0.31510589720940474,13,68.93
9221,F,Agriculteur,0,Marseille,Prive,0.44286871416409185,11,68.47
9222,M,Cadre,0,Nantes,Public,0.5177273503307807,11,77.3
9223,F,Employe,0,Marseille,Prive,0.6765339752021724,12,89.62
9224,F,Cadre,1,Nancy,Prive,0.4001875108583636,13,46.16
9225,F,Agriculteur,0,Bordeaux,Public,0.5802376811936587,12,65.27
9226,M,Agriculteur,0,Bordeaux,Prive,0.5550170899846998,12,64.05
9227,M,Employe,0,Nancy,Public,0.5200677935113727,12,75.34
9228,F,Employe,0,Lyon,Public,0.4209088995696519,11,63.61
9229,M,Retraite,0,Bordeaux,Public,0.5241921852877669,10,58.37
9230,F,Professions_intermediaires,0,Marseille,Prive,0.48082102688503436,12,84.47
9231,M,Retraite,0,Nancy,Public,0.34363143327630896,11,67.59
9232,F,Employe,0,Lille,Public,0.67690367215286,13,69.8
9233,M,Ouvrier,0,Paris,Prive,0.8149347906958282,10,69.03
9234,F,Cadre,0,Paris,Prive,0.5340221420014365,13,76.1
9235,F,Employe,0,Lyon,Public,0.4908006242739722,12,66.975
9236,M,Agriculteur,0,Toulouse,Prive,0.6517525436300052,10,70.71
9237,M,Agriculteur,0,Toulouse,Public,0.5370578163096171,12,57.16
9238,F,Ouvrier,1,Marseille,Public,0.7280693271252642,13,31.64
9239,M,Professions_intermediaires,0,Lille,Public,0.5212689604510784,12,70.88
9240,M,Cadre,0,Paris,Prive,0.6172328593938103,10,96.08
9241,F,Professions_intermediaires,1,Nancy,Prive,0.8466957310857508,12,68.35
9242,F,Cadre,0,Nancy,Public,0.7535384811537662,10,85.68
9243,M,Professions_intermediaires,0,Nantes,Prive,0.4686335882757993,10,96.66
9244,M,Agriculteur,0,Nancy,Prive,0.716283310140793,11,63.11
9245,M,Employe,0,Lyon,Public,0.2864384272491409,10,66.975
9246,M,Employe,0,Marseille,Prive,0.45980982805765735,12,61.36
9247,M,Agriculteur,0,Lyon,Public,0.6667141626811209,10,82.59
9248,M,Retraite,0,Toulouse,Prive,0.8059570611116049,11,69.71
9249,M,Cadre,0,Lille,Public,0.34971375239287383,12,78.54
9250,F,Retraite,0,Toulouse,Public,0.4945367299709267,13,74.05
9251,M,Employe,0,Marseille,Public,0.5006083155356051,10,65.53
9252,M,Agriculteur,0,Toulouse,Prive,0.4815614240174592,11,74.24
9253,F,Retraite,0,Lyon,Public,0.25676250384001087,11,59.16
9254,M,Employe,0,Nantes,Prive,0.600146288701926,10,45.56
9255,M,Ouvrier,0,Bordeaux,Public,0.24487845533354224,10,73.79
9256,F,Professions_intermediaires,0,Bordeaux,Prive,0.7275572844465568,11,85.17
9257,F,Retraite,0,Marseille,Public,0.7699596667475582,11,68.66
9258,F,Ouvrier,1,Marseille,Public,0.37229969353617365,12,50.97
9259,F,Professions_intermediaires,0,Toulouse,Public,0.2461816521268661,13,61.21
9260,F,Retraite,0,Lyon,Public,0.4935603155735751,11,57.16
9261,F,Ouvrier,0,Paris,Prive,0.39601504527569525,10,46.48
9262,F,Professions_intermediaires,1,Bordeaux,Public,0.45806379013090176,13,52.77
9263,F,Ouvrier,0,Nantes,Prive,0.5183124333777215,11,55.95
9264,F,Employe,0,Lyon,Prive,0.3139490206823961,10,61.79
9265,M,Cadre,1,Bordeaux,Prive,0.831810405277166,13,58.08
9266,F,Employe,0,Lille,Prive,0.3717649964665829,12,59.5
9267,M,Ouvrier,0,Bordeaux,Prive,0.6870845781416762,13,68.21
9268,F,Agriculteur,0,Nantes,Public,0.32202821964237704,13,77.87
9269,M,Employe,0,Lille,Public,0.5122725650964909,12,67.67
9270,M,Retraite,0,Marseille,Prive,0.5900619237848123,13,61.5
9271,M,Employe,1,Paris,Prive,0.5271271352008541,10,53.27
9272,F,Professions_intermediaires,0,Nantes,Public,0.4492130125954436,12,84.98
9273,M,Agriculteur,0,Nantes,Public,0.4014002994957308,10,75.94
9274,F,Cadre,0,Lyon,Public,0.4186415163927856,10,88.31
9275,F,Cadre,0,Lille,Prive,0.36496741581548864,13,75.75
9276,M,Agriculteur,0,Paris,Public,0.5666059526361634,10,68.97
9277,F,Ouvrier,1,Toulouse,Prive,0.8662512210135802,10,66.975
9278,F,Agriculteur,0,Lille,Prive,0.5718588860587592,11,48.99
9279,M,Agriculteur,1,Marseille,Prive,0.6191574738025429,11,50.87
9280,F,Agriculteur,0,Nantes,Public,0.7164514706698174,13,89.78
9281,M,Cadre,0,Paris,Public,0.4097939861976264,12,76.26
9282,F,Cadre,0,Toulouse,Prive,0.13913207146224965,10,61.23
9283,F,Professions_intermediaires,0,Nantes,Prive,0.5005871732937495,10,69.52
9284,F,Professions_intermediaires,0,Nantes,Prive,0.670992595120372,13,72.95
9285,F,Retraite,0,Toulouse,Public,0.9020602216534508,13,84.26
9286,F,Retraite,0,Paris,Public,0.3039569383531886,13,84.89
9287,F,Ouvrier,0,Nancy,Public,0.719957607824476,11,67.74
9288,F,Ouvrier,0,Bordeaux,Prive,0.5522035957355216,13,54.98
9289,F,Retraite,1,Toulouse,Public,0.4222353061492964,11,32.9
9290,F,Cadre,0,Lille,Prive,0.2908027345380755,10,90.18
9291,M,Professions_intermediaires,0,Marseille,Public,0.3832202932244154,13,77.94
9292,M,Ouvrier,0,Nantes,Prive,0.6146557964330432,10,152.89900756332204
9293,M,Ouvrier,0,Nantes,Public,0.7445532351195112,10,60.62
9294,M,Cadre,0,Toulouse,Public,-0.04484804662954689,11,86.7
9295,F,Agriculteur,0,Paris,Public,0.6024945262495056,13,73.32
9296,F,Agriculteur,0,Marseille,Public,0.3852913802330993,12,60.56
9297,M,Retraite,0,Nantes,Prive,0.40396168652945497,10,43.41
9298,F,Employe,0,Lille,Prive,0.5833007464108289,13,65.71
9299,M,Employe,0,Toulouse,Prive,0.8842193146346948,12,70.72
9300,F,Professions_intermediaires,0,Marseille,Public,0.35642991533988,13,62.7
9301,F,Professions_intermediaires,0,Nantes,Public,0.4808758889939013,12,79.1
9302,M,Ouvrier,0,Lille,Prive,0.18490458810061844,11,46.83
9303,M,Cadre,0,Lyon,Prive,0.5876997943489807,10,77.37
9304,M,Retraite,0,Marseille,Public,0.3619994475338204,13,52.71
9305,F,Ouvrier,0,Nantes,Public,0.8152105186919458,10,55.66
9306,F,Agriculteur,0,Lyon,Prive,0.572063957961329,13,65.95
9307,M,Cadre,0,Lille,Public,0.44335239672280563,13,77.85
9308,F,Professions_intermediaires,1,Lyon,Public,0.4447433025298597,11,52.08
9309,M,Professions_intermediaires,1,Toulouse,Public,0.5729451681034254,12,59.04
9310,F,Agriculteur,0,Nancy,Public,0.6382193650199965,11,86.32
9311,M,Professions_intermediaires,0,Marseille,Public,0.2662327421834585,10,77.95
9312,M,Ouvrier,1,Lyon,Prive,0.4702794081505014,13,25.27
9313,F,Employe,0,Paris,Prive,0.4994686466408957,13,76.53
9314,M,Retraite,0,Toulouse,Public,0.542340442945056,13,74.68
9315,F,Ouvrier,0,Marseille,Public,0.7611676808411698,12,74.06
9316,F,Agriculteur,1,Lille,Prive,0.2148951765140037,13,39.16
9317,M,Professions_intermediaires,0,Bordeaux,Prive,0.6911853674975222,10,91.39
9318,M,Ouvrier,0,Paris,Prive,0.572879038826126,12,53.52
9319,F,Ouvrier,0,Nantes,Prive,0.4004397323485238,13,68.91
9320,F,Retraite,0,Nancy,Prive,0.6612577138198343,11,78.38
9321,F,Ouvrier,0,Lyon,Public,0.42337633534525126,11,64.31
9322,M,Ouvrier,0,Toulouse,Public,0.13752875121880975,13,35.84
9323,M,Ouvrier,0,Bordeaux,Prive,-0.18676278703987603,11,46.71
9324,M,Professions_intermediaires,0,Bordeaux,Prive,0.25671772902091794,10,76.14
9325,F,Retraite,0,Nancy,Public,0.39116364442080676,11,63.54
9326,F,Employe,0,Toulouse,Public,0.5343396738533072,13,68.52
9327,F,Agriculteur,0,Bordeaux,Prive,0.6194604656853551,11,68.76
9328,F,Agriculteur,1,Lille,Public,0.44838958394382694,10,43.62
9329,F,Employe,0,Lyon,Prive,0.217979789016769,11,61.44
9330,M,Ouvrier,0,Toulouse,Public,0.42389763667834784,11,69.11
9331,F,Cadre,0,Nantes,Public,0.45634747601548,13,78.21
9332,F,Ouvrier,1,Nancy,Prive,0.8475110068542864,12,52.68
9333,M,Ouvrier,1,Lyon,Prive,0.6113685269198317,13,18.24
9334,M,Cadre,0,Lyon,Public,0.1687072377915141,10,71.98
9335,M,Agriculteur,0,Bordeaux,Prive,0.43699229631774755,13,73.04
9336,F,Retraite,0,Toulouse,Public,0.6392979737225835,11,77.61
9337,F,Professions_intermediaires,0,Nantes,Prive,0.5041997597639943,10,65.58
9338,M,Employe,0,Paris,Public,0.17524313639485745,11,62.4
9339,M,Employe,1,Nancy,Prive,0.6636798636642598,12,57.61
9340,F,Professions_intermediaires,0,Nancy,Public,0.5726916788215253,10,69.81
9341,M,Employe,1,Toulouse,Public,0.46860006595654746,13,31.22
9342,F,Professions_intermediaires,0,Toulouse,Prive,0.33872728530932705,10,59.76
9343,F,Agriculteur,1,Marseille,Public,0.7026659556246269,13,39.54
9344,F,Retraite,1,Nantes,Prive,0.13720085999726617,10,43.84
9345,M,Ouvrier,0,Marseille,Public,0.18914447091551745,13,54.0
9346,F,Employe,0,Toulouse,Prive,0.35303436191647697,13,61.31
9347,M,Employe,0,Nantes,Public,0.5604475024355771,10,60.22
9348,F,Professions_intermediaires,1,Bordeaux,Public,0.2271822642551945,11,59.32
9349,F,Employe,0,Paris,Prive,0.39105449675821835,10,64.09
9350,M,Retraite,0,Paris,Prive,0.43172745534901247,10,65.26
9351,M,Retraite,0,Nancy,Public,0.5686354642637275,11,57.21
9352,F,Employe,0,Bordeaux,Public,0.44463836350868824,10,56.55
9353,F,Cadre,0,Toulouse,Prive,0.4453868426037232,13,93.3
9354,F,Cadre,0,Lille,Public,0.35883789070344013,12,83.02
9355,F,Ouvrier,1,Nantes,Public,0.7178055407345059,11,47.7
9356,F,Retraite,0,Toulouse,Public,0.6319498521397541,10,71.21
9357,M,Agriculteur,1,Lyon,Prive,0.6247588740829293,13,66.975
9358,F,Employe,0,Paris,Prive,0.34439553904352616,11,75.44
9359,M,Professions_intermediaires,1,Paris,Prive,0.39748055222514056,12,41.56
9360,M,Cadre,0,Nancy,Prive,0.5952820897080691,12,83.63
9361,M,Employe,0,Marseille,Prive,0.38249977661243084,12,55.02
9362,M,Employe,1,Lyon,Public,0.314697273746695,13,44.41
9363,M,Ouvrier,0,Paris,Prive,0.5577411782498088,12,57.65
9364,F,Agriculteur,0,Toulouse,Public,0.2384237137036332,10,60.82
9365,F,Professions_intermediaires,0,Nancy,Public,0.45811617031996227,11,72.45
9366,M,Retraite,0,Paris,Public,0.6784543684266867,10,65.32
9367,F,Ouvrier,0,Toulouse,Prive,0.5290556922506437,10,84.74
9368,M,Professions_intermediaires,0,Toulouse,Public,0.29057727325065064,10,51.88
9369,M,Professions_intermediaires,1,Paris,Prive,0.5945275790202658,13,54.6
9370,M,Professions_intermediaires,0,Nantes,Prive,0.37980024183865124,13,57.78
9371,F,Retraite,0,Lyon,Public,0.6691282411480208,10,70.6
9372,F,Cadre,0,Lyon,Public,0.601828875600095,12,74.9
9373,F,Ouvrier,0,Lyon,Public,0.4305725388780599,11,59.29
9374,F,Ouvrier,0,Toulouse,Public,0.35002172229451367,13,66.975
9375,F,Cadre,1,Bordeaux,Public,0.3301428937810217,13,71.36
9376,F,Employe,0,Marseille,Prive,1.017933377303542,11,151.00542266451478
9377,F,Ouvrier,0,Nantes,Prive,0.041724503708535865,11,39.12
9378,M,Ouvrier,0,Marseille,Prive,0.1479448028450781,11,41.85
9379,M,Employe,0,Lyon,Prive,0.7204960937317114,11,75.12
9380,M,Ouvrier,0,Bordeaux,Public,0.6773247172143353,13,65.66
9381,F,Cadre,0,Nantes,Prive,0.5720683711172964,10,84.28
9382,F,Professions_intermediaires,0,Bordeaux,Public,0.10161551947341735,10,72.35
9383,M,Employe,0,Nancy,Prive,0.6077643528979778,11,48.83
9384,F,Ouvrier,0,Nantes,Prive,0.3040678976333101,11,54.85
9385,F,Professions_intermediaires,0,Nantes,Public,0.4802352476096285,11,74.75
9386,M,Ouvrier,0,Marseille,Prive,0.5813749180370924,13,63.24
9387,M,Agriculteur,0,Bordeaux,Prive,0.6013174243508017,12,70.67
9388,M,Cadre,0,Paris,Prive,0.3698621066048277,11,83.25
9389,F,Cadre,0,Paris,Public,0.7569857702321603,11,95.04
9390,F,Employe,0,Toulouse,Prive,0.6625800512357859,10,89.46
9391,F,Employe,0,Bordeaux,Public,0.3079696489002668,10,70.57
9392,M,Ouvrier,0,Nancy,Public,0.4040461996078153,11,44.2
9393,F,Professions_intermediaires,0,Lyon,Prive,0.3482672408412074,12,79.58
9394,F,Ouvrier,1,Bordeaux,Public,0.48747395255237663,13,39.75
9395,F,Agriculteur,0,Nancy,Prive,0.6258351992437701,12,67.0
9396,F,Employe,0,Nantes,Public,0.1298598098818139,13,47.2
9397,F,Professions_intermediaires,0,Nancy,Prive,0.1031654156881956,10,63.99
9398,M,Professions_intermediaires,0,Nantes,Public,0.3335868097009662,12,71.99
9399,M,Professions_intermediaires,0,Marseille,Prive,0.7705390340262667,13,86.57
9400,M,Agriculteur,0,Paris,Prive,0.5475117624350563,13,59.0
9401,F,Professions_intermediaires,1,Nancy,Public,0.8154346899284302,11,58.57
9402,M,Retraite,0,Lille,Public,0.46884982534984204,10,58.73
9403,M,Employe,0,Paris,Prive,0.3315924661887042,13,58.04
9404,F,Agriculteur,0,Lille,Public,0.1647130154464409,12,48.3
9405,M,Cadre,0,Nantes,Prive,0.3341671074344089,13,70.66
9406,F,Professions_intermediaires,0,Paris,Public,0.3759672229068805,12,69.93
9407,M,Cadre,0,Nancy,Public,0.014959495500598052,10,78.86
9408,F,Retraite,0,Marseille,Prive,0.33178364485507295,10,59.59
9409,F,Employe,1,Bordeaux,Prive,0.3300274970843883,11,33.87
9410,F,Professions_intermediaires,1,Nantes,Prive,0.5043496112516904,12,53.12
9411,M,Ouvrier,0,Marseille,Public,0.49157045875316874,13,48.52
9412,F,Professions_intermediaires,0,Toulouse,Prive,0.5640046589129885,12,83.48
9413,M,Ouvrier,0,Paris,Public,0.17546042094904318,12,66.22
9414,F,Cadre,0,Paris,Public,0.2729970023344219,13,81.24
9415,M,Ouvrier,0,Nantes,Public,0.6851872950452871,12,70.02
9416,F,Employe,0,Marseille,Prive,0.44818692972392704,13,60.81
9417,F,Cadre,1,Lille,Public,0.6693869569804398,11,71.17
9418,F,Employe,0,Nancy,Prive,0.4717584188010746,10,67.2
9419,F,Cadre,0,Toulouse,Prive,0.5374343852027856,12,94.88
9420,F,Ouvrier,0,Lille,Prive,0.6057379597282619,10,58.05
9421,F,Agriculteur,1,Paris,Public,0.3887036813814586,13,45.88
9422,M,Agriculteur,1,Nantes,Prive,0.3665763860146871,13,34.69
9423,F,Cadre,0,Paris,Public,0.3640044045367961,12,87.8
9424,F,Ouvrier,0,Lille,Public,0.4844080666737598,12,54.94
9425,F,Ouvrier,0,Nancy,Public,0.6148389557084775,12,60.64
9426,M,Agriculteur,0,Toulouse,Prive,0.4186751436988059,11,57.65
9427,F,Retraite,0,Bordeaux,Public,0.7310156933738093,10,68.33
9428,M,Retraite,0,Nantes,Prive,0.8499253172032621,12,77.58
9429,F,Cadre,1,Marseille,Prive,0.32430229585215686,13,64.28
9430,M,Cadre,0,Paris,Public,0.7376875510248512,13,100.0
9431,F,Ouvrier,0,Lille,Prive,0.4964208343416026,11,54.97
9432,F,Ouvrier,0,Nancy,Public,0.5761504510328327,10,62.68
9433,M,Agriculteur,0,Marseille,Public,0.47321496900881915,13,77.19
9434,F,Cadre,0,Lille,Public,0.7438242082085978,10,81.87
9435,F,Cadre,0,Paris,Prive,0.569475219807742,10,97.3
9436,M,Cadre,1,Nantes,Prive,0.43045967353302145,12,75.69
9437,F,Employe,0,Paris,Prive,0.41652037413653775,13,56.24
9438,M,Retraite,0,Bordeaux,Prive,0.2597447399578507,10,80.16
9439,F,Agriculteur,0,Paris,Public,0.38567813805671614,10,64.04
9440,F,Agriculteur,0,Lyon,Prive,0.7440646154804624,13,59.2
9441,F,Cadre,0,Marseille,Public,0.7165997000339396,10,79.91
9442,F,Agriculteur,0,Lyon,Prive,0.3719840930211018,10,64.8
9443,F,Cadre,0,Paris,Public,0.28039742858736916,10,76.5
9444,M,Professions_intermediaires,0,Bordeaux,Public,0.6903548602398628,12,70.62
9445,M,Ouvrier,0,Nantes,Public,0.585826645268182,11,50.26
9446,F,Agriculteur,0,Marseille,Prive,0.10478963577857536,12,47.69
9447,M,Ouvrier,1,Bordeaux,Public,1.0759454528094072,10,67.08
9448,M,Agriculteur,1,Marseille,Public,0.5023306884480767,10,50.78
9449,M,Professions_intermediaires,0,Lyon,Public,0.8403329184260955,10,90.05
9450,F,Ouvrier,1,Nantes,Public,0.5348395581068299,10,33.38
9451,M,Professions_intermediaires,1,Nancy,Prive,0.29185213199719207,10,45.42
9452,F,Employe,1,Paris,Public,0.5388085825890571,10,39.78
9453,M,Cadre,0,Bordeaux,Public,0.20648767674038415,13,72.62
9454,M,Ouvrier,0,Toulouse,Prive,0.47481480739966253,12,68.6
9455,F,Agriculteur,0,Paris,Prive,0.2823941001218738,13,60.39
9456,F,Professions_intermediaires,1,Lyon,Public,0.45911662075742116,10,53.27
9457,F,Cadre,1,Marseille,Prive,0.5496011153459887,13,60.16
9458,M,Retraite,0,Paris,Public,0.5591033714153946,13,71.85
9459,M,Professions_intermediaires,1,Bordeaux,Public,0.20803643395438526,12,42.09
9460,F,Professions_intermediaires,0,Lyon,Prive,0.37103842890463257,13,83.71
9461,F,Ouvrier,0,Lyon,Prive,0.10494861885248818,11,49.3
9462,F,Professions_intermediaires,0,Lyon,Public,0.624171114415886,10,100.0
9463,F,Agriculteur,0,Bordeaux,Prive,0.540562103544065,13,81.17
9464,M,Retraite,0,Nancy,Prive,0.26502620455869014,10,58.36
9465,F,Professions_intermediaires,0,Nantes,Prive,0.781179684048509,11,82.3
9466,F,Employe,0,Toulouse,Prive,0.5933129848101855,10,82.89
9467,M,Agriculteur,0,Bordeaux,Prive,0.47895348495319684,11,70.47
9468,F,Ouvrier,1,Toulouse,Prive,0.4053373563727799,13,44.82
9469,M,Employe,0,Nancy,Prive,0.37248987707973513,12,83.22
9470,M,Retraite,0,Lille,Public,0.34215421506323607,13,62.38
9471,F,Agriculteur,0,Nancy,Prive,0.7347917314200881,13,55.76
9472,M,Retraite,1,Toulouse,Public,0.5548935033088126,12,46.76
9473,M,Cadre,0,Nantes,Public,0.29020603288260677,13,89.94
9474,M,Agriculteur,0,Bordeaux,Prive,0.7593732349683049,12,76.54
9475,F,Agriculteur,0,Lille,Prive,0.481921280535808,12,58.68
9476,F,Employe,0,Bordeaux,Prive,0.31619789982895563,11,63.69
9477,F,Retraite,0,Bordeaux,Prive,0.8950940198035315,11,87.55
9478,F,Retraite,0,Nancy,Prive,0.2810009527983221,13,47.91
9479,F,Ouvrier,0,Nantes,Public,0.3349526839309577,13,42.38
9480,M,Agriculteur,0,Marseille,Public,0.5000415398999062,13,60.47
9481,M,Cadre,1,Nancy,Prive,0.5644453740779471,12,75.74
9482,F,Agriculteur,0,Lille,Prive,0.349426904249728,11,47.76
9483,F,Professions_intermediaires,0,Lyon,Public,0.057832135634760695,13,66.86
9484,F,Employe,0,Toulouse,Prive,0.5064961002823027,13,73.11
9485,F,Ouvrier,0,Paris,Public,0.2908047890453759,11,56.91
9486,M,Professions_intermediaires,0,Nancy,Prive,0.42818783936593835,10,59.09
9487,F,Retraite,1,Marseille,Public,0.3379524937195094,12,43.11
9488,F,Agriculteur,0,Nancy,Public,0.2832762130360106,10,54.92
9489,M,Employe,1,Lyon,Prive,0.44670755663054573,13,47.14
9490,F,Retraite,0,Nantes,Public,0.37357850941722126,13,54.7
9491,F,Cadre,0,Lille,Public,0.331988649862884,12,84.79
9492,F,Professions_intermediaires,0,Nancy,Prive,0.6931229130584107,12,79.3
9493,M,Employe,0,Nancy,Prive,0.301014748502549,10,51.25
9494,F,Professions_intermediaires,0,Toulouse,Public,0.44950043064720147,10,79.36
9495,M,Professions_intermediaires,0,Marseille,Prive,0.4925025472039157,10,72.51
9496,M,Agriculteur,0,Toulouse,Public,0.1618774914116155,10,63.42
9497,F,Cadre,0,Toulouse,Prive,0.2764596551280415,11,82.35
9498,M,Professions_intermediaires,0,Nantes,Prive,0.49208939661219575,11,82.84
9499,M,Professions_intermediaires,0,Bordeaux,Prive,0.48459986422163487,11,66.975
9500,F,Cadre,0,Marseille,Prive,0.3423670859135979,10,85.67
9501,M,Professions_intermediaires,0,Nancy,Public,0.49479317158097613,12,56.76
9502,F,Ouvrier,0,Lille,Public,0.5535385601988844,13,58.74
9503,F,Retraite,1,Toulouse,Prive,0.6173658007813471,10,24.33
9504,M,Ouvrier,1,Nantes,Prive,0.6332880651662746,12,29.42
9505,F,Retraite,0,Toulouse,Public,0.7418151560810323,13,80.22
9506,F,Agriculteur,1,Lyon,Prive,0.5215277917476223,11,44.71
9507,F,Retraite,0,Lyon,Public,0.2222096784339298,12,68.57
9508,F,Ouvrier,0,Marseille,Prive,0.4408522714152068,13,52.0
9509,M,Employe,1,Nancy,Prive,0.24618828590643954,12,39.05
9510,M,Ouvrier,0,Lille,Public,0.6690084927831409,11,63.93
9511,F,Cadre,0,Toulouse,Prive,0.77462347095299,11,100.0
9512,M,Retraite,0,Marseille,Prive,0.4987751183091586,10,71.88
9513,F,Agriculteur,1,Bordeaux,Prive,0.732465474334822,13,49.03
9514,F,Agriculteur,0,Marseille,Prive,0.7188008771105423,11,68.79
9515,M,Retraite,1,Toulouse,Prive,0.5607346754336784,13,45.97
9516,M,Ouvrier,0,Lyon,Public,0.6053336390798819,11,82.75
9517,F,Agriculteur,1,Marseille,Public,0.6897435486209207,12,53.39
9518,F,Employe,0,Paris,Public,0.22079820230517722,10,54.0
9519,M,Agriculteur,0,Nancy,Public,0.5495639318557461,10,61.18
9520,M,Agriculteur,1,Toulouse,Prive,0.6108174682701231,12,47.86
9521,F,Agriculteur,0,Lyon,Public,0.2131002468930419,12,65.14
9522,M,Cadre,0,Nantes,Public,0.8824442474784548,11,83.36
9523,M,Professions_intermediaires,1,Lyon,Prive,0.7185035623742102,12,66.45
9524,M,Cadre,1,Bordeaux,Public,0.720142727006811,11,62.05
9525,F,Professions_intermediaires,0,Paris,Prive,0.5817788961202887,12,88.1
9526,M,Cadre,0,Paris,Prive,0.3102839932854664,12,81.28
9527,M,Cadre,0,Paris,Prive,0.246304846554945,13,74.54
9528,M,Employe,0,Nancy,Prive,0.4801559931331479,12,40.37
9529,F,Cadre,0,Lyon,Public,0.6393646461085858,13,84.51
9530,F,Agriculteur,1,Marseille,Public,0.608498151005274,13,51.19
9531,M,Retraite,0,Nancy,Public,0.8420453862311854,11,71.23
9532,F,Ouvrier,0,Bordeaux,Prive,0.437857847632819,13,64.72
9533,M,Employe,0,Nantes,Prive,0.4279949160203056,11,61.22
9534,M,Professions_intermediaires,1,Toulouse,Prive,0.5015537254768638,10,58.74
9535,F,Agriculteur,0,Paris,Prive,0.2687604550396101,13,55.54
9536,M,Employe,0,Lille,Prive,0.8003767663742849,10,81.98
9537,M,Employe,0,Nantes,Prive,0.44999052549265994,10,74.4
9538,F,Ouvrier,0,Nantes,Prive,0.5506476818703404,12,64.98
9539,M,Ouvrier,0,Lille,Prive,0.6628628143874092,12,69.93
9540,M,Ouvrier,0,Bordeaux,Public,0.34947319822232426,11,53.46
9541,F,Agriculteur,0,Lille,Public,0.5554768164952723,12,68.61
9542,M,Retraite,0,Nancy,Prive,0.49846584579739606,13,61.31
9543,F,Cadre,0,Nancy,Public,0.6950772904606952,12,100.0
9544,F,Employe,0,Nancy,Prive,0.5016831165302853,13,69.84
9545,M,Retraite,0,Nancy,Prive,-0.07137803373463536,12,44.05
9546,F,Employe,0,Toulouse,Public,0.31311028362775006,12,63.37
9547,F,Ouvrier,0,Marseille,Public,0.20005055619248513,12,50.14
9548,F,Ouvrier,0,Nantes,Public,0.8854392917528624,13,71.1
9549,M,Cadre,0,Marseille,Prive,0.7829156243342181,11,88.26
9550,F,Agriculteur,1,Lille,Prive,0.06992336821296036,11,66.975
9551,M,Cadre,0,Bordeaux,Prive,0.29789164676168695,13,69.42
9552,F,Cadre,0,Lille,Public,0.22301324398819705,12,75.59
9553,F,Cadre,1,Bordeaux,Public,0.54328821987371,10,78.39
9554,F,Retraite,0,Nancy,Prive,0.3088205188623247,12,44.36
9555,F,Agriculteur,1,Marseille,Prive,0.446903231162444,10,51.46
9556,F,Professions_intermediaires,1,Bordeaux,Public,0.22456129177670325,12,63.46
9557,M,Cadre,0,Nancy,Prive,0.5860634139441818,11,94.58
9558,F,Professions_intermediaires,0,Toulouse,Prive,0.16414595472328514,10,67.88
9559,M,Retraite,1,Paris,Prive,1.0006170744386724,12,52.97
9560,M,Professions_intermediaires,0,Paris,Public,0.8008685336532511,10,86.39
9561,M,Agriculteur,0,Lyon,Public,0.9963351739698557,11,92.49
9562,F,Ouvrier,0,Bordeaux,Prive,0.6212779148112266,10,70.63
9563,M,Retraite,0,Lille,Prive,0.8113983131900798,10,72.52
9564,M,Retraite,1,Lille,Prive,0.6785571810078632,11,58.82
9565,M,Agriculteur,0,Nancy,Prive,0.2991041317317722,12,65.18
9566,M,Retraite,0,Nantes,Public,0.42554810151755773,12,63.19
9567,F,Professions_intermediaires,0,Paris,Public,0.5848095805699031,13,83.08
9568,M,Employe,0,Lille,Prive,0.7304440774455837,11,66.33
9569,F,Professions_intermediaires,0,Lille,Prive,0.498681176450957,11,100.0
9570,M,Professions_intermediaires,0,Toulouse,Prive,0.6109197255728954,13,77.86
9571,M,Ouvrier,0,Paris,Prive,0.4334687988683893,10,56.87
9572,M,Employe,0,Bordeaux,Prive,0.41751994766533207,12,72.78
9573,F,Employe,1,Paris,Public,0.20569211360421474,12,51.89
9574,F,Professions_intermediaires,0,Bordeaux,Public,0.5885396678182168,11,71.29
9575,M,Ouvrier,0,Marseille,Public,0.4015665407784481,13,42.45
9576,M,Agriculteur,0,Nancy,Prive,0.2430226333853593,11,59.37
9577,F,Ouvrier,0,Lille,Prive,0.38141609806739657,10,61.45
9578,F,Retraite,0,Lyon,Prive,0.5570578173796747,10,60.08
9579,F,Agriculteur,0,Paris,Public,0.6336197356212638,12,72.21
9580,M,Cadre,0,Nancy,Public,0.4631085320831577,12,82.03
9581,F,Cadre,0,Bordeaux,Public,0.713636729065653,12,75.48
9582,F,Agriculteur,0,Marseille,Prive,0.7980502138644459,11,82.01
9583,M,Ouvrier,0,Lyon,Public,0.44265002514603785,11,66.82
9584,F,Agriculteur,0,Bordeaux,Public,0.6947473006227582,13,75.56
9585,M,Professions_intermediaires,0,Bordeaux,Prive,0.36652145743306974,11,74.56
9586,F,Employe,1,Lille,Prive,0.23992870753784984,12,36.9
9587,M,Retraite,0,Nantes,Public,0.31104522030440385,13,58.77
9588,M,Professions_intermediaires,0,Bordeaux,Prive,0.3270876827132791,10,76.25
9589,M,Ouvrier,0,Paris,Public,0.4124510807613713,10,45.77
9590,F,Professions_intermediaires,0,Marseille,Public,0.8964492675138294,12,75.02
9591,F,Cadre,0,Bordeaux,Public,0.3952785525246034,12,70.36
9592,F,Agriculteur,0,Toulouse,Prive,0.42471114407654753,13,83.0
9593,M,Cadre,0,Paris,Prive,0.5307220463694575,12,82.18
9594,F,Retraite,1,Nancy,Public,0.23586112543696874,13,52.62
9595,F,Retraite,0,Nantes,Prive,0.5291821267390392,13,65.48
9596,F,Ouvrier,0,Bordeaux,Prive,0.6313415454372914,13,80.53
9597,M,Cadre,0,Lille,Prive,0.796519067703588,12,100.0
9598,M,Employe,0,Lyon,Prive,0.7627701714898525,13,66.62
9599,M,Cadre,0,Lille,Prive,0.5726215543525743,13,86.62
9600,M,Ouvrier,0,Nancy,Prive,0.4553271297077716,11,49.98
9601,M,Professions_intermediaires,0,Marseille,Public,0.46689246413965285,12,79.23
9602,F,Ouvrier,0,Nantes,Public,0.5815034113049916,12,72.99
9603,F,Professions_intermediaires,0,Paris,Public,0.490675128849842,11,92.21
9604,F,Cadre,0,Paris,Prive,0.4818530222466476,12,97.5
9605,F,Retraite,0,Bordeaux,Public,0.3130937854184418,12,65.28
9606,F,Retraite,0,Bordeaux,Prive,0.6341339650488851,13,71.63
9607,F,Professions_intermediaires,0,Paris,Prive,0.5595504883165296,10,74.59
9608,F,Cadre,0,Lille,Prive,0.3487420992280321,13,98.59
9609,F,Agriculteur,0,Nantes,Public,0.797803496890206,13,68.28
9610,M,Agriculteur,0,Nantes,Public,0.5417071077393264,12,59.58
9611,M,Ouvrier,0,Toulouse,Public,0.21518204957259818,11,43.86
9612,M,Cadre,0,Lille,Public,0.688978741079362,11,97.83
9613,F,Retraite,0,Lyon,Prive,0.36546860178665985,12,71.21
9614,F,Employe,0,Nantes,Public,0.41804087508603194,12,70.7
9615,M,Ouvrier,1,Nantes,Prive,0.4626153501990428,12,66.975
9616,M,Retraite,0,Nancy,Prive,0.6726430605828564,13,57.15
9617,F,Retraite,0,Marseille,Prive,0.4884531196812544,12,67.69
9618,F,Professions_intermediaires,0,Toulouse,Public,0.6236704375543838,12,89.32
9619,F,Professions_intermediaires,0,Paris,Public,0.18528209779434157,10,58.84
9620,M,Cadre,0,Paris,Public,0.27933333982969943,10,68.16
9621,F,Cadre,0,Marseille,Prive,0.5063939844578857,12,88.44
9622,M,Retraite,0,Paris,Public,0.35496661210411173,11,67.71
9623,F,Retraite,0,Bordeaux,Prive,0.4591296371090371,10,71.94
9624,M,Cadre,0,Bordeaux,Public,0.6491776266773018,13,98.18
9625,M,Employe,0,Nantes,Public,0.3393672016094222,12,64.91
9626,M,Employe,0,Marseille,Prive,0.3529314350126739,13,48.85
9627,F,Ouvrier,0,Nantes,Public,0.5219444567156514,11,66.63
9628,M,Cadre,0,Marseille,Prive,0.07473581561599801,11,85.34
9629,M,Professions_intermediaires,0,Nancy,Prive,0.7015152873462819,12,72.84
9630,F,Agriculteur,0,Nantes,Prive,0.526027489717053,13,68.84
9631,F,Agriculteur,0,Marseille,Prive,0.5186115600885167,10,50.32
9632,F,Cadre,1,Paris,Public,0.392136319100056,11,60.61
9633,F,Employe,0,Nantes,Prive,0.6378128436767957,12,85.91
9634,F,Retraite,1,Marseille,Public,0.46771618198147735,11,40.79
9635,M,Agriculteur,0,Lyon,Prive,0.7452269469409623,13,63.89
9636,M,Professions_intermediaires,0,Bordeaux,Public,0.15781762436121866,11,84.11
9637,M,Ouvrier,0,Nancy,Public,0.5126528227986231,10,65.81
9638,M,Cadre,0,Paris,Prive,0.5084764361694524,12,88.47
9639,M,Professions_intermediaires,1,Lille,Public,0.5622545832754452,13,56.77
9640,M,Retraite,0,Nancy,Prive,0.780731371175476,13,66.975
9641,F,Professions_intermediaires,0,Marseille,Public,0.22724001569504876,11,67.13
9642,M,Cadre,1,Paris,Public,0.22108655122947307,13,72.82
9643,F,Cadre,0,Bordeaux,Public,0.4293865654356028,13,77.77
9644,F,Cadre,0,Nantes,Public,0.1214972777940696,12,89.46
9645,F,Ouvrier,0,Bordeaux,Prive,0.9613098988280667,11,74.79
9646,M,Ouvrier,1,Bordeaux,Prive,0.6866836878998954,12,47.3
9647,F,Agriculteur,0,Lille,Public,0.6034506641453365,12,56.74
9648,M,Cadre,0,Nancy,Prive,0.6565784856645447,13,91.27
9649,M,Retraite,0,Lyon,Public,0.7542045615042055,11,69.01
9650,F,Cadre,1,Lyon,Public,0.377069578879605,13,48.28
9651,F,Retraite,1,Toulouse,Public,0.42779692178496953,11,44.29
9652,F,Employe,0,Bordeaux,Public,0.5684546952572181,13,66.18
9653,M,Employe,0,Paris,Prive,0.39915327640591236,12,67.17
9654,F,Professions_intermediaires,0,Marseille,Public,0.31449114000500333,12,63.73
9655,M,Agriculteur,1,Toulouse,Public,0.39409619014292785,12,36.53
9656,F,Ouvrier,0,Nancy,Public,0.5763424682456517,13,64.03
9657,M,Professions_intermediaires,1,Lyon,Public,0.6822913531732205,10,54.45
9658,M,Employe,0,Paris,Prive,0.24583957072226248,11,58.37
9659,M,Agriculteur,0,Lille,Prive,0.4620494240737596,13,56.18
9660,M,Professions_intermediaires,0,Paris,Prive,0.48919504776474665,11,73.25
9661,F,Professions_intermediaires,0,Paris,Prive,0.2218645610069817,10,75.15
9662,M,Employe,0,Lyon,Public,0.5897678651338911,13,71.45
9663,F,Employe,0,Marseille,Prive,0.478584211497613,13,64.71
9664,F,Professions_intermediaires,0,Lyon,Prive,0.31229083283460923,12,56.59
9665,F,Cadre,0,Nantes,Public,0.40353293968935927,13,75.71
9666,M,Agriculteur,0,Lyon,Public,0.6070518198706449,12,63.66
9667,M,Ouvrier,0,Lyon,Prive,0.6955741361943087,13,71.85
9668,M,Employe,0,Paris,Public,0.5679157886332337,10,75.72
9669,F,Ouvrier,0,Bordeaux,Public,0.881220427137116,11,72.69
9670,F,Ouvrier,0,Lille,Public,0.7230770602621958,12,63.29
9671,M,Employe,0,Lyon,Prive,0.6102689343059859,12,81.16
9672,M,Cadre,1,Nancy,Public,0.35945048565353604,11,66.57
9673,M,Ouvrier,0,Marseille,Public,0.7262317143227912,10,46.3
9674,F,Ouvrier,1,Nancy,Prive,0.34627677514877064,11,66.975
9675,F,Retraite,0,Bordeaux,Public,0.6493600711834115,13,67.32
9676,F,Professions_intermediaires,0,Marseille,Public,0.011195788309991517,13,73.21
9677,M,Agriculteur,0,Nancy,Prive,0.40124167987734133,10,70.06
9678,F,Agriculteur,0,Paris,Public,0.22045571325422098,13,51.74
9679,M,Ouvrier,0,Toulouse,Public,0.44275042440776025,13,54.53
9680,F,Professions_intermediaires,1,Lille,Prive,0.19216693249460481,13,31.39
9681,F,Retraite,0,Lille,Public,0.5057119640883118,11,58.66
9682,M,Cadre,0,Paris,Public,0.593415129797432,11,87.33
9683,F,Retraite,0,Paris,Public,0.36997926831722344,10,63.26
9684,F,Retraite,0,Nantes,Public,0.43599249652584426,12,58.06
9685,M,Professions_intermediaires,0,Lyon,Public,0.5438964470547393,10,72.69
9686,F,Ouvrier,0,Bordeaux,Public,0.4905805507890753,11,62.28
9687,M,Professions_intermediaires,0,Nancy,Prive,0.7695844836639414,12,85.97
9688,F,Retraite,0,Toulouse,Public,0.3629224891279355,11,56.85
9689,F,Professions_intermediaires,1,Marseille,Public,0.6074465339165164,11,56.51
9690,F,Agriculteur,0,Bordeaux,Public,0.5520455346839966,11,59.36
9691,F,Professions_intermediaires,0,Marseille,Public,0.18225091385253084,10,57.54
9692,F,Cadre,0,Nantes,Prive,0.5174541605565668,12,96.05
9693,M,Retraite,0,Lyon,Public,0.4826261523164229,10,77.38
9694,F,Ouvrier,0,Lille,Public,0.40152069548171154,11,61.18
9695,F,Cadre,0,Bordeaux,Public,0.8548663961340239,10,90.38
9696,M,Ouvrier,0,Nancy,Public,0.7570012082999933,11,61.42
9697,F,Professions_intermediaires,1,Paris,Prive,0.3474743858264575,11,63.13
9698,F,Retraite,1,Lyon,Prive,0.6270627940365593,11,13.3
9699,M,Retraite,0,Bordeaux,Public,0.64877543714734,11,87.74
9700,M,Employe,0,Nancy,Public,0.5291757163449855,10,68.37
9701,F,Agriculteur,0,Paris,Prive,0.2803783506990786,11,41.77
9702,F,Retraite,0,Paris,Public,0.3095287971236899,13,83.45
9703,F,Retraite,0,Nancy,Public,0.6055758148347453,12,46.19
9704,M,Professions_intermediaires,1,Toulouse,Public,0.6013693427381867,10,35.92
9705,F,Employe,1,Toulouse,Prive,0.4429260184316727,13,39.18
9706,M,Cadre,0,Nancy,Public,0.763155283186434,12,88.37
9707,F,Agriculteur,0,Nantes,Public,0.7986840689594819,12,86.88
9708,F,Professions_intermediaires,0,Marseille,Prive,0.796323373826481,10,78.92
9709,M,Cadre,0,Bordeaux,Public,0.7971745970947064,11,83.29
9710,F,Employe,0,Nantes,Public,0.49683327323796217,11,65.66
9711,F,Professions_intermediaires,1,Lille,Prive,0.2330300497350225,12,46.8
9712,M,Cadre,1,Lille,Public,0.4355190161692278,10,75.53
9713,M,Cadre,0,Paris,Prive,0.477035108210073,10,92.99
9714,F,Retraite,1,Paris,Public,0.374052620377984,13,37.29
9715,M,Ouvrier,0,Nantes,Prive,0.42383570082160127,11,55.22
9716,M,Employe,0,Lyon,Prive,0.268907416842197,13,45.18
9717,M,Retraite,0,Marseille,Prive,0.6428882255486225,10,72.83
9718,F,Retraite,0,Toulouse,Public,0.8256601389264453,13,72.2
9719,M,Employe,0,Bordeaux,Public,0.9763991399685117,11,80.97
9720,F,Retraite,0,Paris,Public,0.5496467701977737,10,72.28
9721,M,Employe,0,Bordeaux,Public,0.4656777434605117,12,80.25
9722,M,Ouvrier,0,Paris,Public,0.4926089316274319,12,56.33
9723,F,Employe,0,Marseille,Prive,0.7722379306598026,10,74.98
9724,M,Professions_intermediaires,0,Lille,Public,0.7688585237370631,13,66.975
9725,F,Ouvrier,0,Lyon,Prive,0.45188183563790313,13,58.88
9726,F,Employe,0,Paris,Public,0.7406893851233193,11,72.98
9727,M,Agriculteur,0,Toulouse,Prive,0.5323230785916587,13,92.47
9728,M,Professions_intermediaires,1,Lyon,Public,0.3528950140702283,10,50.36
9729,M,Professions_intermediaires,0,Lyon,Prive,0.46907504213299106,13,88.94
9730,M,Retraite,0,Toulouse,Prive,0.8406170306379775,11,66.47
9731,M,Employe,1,Lyon,Public,0.6443385847515275,13,46.09
9732,F,Retraite,1,Paris,Prive,0.3986474176245989,13,25.22
9733,M,Cadre,0,Lille,Public,0.68746585674031,13,93.63
9734,F,Retraite,0,Nantes,Prive,0.6427843171187295,10,75.1
9735,F,Agriculteur,0,Toulouse,Prive,0.4380084531605837,11,68.94
9736,F,Employe,0,Nantes,Public,0.3506773137751107,10,69.34
9737,F,Employe,0,Lille,Prive,0.2777447127807794,10,71.49
9738,F,Professions_intermediaires,0,Toulouse,Prive,0.17114465777730348,12,54.93
9739,M,Professions_intermediaires,0,Lyon,Prive,0.369147713351379,12,71.75
9740,M,Employe,0,Lyon,Public,0.46446200627916506,10,81.15
9741,F,Employe,0,Lille,Public,0.7520316183678388,10,71.5
9742,F,Retraite,0,Lille,Prive,0.6648543605418884,11,56.74
9743,M,Agriculteur,0,Bordeaux,Public,0.5393015909209792,12,78.6
9744,F,Employe,0,Bordeaux,Prive,0.12523845712545212,11,61.59
9745,M,Agriculteur,0,Marseille,Public,0.5590538830331034,13,69.05
9746,M,Ouvrier,0,Nancy,Prive,0.17091093106605304,12,49.1
9747,F,Cadre,0,Marseille,Public,0.6746395409632248,12,97.63
9748,M,Ouvrier,0,Toulouse,Public,0.6802944196185239,10,59.02
9749,M,Professions_intermediaires,0,Bordeaux,Prive,0.5101801700487216,13,87.24
9750,M,Employe,0,Nancy,Prive,0.6633698709438608,12,71.36
9751,F,Employe,0,Toulouse,Prive,0.7028413548963839,13,82.08
9752,M,Employe,0,Lyon,Prive,0.5219139841100034,11,75.55
9753,M,Employe,0,Bordeaux,Prive,0.47102232539225863,12,55.73
9754,F,Ouvrier,0,Toulouse,Prive,0.23425142381123482,12,59.95
9755,M,Professions_intermediaires,0,Paris,Public,0.4289868606808271,13,70.02
9756,M,Retraite,0,Bordeaux,Prive,0.30068187322417356,12,65.52
9757,F,Employe,1,Marseille,Prive,0.29866845630199523,11,43.53
9758,F,Agriculteur,0,Toulouse,Public,0.35341541319203285,12,49.33
9759,M,Professions_intermediaires,0,Lille,Public,0.10769247589772812,10,72.48
9760,F,Employe,0,Bordeaux,Public,0.6958700348309061,12,52.72
9761,M,Ouvrier,0,Paris,Prive,0.5438003734833202,11,62.24
9762,F,Agriculteur,1,Bordeaux,Public,0.732175416093249,11,71.66
9763,M,Ouvrier,0,Marseille,Public,0.6603910944457028,13,76.14
9764,M,Cadre,1,Nantes,Public,0.5997706441180545,13,69.82
9765,M,Ouvrier,0,Marseille,Prive,0.6588449511813379,10,58.89
9766,M,Agriculteur,0,Nancy,Public,0.5301625397190185,12,68.1
9767,F,Retraite,0,Bordeaux,Public,0.7610131430671591,10,80.7
9768,F,Employe,1,Lyon,Public,0.39804884733622375,11,66.975
9769,M,Employe,0,Lyon,Prive,0.4959726810450845,13,70.67
9770,M,Professions_intermediaires,0,Bordeaux,Public,0.4441620960784373,12,65.11
9771,F,Professions_intermediaires,1,Paris,Public,0.90341051229008,10,61.84
9772,M,Cadre,0,Nantes,Public,0.3736315795235863,10,76.97
9773,M,Cadre,0,Toulouse,Prive,0.7575499238222245,10,93.39
9774,F,Employe,0,Paris,Public,0.22733009412147137,13,67.44
9775,F,Employe,1,Nantes,Prive,0.5200551291830003,13,68.32
9776,M,Professions_intermediaires,0,Lille,Prive,0.463681421581284,11,71.83
9777,M,Agriculteur,0,Paris,Public,0.29582490609579837,11,66.41
9778,F,Agriculteur,1,Lille,Public,0.367108722977568,12,57.15
9779,M,Professions_intermediaires,0,Toulouse,Public,0.6006134500013525,13,75.99
9780,M,Agriculteur,0,Bordeaux,Prive,0.4327071492442538,13,67.4
9781,F,Professions_intermediaires,0,Marseille,Prive,0.3069641572100591,13,76.74
9782,F,Cadre,0,Paris,Public,0.679555085925918,12,83.36
9783,M,Cadre,0,Lille,Public,0.4957625825082037,12,85.71
9784,F,Professions_intermediaires,0,Bordeaux,Public,0.5662427890992981,10,69.66
9785,F,Employe,0,Marseille,Prive,0.7186358649617214,10,70.44
9786,F,Agriculteur,0,Marseille,Public,0.8091626707423596,13,95.62
9787,M,Employe,0,Nantes,Public,0.042785531620012474,10,55.64
9788,F,Ouvrier,0,Marseille,Public,0.4785135830485073,12,63.02
9789,M,Cadre,0,Bordeaux,Public,0.1646160682270006,11,52.81
9790,M,Ouvrier,0,Paris,Prive,1.0452115556341344,10,75.96
9791,F,Employe,0,Lille,Public,0.5301501875071819,13,86.95
9792,F,Cadre,0,Bordeaux,Public,0.6946322168724977,11,82.15
9793,F,Ouvrier,1,Marseille,Public,0.37457875328766793,10,48.5
9794,F,Employe,1,Nancy,Public,0.4289142771031887,11,41.36
9795,M,Professions_intermediaires,1,Lyon,Public,0.7198741361938825,11,43.94
9796,M,Cadre,0,Toulouse,Prive,0.6030210796072808,11,82.33
9797,M,Retraite,0,Marseille,Prive,0.8355456733705396,13,65.23
9798,M,Ouvrier,0,Toulouse,Prive,0.3331225989711277,11,57.37
9799,M,Agriculteur,0,Nantes,Prive,0.4563899480928658,12,64.32
9800,M,Professions_intermediaires,0,Toulouse,Prive,0.6026276085324311,13,67.27
9801,M,Professions_intermediaires,0,Paris,Prive,0.6331371876574237,13,81.72
9802,F,Agriculteur,0,Toulouse,Public,0.5838555840209021,10,81.91
9803,M,Ouvrier,0,Paris,Prive,0.2353759936710848,12,60.02
9804,F,Agriculteur,0,Toulouse,Prive,0.31147225271614987,12,66.96
9805,M,Employe,0,Bordeaux,Public,0.5683227741038679,12,67.81
9806,F,Professions_intermediaires,1,Paris,Public,0.19133423172184472,12,53.98
9807,M,Employe,0,Paris,Prive,0.3227935071157,10,58.15
9808,M,Cadre,0,Toulouse,Public,0.5074643336833217,13,91.74
9809,F,Agriculteur,0,Toulouse,Prive,0.344781449882524,12,54.55
9810,M,Retraite,0,Paris,Prive,0.5458564474835407,11,49.31
9811,M,Retraite,1,Marseille,Prive,0.4820784827053492,11,49.13
9812,M,Agriculteur,0,Nantes,Prive,0.34236593062203224,10,54.87
9813,F,Professions_intermediaires,1,Nancy,Prive,0.3471006400254309,12,45.34
9814,M,Professions_intermediaires,0,Nancy,Prive,0.7555780494181511,13,70.28
9815,M,Retraite,0,Paris,Prive,0.5768248891225309,11,71.06
9816,F,Employe,0,Nantes,Prive,0.5494650839736985,13,62.41
9817,F,Retraite,0,Nancy,Public,0.510972245521898,12,78.25
9818,M,Professions_intermediaires,0,Toulouse,Prive,0.3185149474811938,13,76.92
9819,F,Professions_intermediaires,0,Nancy,Public,0.38712600758078386,10,75.4
9820,F,Professions_intermediaires,1,Lyon,Public,0.019855435505023777,11,59.33
9821,M,Agriculteur,0,Bordeaux,Prive,0.3726985585982326,11,56.79
9822,F,Agriculteur,0,Marseille,Prive,0.3760668128425516,13,67.94
9823,F,Ouvrier,0,Paris,Prive,0.6097200307309664,13,43.31
9824,F,Agriculteur,0,Lyon,Prive,0.3793733553901961,12,62.1
9825,F,Agriculteur,1,Marseille,Prive,0.6571793598581752,13,41.1
9826,F,Retraite,0,Toulouse,Public,0.44805375163179645,10,72.55
9827,M,Retraite,0,Lyon,Public,0.5297072596709077,10,76.0
9828,M,Retraite,0,Nantes,Public,0.49376309298956894,13,61.42
9829,M,Ouvrier,0,Marseille,Public,0.639957630362463,13,83.65
9830,F,Professions_intermediaires,1,Paris,Prive,0.7412416897481356,11,53.21
9831,F,Retraite,0,Lyon,Public,0.302598176857097,11,50.47
9832,M,Retraite,0,Toulouse,Public,0.8518861448269275,10,66.88
9833,F,Professions_intermediaires,0,Paris,Prive,0.32864613548674826,10,75.17
9834,M,Retraite,0,Paris,Prive,0.4631474455156489,13,71.71
9835,F,Retraite,0,Lyon,Public,0.39421204067090354,12,70.31
9836,M,Ouvrier,0,Toulouse,Prive,0.8015508813603948,13,63.58
9837,M,Retraite,0,Lille,Prive,0.28782608876288174,10,69.44
9838,M,Professions_intermediaires,1,Nancy,Prive,0.643508404499535,13,52.48
9839,F,Professions_intermediaires,0,Paris,Prive,0.058326966420929216,12,91.96
9840,F,Employe,0,Paris,Public,0.662768303885716,10,81.75
9841,M,Retraite,0,Paris,Prive,0.46174177606570266,13,45.02
9842,F,Employe,0,Paris,Prive,0.4251022701174312,11,62.47
9843,M,Cadre,0,Nancy,Prive,0.3616586679474231,11,74.15
9844,F,Employe,0,Bordeaux,Prive,0.48668051637917237,13,87.28
9845,M,Retraite,0,Toulouse,Prive,0.42900773200267744,11,54.05
9846,F,Cadre,0,Toulouse,Public,0.2018202718913727,13,58.68
9847,M,Ouvrier,0,Nancy,Prive,0.3430257836012316,12,65.7
9848,M,Ouvrier,0,Marseille,Public,0.6596824837207248,13,37.65
9849,M,Retraite,1,Nantes,Public,0.41946678772571083,11,66.975
9850,F,Employe,0,Bordeaux,Prive,0.3418831049043357,12,72.35
9851,F,Agriculteur,1,Lille,Public,0.5093003836949794,10,46.31
9852,F,Ouvrier,0,Paris,Public,0.5977200382855707,11,76.56
9853,M,Retraite,0,Toulouse,Prive,0.6300282697461921,13,70.51
9854,F,Professions_intermediaires,0,Nantes,Public,0.5675786907694031,11,68.89
9855,M,Employe,1,Bordeaux,Public,0.7417916203718666,12,54.39
9856,F,Retraite,1,Nantes,Public,0.5098345942999268,11,61.54
9857,F,Employe,0,Toulouse,Prive,0.452779374477497,10,69.79
9858,M,Retraite,0,Toulouse,Public,0.6746898373369656,12,72.71
9859,F,Professions_intermediaires,0,Nantes,Prive,0.3582951024762733,10,76.7
9860,F,Cadre,0,Toulouse,Prive,0.4191649664205429,11,77.35
9861,M,Ouvrier,0,Toulouse,Public,0.18138289974230065,13,38.17
9862,M,Employe,0,Toulouse,Public,0.8627769315931586,12,78.59
9863,M,Ouvrier,1,Paris,Public,0.9170793093070166,10,62.39
9864,M,Retraite,0,Nantes,Prive,0.4649955724985929,12,68.73
9865,M,Ouvrier,0,Nantes,Prive,0.6526929359766113,11,51.4
9866,M,Ouvrier,0,Paris,Prive,0.6399112050561758,10,67.04
9867,F,Ouvrier,0,Toulouse,Public,0.5378799586440854,12,70.97
9868,F,Retraite,0,Bordeaux,Prive,0.743096236604553,13,81.74
9869,F,Retraite,0,Lyon,Public,0.24703478136349988,10,65.67
9870,M,Agriculteur,0,Marseille,Prive,0.46303106732142957,10,69.67
9871,M,Ouvrier,0,Lille,Public,0.08262777221466466,13,45.25
9872,F,Professions_intermediaires,0,Nantes,Public,0.2977933018645865,10,69.57
9873,M,Retraite,0,Lille,Public,0.17486343900970053,11,66.01
9874,F,Ouvrier,0,Lille,Public,0.13243483414649698,10,45.99
9875,M,Agriculteur,1,Bordeaux,Public,0.4009198507299073,10,38.05
9876,M,Ouvrier,1,Marseille,Prive,0.5729769307782435,11,48.22
9877,M,Agriculteur,0,Lille,Public,0.3669501651240738,12,68.65
9878,M,Professions_intermediaires,0,Toulouse,Prive,0.3909806197525455,13,84.95
9879,M,Retraite,1,Nancy,Prive,0.3530552523554853,11,49.12
9880,F,Cadre,0,Nancy,Prive,0.5280793665084113,13,81.31
9881,F,Agriculteur,0,Nancy,Public,0.37909570303170403,13,80.94
9882,M,Retraite,1,Nancy,Public,0.29868866134394145,11,42.49
9883,F,Employe,0,Nantes,Prive,0.6864645902671322,12,79.14
9884,F,Professions_intermediaires,1,Lyon,Public,0.3255340806566418,11,48.68
9885,F,Cadre,1,Toulouse,Public,0.24563412619856057,13,64.72
9886,M,Cadre,0,Nancy,Prive,0.6479828526385472,10,82.78
9887,M,Agriculteur,0,Nancy,Public,0.16324140056225045,13,41.69
9888,M,Employe,0,Bordeaux,Prive,0.7458701247425199,11,89.0
9889,M,Ouvrier,0,Marseille,Prive,0.2947993817101233,10,47.93
9890,M,Cadre,0,Lille,Prive,0.516033674404291,11,79.57
9891,M,Agriculteur,0,Paris,Prive,0.30108305022143994,12,58.26
9892,M,Ouvrier,0,Bordeaux,Prive,0.5025896196597142,10,76.7
9893,F,Cadre,0,Lyon,Prive,0.39579972329557456,13,66.975
9894,M,Agriculteur,1,Nancy,Public,0.3034958589390233,13,49.68
9895,F,Cadre,0,Paris,Public,0.17927574350832526,12,87.45
9896,M,Professions_intermediaires,0,Lyon,Prive,0.39184690247594434,12,78.73
9897,M,Professions_intermediaires,0,Toulouse,Public,0.5950099785472633,10,78.39
9898,M,Agriculteur,1,Paris,Public,0.6348733342766786,13,52.97
9899,M,Retraite,0,Marseille,Public,0.35628034337613346,11,74.63
9900,M,Cadre,0,Bordeaux,Public,0.3567547317043792,11,70.25
9901,M,Cadre,0,Lyon,Prive,0.46513447363725635,11,75.59
9902,F,Employe,0,Bordeaux,Prive,0.5002754883341854,11,74.66
9903,F,Cadre,0,Toulouse,Public,0.4993474709497286,10,88.77
9904,M,Retraite,0,Nantes,Public,0.41322298521878265,12,59.28
9905,M,Professions_intermediaires,0,Bordeaux,Prive,0.42689262216028867,11,94.09
9906,F,Agriculteur,1,Toulouse,Public,0.4425488635842247,13,37.85
9907,M,Cadre,0,Nantes,Public,0.016965185515568804,10,74.09
9908,M,Agriculteur,0,Lyon,Public,0.4188807126271042,10,69.02
9909,M,Agriculteur,0,Nancy,Public,0.6564262236257528,12,68.04
9910,F,Professions_intermediaires,0,Lyon,Public,0.7786494998444207,10,75.88
9911,M,Retraite,0,Toulouse,Public,0.7352858706374732,12,66.66
9912,F,Retraite,0,Toulouse,Public,0.5180160340655555,12,80.44
9913,F,Ouvrier,0,Nancy,Prive,0.26222417056135605,12,53.05
9914,M,Employe,0,Marseille,Prive,0.3904624792777719,12,68.33
9915,M,Retraite,0,Bordeaux,Prive,0.3476342490109078,13,55.4
9916,F,Cadre,0,Lyon,Public,0.21819139049295921,12,85.91
9917,F,Employe,0,Lyon,Public,0.31158443754676524,13,74.25
9918,F,Agriculteur,0,Paris,Prive,0.3542244796107261,13,64.77
9919,M,Professions_intermediaires,0,Toulouse,Prive,0.22104727982903544,11,74.23
9920,M,Ouvrier,0,Toulouse,Prive,0.6865557588470811,13,63.12
9921,F,Ouvrier,0,Nantes,Public,0.6218155794612259,12,64.61
9922,F,Agriculteur,0,Marseille,Public,0.49016127850840907,11,73.37
9923,M,Agriculteur,0,Nancy,Public,0.5763387007122218,13,148.41915978984596
9924,F,Cadre,0,Lille,Prive,0.5611807128158881,12,89.0
9925,F,Retraite,1,Nancy,Public,0.35330222945062906,12,29.02
9926,F,Ouvrier,0,Nantes,Public,0.8597836646590571,11,58.3
9927,M,Retraite,0,Nancy,Public,0.34627302618394873,10,45.06
9928,F,Ouvrier,0,Lyon,Prive,0.16639983700697075,12,41.55
9929,F,Professions_intermediaires,0,Toulouse,Public,0.5322610088705078,13,80.35
9930,F,Retraite,0,Nantes,Prive,0.6128517873438201,13,64.81
9931,F,Professions_intermediaires,1,Paris,Prive,0.439622276717002,10,48.49
9932,F,Agriculteur,0,Toulouse,Prive,0.748937602236183,11,91.2
9933,F,Cadre,0,Nancy,Public,0.5361256012649406,12,97.12
9934,F,Employe,1,Lille,Prive,0.3358739546712733,10,30.58
9935,F,Employe,1,Lille,Public,0.38124909942607826,13,66.975
9936,F,Ouvrier,0,Nancy,Prive,0.5297262143155946,12,53.62
9937,M,Employe,0,Lyon,Public,0.5161014724167018,13,67.92
9938,F,Employe,0,Lyon,Public,0.7426866318122354,11,62.22
9939,M,Agriculteur,0,Nancy,Public,0.6669585148298636,12,65.54
9940,M,Employe,0,Lyon,Prive,0.18646792660242434,11,63.86
9941,M,Ouvrier,1,Bordeaux,Prive,0.4662550235930401,10,38.05
9942,M,Agriculteur,0,Lille,Public,0.25142150675225217,10,50.74
9943,M,Professions_intermediaires,0,Lyon,Public,0.7917187511569619,10,81.33
9944,F,Employe,0,Lille,Prive,0.3053022303509655,13,65.38
9945,F,Agriculteur,0,Paris,Prive,0.5404177743254046,10,72.32
9946,F,Employe,0,Toulouse,Public,0.36043260190534043,13,52.76
9947,M,Agriculteur,0,Toulouse,Prive,0.1042882425966663,12,68.12
9948,M,Ouvrier,0,Nancy,Prive,0.2489359252494205,12,50.0
9949,M,Professions_intermediaires,1,Toulouse,Prive,0.4501188416653246,12,42.54
9950,M,Professions_intermediaires,0,Nancy,Prive,0.6137139191523961,12,77.13
9951,F,Cadre,0,Paris,Public,0.6061980252671144,13,93.8
9952,F,Agriculteur,1,Nantes,Public,0.23385328077366568,10,49.01
9953,F,Cadre,0,Lille,Prive,0.5626601324815156,12,98.46
9954,F,Professions_intermediaires,0,Toulouse,Public,0.6899578796186668,13,73.96
9955,M,Employe,0,Nantes,Prive,0.602540403996781,12,54.68
9956,F,Professions_intermediaires,0,Paris,Prive,0.427657157715002,10,70.96
9957,M,Agriculteur,0,Bordeaux,Prive,0.5096162301982271,10,42.77
9958,M,Retraite,0,Marseille,Prive,0.5304868838467556,12,57.17
9959,F,Cadre,0,Bordeaux,Prive,0.7794066772162564,12,88.63
9960,M,Cadre,0,Nancy,Public,0.8402665934538098,12,87.05
9961,F,Cadre,0,Paris,Prive,0.6289779463635923,10,92.92
9962,M,Retraite,0,Marseille,Prive,0.5106840229437946,11,64.04
9963,M,Retraite,0,Toulouse,Prive,0.49378608658573964,11,67.89
9964,F,Professions_intermediaires,0,Nantes,Prive,0.514524246574264,11,78.35
9965,M,Agriculteur,0,Paris,Public,0.5410767504950429,12,55.54
9966,F,Ouvrier,0,Lille,Public,0.3967508291927706,12,66.975
9967,M,Agriculteur,0,Paris,Public,0.8936264959545608,11,71.8
9968,F,Agriculteur,1,Lyon,Public,0.3416119300479618,12,47.95
9969,F,Agriculteur,1,Lyon,Prive,0.7591103717780108,12,59.36
9970,F,Professions_intermediaires,0,Lille,Prive,0.06042253923368279,12,58.67
9971,F,Retraite,0,Nancy,Public,0.44492812324155523,11,58.07
9972,F,Professions_intermediaires,0,Bordeaux,Public,0.4322336347278568,10,74.31
9973,M,Retraite,1,Bordeaux,Prive,0.5457430517623366,13,40.67
9974,M,Employe,0,Nancy,Prive,0.42713454744974927,13,80.88
9975,M,Professions_intermediaires,0,Marseille,Prive,0.777199382602594,11,80.19
9976,F,Cadre,1,Lyon,Public,0.45153778425691266,12,53.97
9977,F,Retraite,0,Toulouse,Public,0.2941413783985797,11,79.73
9978,M,Retraite,0,Toulouse,Prive,0.3068066024276703,13,62.91
9979,F,Retraite,0,Toulouse,Prive,0.405411006811332,10,63.08
9980,F,Employe,0,Lille,Public,0.6448672003816975,11,85.35
9981,F,Cadre,0,Lyon,Prive,0.6811018085178471,12,92.26
9982,F,Ouvrier,0,Bordeaux,Prive,0.25954154720594497,12,55.47
9983,F,Retraite,0,Lyon,Prive,0.3399771005374015,11,47.59
9984,M,Employe,0,Nancy,Public,0.286890833309648,12,41.69
9985,F,Professions_intermediaires,1,Bordeaux,Prive,0.44291031130338376,11,65.23
9986,M,Cadre,0,Paris,Public,0.6923980631107763,11,90.93
9987,F,Retraite,0,Toulouse,Prive,0.5342848422776536,13,64.44
9988,F,Agriculteur,0,Marseille,Prive,0.6100277463933201,10,70.65
9989,M,Agriculteur,0,Toulouse,Prive,0.6493770268776645,12,74.05
9990,M,Professions_intermediaires,0,Toulouse,Prive,0.3826461915186753,12,77.13
9991,F,Ouvrier,1,Toulouse,Public,0.24381068183352694,12,66.975
9992,F,Retraite,0,Bordeaux,Prive,0.38252615139481916,13,64.65
9993,M,Ouvrier,0,Lyon,Prive,0.6642725917278895,13,68.35
9994,F,Cadre,0,Nantes,Public,0.6205741618439551,11,83.64
9995,M,Cadre,0,Nantes,Public,0.5158211164759308,11,64.32
9996,F,Cadre,0,Toulouse,Public,0.6897762376743073,13,82.75
9997,M,Retraite,0,Lille,Public,0.5291283635762459,12,52.91
9998,F,Employe,0,Marseille,Public,0.4336307713854614,13,77.71
9999,M,Professions_intermediaires,0,Lyon,Prive,0.18623944384070246,13,58.44
10000,M,Employe,0,Marseille,Public,0.7542618377886903,13,63.62
10001,F,Retraite,1,Nantes,Public,0.4807864545076469,13,39.24
10002,F,Agriculteur,1,Lyon,Public,0.40971961507671717,10,55.03
10003,M,Cadre,1,Marseille,Prive,0.4794662316440476,12,71.46
10004,M,Ouvrier,0,Lyon,Public,0.799749308605455,12,59.35
10005,F,Ouvrier,0,Toulouse,Prive,0.6985296747244725,12,61.81
10006,M,Employe,0,Marseille,Prive,0.4279990237596162,13,63.83
10007,M,Cadre,0,Nantes,Public,0.5939507969682387,11,98.59
10008,F,Retraite,1,Nantes,Public,0.7454176499411098,11,32.43
10009,M,Ouvrier,0,Lille,Prive,0.5694855673643091,10,48.75
10010,F,Professions_intermediaires,0,Toulouse,Public,0.5241450744145197,10,97.91
10011,M,Cadre,0,Nancy,Prive,0.08194028154594069,10,66.975
10012,F,Ouvrier,0,Nantes,Prive,0.7491518981129839,12,53.57
10013,M,Professions_intermediaires,1,Bordeaux,Public,0.29433641287201223,11,77.7
10014,M,Agriculteur,0,Lille,Prive,0.12585704911756795,11,65.51
10015,M,Retraite,0,Lille,Public,0.13914016050669353,13,57.08
10016,M,Professions_intermediaires,0,Paris,Prive,0.3289784549227699,12,83.54
10017,M,Employe,0,Lyon,Public,0.597193231985089,10,61.27
10018,M,Retraite,0,Bordeaux,Public,0.7321268631144614,13,64.74
10019,M,Employe,0,Paris,Public,0.5683313822172172,12,69.19
10020,F,Agriculteur,0,Paris,Prive,0.8471025751558675,11,81.68
10021,F,Retraite,1,Lyon,Public,0.41937130547545276,11,46.76
10022,F,Ouvrier,0,Paris,Public,0.4535856532925391,13,62.32
10023,M,Retraite,0,Bordeaux,Public,0.12664803223462973,11,52.22
10024,M,Employe,0,Marseille,Prive,0.38483901830698025,12,67.64
10025,F,Cadre,0,Lille,Public,0.09159454442336079,11,78.94
10026,F,Employe,0,Paris,Prive,0.2316553394011301,12,62.5
10027,M,Ouvrier,1,Toulouse,Public,0.6260246233578363,13,40.39
10028,M,Agriculteur,0,Bordeaux,Prive,0.1625850358771727,10,55.9
10029,M,Cadre,0,Marseille,Prive,0.1823614407141101,10,63.84
10030,F,Professions_intermediaires,0,Bordeaux,Prive,0.14843872711427886,12,80.58
10031,F,Cadre,0,Nantes,Public,0.6552736761233278,11,95.67
10032,F,Agriculteur,0,Bordeaux,Public,0.8277805696553626,13,85.77
10033,M,Retraite,0,Nancy,Public,0.48505322236149845,11,53.24
10034,M,Professions_intermediaires,0,Nancy,Public,0.6885769652625608,10,66.975
10035,M,Ouvrier,0,Lille,Public,0.2671867944449381,11,54.25
10036,F,Employe,0,Nantes,Public,0.7459785741951814,13,156.1320333525508
10037,F,Cadre,0,Paris,Public,0.35686343230542217,13,75.43
10038,M,Ouvrier,1,Nantes,Public,0.6335157629760579,11,58.54
10039,M,Employe,0,Lyon,Prive,0.49455545160513387,12,74.8
10040,F,Employe,0,Nantes,Public,0.11640611255178773,13,61.69
10041,M,Retraite,0,Marseille,Prive,0.3229681417505535,11,62.83
10042,M,Cadre,0,Bordeaux,Prive,0.5342191428459744,12,82.76
10043,F,Retraite,0,Bordeaux,Prive,0.13007021555691312,13,51.23
10044,M,Professions_intermediaires,0,Marseille,Public,0.5593110329451644,13,53.61
10045,M,Professions_intermediaires,0,Lille,Prive,0.2167455093075823,12,75.65
10046,M,Retraite,1,Nancy,Prive,0.608125463251276,10,46.91
10047,F,Agriculteur,0,Toulouse,Prive,0.22788037985421622,12,74.17
10048,M,Employe,0,Toulouse,Prive,0.5886364794736272,12,74.19
10049,F,Employe,1,Marseille,Public,0.6633215533716329,11,51.84
10050,M,Professions_intermediaires,0,Paris,Prive,0.4663868902363359,11,74.07
10051,F,Ouvrier,0,Lille,Public,0.4839740729570599,11,54.53
10052,M,Ouvrier,1,Nantes,Prive,0.7971085953599648,11,35.78
10053,M,Ouvrier,0,Nantes,Public,0.3433575157299359,10,47.65
10054,F,Agriculteur,0,Lille,Public,0.39315120346051324,10,58.51
10055,F,Cadre,0,Nancy,Public,0.628130699419574,11,86.57
10056,F,Ouvrier,1,Lille,Prive,0.5844633628972401,12,50.41
10057,M,Agriculteur,0,Lille,Public,0.4514341071942095,10,73.09
10058,M,Professions_intermediaires,0,Lyon,Prive,0.2569947672537962,12,54.99
10059,M,Agriculteur,0,Toulouse,Public,0.6947254746896759,10,80.03
10060,F,Ouvrier,0,Paris,Prive,0.2523596494304846,10,57.33
10061,F,Retraite,1,Bordeaux,Prive,0.9556412498168694,13,61.83
10062,F,Employe,1,Paris,Prive,0.26089298755017987,10,47.87
10063,M,Professions_intermediaires,0,Nantes,Public,0.2789521220390737,10,54.07
10064,M,Professions_intermediaires,0,Nantes,Prive,0.5683487674982348,13,77.29
10065,F,Employe,0,Toulouse,Prive,0.6098240830177266,10,66.975
10066,F,Cadre,0,Bordeaux,Prive,0.30520769196292247,10,70.53
10067,M,Ouvrier,0,Lille,Public,0.838485682047838,12,59.13
10068,M,Cadre,0,Nantes,Public,0.5659460140238429,11,67.55
10069,F,Agriculteur,1,Toulouse,Prive,0.45041874541265203,12,44.36
10070,M,Employe,0,Lille,Public,0.5772006996353464,13,55.45
10071,F,Professions_intermediaires,0,Paris,Prive,0.7421353124504051,11,73.08
10072,F,Retraite,0,Lyon,Public,0.8218458875673043,11,74.8
10073,F,Employe,0,Marseille,Public,0.5385727295262223,11,76.69
10074,M,Employe,0,Marseille,Prive,0.24518367658946866,11,43.93
10075,M,Ouvrier,0,Bordeaux,Prive,0.24830066324249783,12,50.32
10076,F,Professions_intermediaires,0,Nantes,Public,0.21701558238249624,10,67.18
10077,M,Employe,0,Paris,Prive,0.37149980555745177,10,63.0
10078,M,Retraite,0,Marseille,Prive,0.5075573415249198,13,71.36
10079,M,Employe,1,Nantes,Public,0.5427875942063529,11,55.16
10080,M,Professions_intermediaires,0,Nancy,Public,0.725333867982494,12,86.93
10081,F,Employe,0,Marseille,Public,0.08533160368986098,13,61.56
10082,F,Employe,0,Toulouse,Prive,0.49784804863767224,11,66.19
10083,F,Employe,0,Nancy,Prive,0.5921621473686208,11,65.94
10084,F,Professions_intermediaires,0,Nancy,Prive,-0.06159935099620528,12,68.58
10085,F,Ouvrier,0,Nantes,Public,0.5907097780592293,12,55.92
10086,F,Ouvrier,0,Lille,Prive,1.0460165206993555,10,65.99
10087,M,Professions_intermediaires,0,Nantes,Public,0.6546723464383968,12,81.89
10088,F,Professions_intermediaires,1,Paris,Public,0.561577018507816,10,63.58
10089,F,Employe,0,Toulouse,Prive,0.44527993055005005,11,67.31
10090,F,Cadre,0,Toulouse,Prive,0.5465583393191464,13,92.24
10091,F,Cadre,0,Bordeaux,Public,0.8074263007728526,10,89.85
10092,M,Agriculteur,0,Lille,Public,0.4306512077175564,13,65.13
10093,M,Cadre,0,Toulouse,Prive,0.7387156961874463,11,92.55
10094,F,Retraite,0,Marseille,Prive,0.5928248023685463,13,60.48
10095,M,Employe,0,Lille,Prive,0.8253179867459257,10,80.62
10096,M,Employe,0,Bordeaux,Prive,0.7178098482079095,12,69.62
10097,M,Cadre,0,Toulouse,Public,0.5379074484179243,13,83.24
10098,F,Ouvrier,0,Lille,Prive,0.525013092866327,12,62.84
10099,M,Agriculteur,0,Marseille,Public,0.4373455987732316,13,74.1
10100,M,Cadre,1,Lyon,Prive,0.6953839556689426,10,48.45
10101,M,Cadre,0,Paris,Public,0.38195817076336225,13,70.0
10102,F,Professions_intermediaires,0,Paris,Public,0.5227492430768303,12,85.24
10103,M,Ouvrier,0,Nantes,Public,0.4613164658459304,10,63.55
10104,F,Cadre,0,Paris,Prive,0.23175501786241381,12,75.63
10105,F,Retraite,0,Nantes,Prive,0.5440816614913554,11,67.08
10106,M,Professions_intermediaires,0,Paris,Prive,0.19493173445242656,13,72.66
10107,M,Professions_intermediaires,1,Lyon,Public,0.4103593712181638,12,66.01
10108,F,Professions_intermediaires,1,Marseille,Prive,0.6334284703755722,12,54.66
10109,M,Cadre,0,Lyon,Prive,0.5337812342037427,13,96.6
10110,M,Retraite,0,Lyon,Prive,0.5305904414602435,11,69.78
10111,M,Retraite,0,Lille,Prive,0.3270566456151007,10,51.88
10112,F,Cadre,0,Toulouse,Prive,0.7097734899693904,12,84.65
10113,F,Retraite,0,Toulouse,Public,0.32276929589277725,10,72.49
10114,M,Ouvrier,0,Nantes,Public,0.6412709216229601,13,75.84
10115,M,Employe,0,Lille,Prive,0.7597717042240631,13,72.27
10116,M,Employe,0,Marseille,Public,0.19389024670354527,11,70.17
10117,M,Agriculteur,0,Toulouse,Prive,0.4187038230155054,13,69.4
10118,M,Professions_intermediaires,0,Toulouse,Prive,0.4003170974677115,11,71.21
10119,M,Cadre,0,Marseille,Prive,0.5545782370890624,13,86.91
10120,F,Employe,0,Lyon,Prive,0.31131320269846374,10,51.8
10121,M,Professions_intermediaires,0,Lille,Public,0.26691674266807175,13,66.975
10122,F,Employe,0,Bordeaux,Prive,0.4892815237991607,12,63.53
10123,M,Cadre,1,Bordeaux,Prive,0.3877752120184915,13,70.55
10124,F,Cadre,1,Marseille,Public,0.47080801367559083,12,67.1
10125,M,Retraite,1,Bordeaux,Public,0.6785395995832171,12,45.8
10126,F,Agriculteur,0,Lyon,Prive,0.17652059192865122,11,72.4
10127,F,Employe,0,Paris,Prive,0.47724553845838,12,54.4
10128,F,Retraite,0,Lille,Prive,0.3818055875426769,13,54.32
10129,F,Professions_intermediaires,0,Lyon,Public,0.5047323181735713,12,86.98
10130,M,Cadre,0,Nantes,Public,0.3825983854757856,13,87.19
10131,F,Professions_intermediaires,0,Marseille,Public,0.26396346307628404,10,56.05
10132,M,Employe,1,Bordeaux,Prive,0.5786114535997542,10,50.69
10133,M,Ouvrier,0,Nancy,Prive,1.0542871387912447,11,60.79
10134,M,Cadre,0,Bordeaux,Prive,0.47988302029788454,12,79.72
10135,F,Agriculteur,1,Lille,Prive,0.3547727969322211,12,50.43
10136,F,Cadre,0,Toulouse,Prive,0.35416342717808835,11,81.99
10137,F,Cadre,0,Nantes,Public,0.686942473567736,10,88.99
10138,F,Retraite,0,Marseille,Public,0.3246080806543906,10,54.23
10139,F,Retraite,0,Lille,Public,0.7599259018630526,13,81.6
10140,M,Cadre,0,Toulouse,Prive,0.17263966327420477,12,81.27
10141,F,Ouvrier,0,Nantes,Public,0.5384654286078763,10,55.1
10142,F,Agriculteur,0,Nantes,Public,0.6326706540543103,11,73.52
10143,F,Agriculteur,0,Bordeaux,Public,0.6524898812708214,11,70.07
10144,F,Retraite,0,Lille,Prive,0.6384550470606359,12,63.61
10145,F,Retraite,0,Bordeaux,Public,0.5532050677524551,13,67.97
10146,F,Professions_intermediaires,0,Nancy,Prive,0.7307172901265745,12,95.62
10147,M,Ouvrier,0,Marseille,Public,0.30180624437576375,13,47.84
10148,M,Employe,0,Toulouse,Prive,0.3711729790732674,11,69.23
10149,M,Agriculteur,1,Paris,Prive,0.4193914402909691,13,66.975
10150,M,Professions_intermediaires,0,Bordeaux,Prive,0.7967032411942914,10,84.92
10151,M,Cadre,0,Nancy,Public,0.5932396862007949,11,94.27
10152,F,Cadre,0,Bordeaux,Prive,0.6363861679762097,13,87.88
10153,F,Agriculteur,0,Bordeaux,Prive,0.46418098924056717,10,73.14
10154,F,Cadre,0,Lyon,Public,0.6633615027518815,13,90.2
10155,F,Ouvrier,0,Lille,Prive,0.18959753228755094,12,43.12
10156,F,Retraite,0,Toulouse,Prive,0.41821832862189323,11,54.33
10157,F,Cadre,0,Bordeaux,Prive,0.456523120385612,10,94.04
10158,F,Employe,0,Lyon,Prive,0.4051356787176049,13,62.28
10159,M,Ouvrier,0,Nancy,Public,0.4357464072636671,10,55.66
10160,M,Cadre,0,Toulouse,Public,0.6093713598980115,13,93.29
10161,M,Retraite,1,Lille,Prive,0.5476719936472981,13,43.94
10162,F,Ouvrier,0,Nantes,Public,0.7387355956179958,10,73.15
10163,F,Employe,1,Lille,Public,0.08274421778039875,12,38.36
10164,M,Employe,0,Marseille,Prive,0.7976497247865937,11,64.28
10165,F,Ouvrier,1,Bordeaux,Public,0.3700560877161392,12,47.79
10166,F,Professions_intermediaires,0,Bordeaux,Public,0.7631954897229143,10,73.88
10167,F,Employe,0,Marseille,Prive,0.416491722468942,11,78.02
10168,F,Agriculteur,0,Marseille,Public,0.5739045898869064,11,76.28
10169,M,Cadre,0,Bordeaux,Public,0.2846375781128754,12,74.56
10170,M,Professions_intermediaires,0,Lyon,Public,0.2567732170058582,11,74.0
10171,F,Ouvrier,0,Toulouse,Prive,0.6162259735217712,11,66.975
10172,F,Employe,0,Bordeaux,Prive,-0.03281090746226434,10,49.9
10173,M,Cadre,0,Nantes,Public,0.25696512654175624,11,80.56
10174,M,Ouvrier,1,Nancy,Public,0.653337008283227,12,50.38
10175,M,Cadre,0,Bordeaux,Prive,0.4171251776628203,12,84.67
10176,F,Cadre,0,Nantes,Prive,0.3235600605066854,10,74.99
10177,M,Cadre,0,Lyon,Public,0.8045595463488355,12,78.57
10178,M,Professions_intermediaires,0,Bordeaux,Public,0.8748757757644816,11,80.66
10179,M,Agriculteur,0,Bordeaux,Public,0.5000835250891015,10,58.15
10180,F,Agriculteur,0,Nantes,Public,0.7547474952350366,13,74.22
10181,M,Ouvrier,0,Nancy,Prive,0.803407295140576,13,66.37
10182,F,Professions_intermediaires,0,Lyon,Public,0.4967369690924726,12,81.84
10183,F,Retraite,0,Paris,Prive,0.39755730107575765,11,69.06
10184,M,Retraite,0,Nancy,Public,0.5177437390063173,13,73.23
10185,M,Employe,1,Marseille,Prive,0.20909980619185436,11,40.44
10186,F,Agriculteur,0,Marseille,Public,0.613589193133864,10,68.38
10187,F,Agriculteur,0,Toulouse,Prive,0.4341108277313186,11,72.0
10188,F,Cadre,0,Bordeaux,Public,0.5112966022588653,12,89.56
10189,F,Retraite,1,Marseille,Public,0.5084017578734179,12,49.1
10190,M,Professions_intermediaires,0,Nancy,Prive,0.33049540930196364,11,87.46
10191,F,Agriculteur,0,Toulouse,Public,0.4928360767920026,12,75.32
10192,M,Agriculteur,0,Paris,Public,0.22812120223985455,11,72.67
10193,F,Agriculteur,0,Bordeaux,Public,0.4035276221244649,10,57.62
10194,M,Retraite,0,Nancy,Public,0.277335949289472,12,50.34
10195,M,Retraite,0,Lyon,Public,0.3246724663223254,11,53.18
10196,M,Cadre,0,Bordeaux,Public,0.04848277910594151,11,74.2
10197,M,Professions_intermediaires,0,Paris,Public,0.4141490717812447,13,70.82
10198,M,Professions_intermediaires,0,Marseille,Prive,0.5971083049363797,12,78.51
10199,M,Retraite,0,Lyon,Public,0.5355587801841479,12,79.66
10200,M,Cadre,0,Bordeaux,Public,0.7167804807554166,12,87.96
10201,F,Employe,0,Lille,Prive,0.30945947963098297,10,68.66
10202,M,Agriculteur,1,Nantes,Prive,0.4042609080528693,10,46.58
10203,M,Retraite,0,Lyon,Public,0.6834282036077337,11,77.78
10204,F,Retraite,0,Paris,Prive,0.4826816979570355,10,70.85
10205,M,Ouvrier,0,Nantes,Prive,0.5369999895664695,11,60.36
10206,F,Retraite,0,Nancy,Public,0.922836052568691,10,83.45
10207,M,Agriculteur,0,Marseille,Prive,0.4491588330402314,12,72.38
10208,M,Ouvrier,0,Lille,Public,0.4031718655006222,13,65.64
10209,M,Ouvrier,1,Lyon,Prive,0.30140514957627806,10,36.03
10210,M,Employe,0,Lyon,Prive,0.44215741365515293,13,71.71
10211,F,Retraite,0,Toulouse,Public,0.7043537555284767,11,67.95
10212,F,Agriculteur,1,Marseille,Prive,0.6147156188909081,10,42.87
10213,M,Professions_intermediaires,0,Lyon,Prive,0.7865147647625133,11,76.18
10214,F,Professions_intermediaires,0,Bordeaux,Prive,0.5721685176593037,11,82.6
10215,M,Cadre,0,Marseille,Public,0.05183332041852262,11,78.95
10216,F,Retraite,0,Nancy,Public,0.6258168589019019,11,62.09
10217,M,Ouvrier,0,Nancy,Public,0.5208510401847201,13,72.84
10218,M,Employe,0,Nantes,Public,0.5003421253688849,12,58.07
10219,M,Employe,0,Lille,Prive,0.7436460244216276,10,73.84
10220,M,Retraite,0,Bordeaux,Public,0.4451274160216352,11,59.07
10221,F,Professions_intermediaires,0,Marseille,Prive,0.6159339660298793,11,79.81
10222,F,Agriculteur,0,Nancy,Public,0.2846514130365684,13,53.5
10223,F,Retraite,0,Toulouse,Public,0.19634669905220664,13,43.82
10224,M,Employe,0,Toulouse,Prive,0.38023919453307503,10,66.975
10225,M,Retraite,1,Marseille,Prive,0.43726404856892315,12,48.73
10226,M,Ouvrier,1,Paris,Public,0.6096063667815724,11,44.1
10227,F,Agriculteur,0,Lyon,Prive,0.280509614068163,10,52.48
10228,M,Agriculteur,0,Nancy,Public,0.8013921556988781,10,83.34
10229,F,Agriculteur,1,Paris,Prive,0.30688046704844674,12,47.24
10230,F,Ouvrier,0,Lyon,Public,0.48237384822837887,11,67.89
10231,F,Retraite,1,Nancy,Public,0.5023260410305505,10,66.975
10232,M,Agriculteur,0,Lille,Prive,0.5598503883262859,10,53.18
10233,F,Ouvrier,0,Lyon,Public,0.5901574092730351,10,76.87
10234,M,Professions_intermediaires,0,Paris,Public,0.952416546206318,10,82.41
10235,M,Agriculteur,0,Marseille,Public,0.3794730340122798,10,74.24
10236,M,Cadre,0,Paris,Public,0.562547557022129,13,81.92
10237,M,Cadre,0,Lille,Public,0.48329003345125693,11,84.47
10238,F,Employe,0,Nantes,Public,0.6965832336433021,12,58.18
10239,F,Professions_intermediaires,0,Paris,Public,0.5897747028941926,13,70.03
10240,M,Retraite,1,Paris,Public,0.5439525138375496,12,58.31
10241,M,Professions_intermediaires,1,Nancy,Prive,0.2012366169538971,13,55.28
10242,M,Agriculteur,0,Toulouse,Public,0.4093747890464634,11,76.67
10243,M,Agriculteur,0,Bordeaux,Public,0.30468428307819817,10,68.08
10244,F,Agriculteur,0,Lille,Prive,0.4105640122265768,10,69.79
10245,F,Cadre,0,Marseille,Public,0.33482156528669693,13,90.46
10246,F,Agriculteur,1,Nantes,Prive,0.3963634403836316,13,55.45
10247,F,Employe,0,Marseille,Public,0.4178014337923727,12,69.41
10248,M,Professions_intermediaires,1,Lyon,Prive,0.4212915012852355,11,53.13
10249,M,Employe,0,Lille,Prive,0.44115075614697785,10,74.33
10250,M,Retraite,1,Marseille,Public,0.31439014995980546,12,30.59
10251,M,Agriculteur,1,Lyon,Prive,0.5074060882788094,11,45.46
10252,F,Professions_intermediaires,0,Nancy,Public,0.31962291519078695,13,58.98
10253,M,Cadre,1,Nancy,Public,0.3802291007850422,12,52.8
10254,F,Professions_intermediaires,0,Toulouse,Prive,0.48996233101063313,12,77.17
10255,F,Agriculteur,0,Paris,Public,-0.016316811413671584,13,66.975
10256,F,Employe,0,Paris,Public,0.9983111939916554,11,95.89
10257,M,Agriculteur,0,Nantes,Public,0.6049525799619844,12,69.3
10258,M,Employe,0,Lyon,Prive,0.5639666168345718,11,64.78
10259,M,Ouvrier,0,Marseille,Prive,0.39563200626605327,13,57.04
10260,M,Agriculteur,0,Nantes,Prive,0.5187943318177866,10,70.59
10261,F,Agriculteur,0,Marseille,Public,0.25802362261442935,10,80.4
10262,F,Cadre,0,Marseille,Public,0.5980455285720854,10,87.73
10263,M,Professions_intermediaires,0,Lille,Public,0.16324237836099997,13,56.74
10264,F,Agriculteur,1,Nantes,Public,0.24622225846479945,12,47.39
10265,M,Agriculteur,0,Bordeaux,Prive,0.35801384716574114,11,65.64
10266,F,Retraite,0,Lyon,Prive,0.8019808150097154,13,71.8
10267,F,Retraite,1,Marseille,Public,0.2796261667334574,12,38.25
10268,F,Cadre,0,Nancy,Prive,0.5667363830161061,13,100.0
10269,F,Employe,0,Nantes,Prive,0.08744027780665586,12,54.88
10270,M,Ouvrier,0,Nancy,Public,0.5049617610808553,11,46.29
10271,M,Professions_intermediaires,1,Bordeaux,Public,0.8470352672086281,13,56.24
10272,M,Professions_intermediaires,0,Marseille,Public,0.6000505717459255,10,71.79
10273,M,Agriculteur,0,Marseille,Prive,0.08538239772681305,10,47.49
10274,F,Ouvrier,0,Nancy,Prive,0.5087018380906101,10,59.99
10275,F,Agriculteur,0,Nancy,Public,0.4071967698940576,13,81.98
10276,F,Agriculteur,0,Paris,Prive,0.745275290262724,13,63.46
10277,M,Agriculteur,1,Toulouse,Public,0.4799657421396556,13,35.09
10278,F,Professions_intermediaires,1,Nantes,Public,0.21197476421667238,11,55.87
10279,F,Ouvrier,1,Nancy,Public,0.4727326539744805,12,39.09
10280,M,Cadre,0,Bordeaux,Prive,0.3607626492702861,12,77.5
10281,M,Professions_intermediaires,0,Nantes,Public,0.06795730097157121,13,74.22
10282,M,Professions_intermediaires,1,Marseille,Prive,0.465150820211919,13,48.24
10283,F,Professions_intermediaires,0,Lyon,Prive,0.500891491463423,11,61.43
10284,M,Professions_intermediaires,0,Nancy,Public,0.576265741118255,13,82.88
10285,M,Professions_intermediaires,0,Toulouse,Public,0.7035015455671288,13,77.93
10286,F,Employe,0,Lille,Public,0.44385044641690446,10,66.24
10287,M,Professions_intermediaires,0,Lyon,Prive,0.19974579118902902,12,49.85
10288,M,Employe,0,Toulouse,Public,0.3326624680074499,13,54.31
10289,F,Cadre,0,Paris,Prive,0.4962766893103437,11,83.63
10290,F,Cadre,0,Marseille,Prive,0.7430443286723936,11,81.27
10291,F,Agriculteur,0,Nancy,Public,0.5007905743728664,13,78.12
10292,M,Retraite,1,Nantes,Prive,0.473560246734123,13,42.84
10293,F,Professions_intermediaires,0,Nantes,Public,0.45271890157872596,13,72.3
10294,M,Ouvrier,0,Paris,Prive,0.49836227962453195,10,68.73
10295,M,Agriculteur,0,Nantes,Prive,0.8820891950487479,11,71.16
10296,F,Employe,0,Bordeaux,Prive,0.4831251305027818,10,71.6
10297,M,Ouvrier,0,Lyon,Public,0.447283318712523,12,66.975
10298,M,Employe,0,Lyon,Prive,0.5076528681773826,13,74.72
10299,M,Retraite,0,Nantes,Prive,0.3647312230107035,13,64.97
10300,F,Cadre,0,Bordeaux,Public,0.1877417200130016,11,84.27
10301,F,Employe,0,Lyon,Prive,0.1519994209388673,10,56.26
10302,M,Ouvrier,0,Toulouse,Public,0.35464358906179444,13,51.76
10303,F,Professions_intermediaires,0,Nantes,Prive,0.7362458176411496,13,79.89
10304,F,Agriculteur,0,Paris,Prive,0.733418327015119,11,80.22
10305,M,Cadre,0,Nancy,Prive,0.2768031304274645,12,82.52
10306,F,Ouvrier,0,Nantes,Public,0.46836807456200336,11,67.82
10307,M,Cadre,0,Paris,Prive,0.5263059598159889,13,77.02
10308,F,Professions_intermediaires,0,Nancy,Prive,0.35501409791725813,12,60.34
10309,F,Ouvrier,0,Nancy,Public,0.7617371743922283,13,62.96
10310,F,Employe,1,Marseille,Public,0.6524058160865156,13,46.01
10311,F,Ouvrier,1,Nancy,Public,0.5721717203349475,12,34.61
10312,F,Cadre,0,Bordeaux,Prive,0.5137027288770718,10,83.93
10313,F,Employe,0,Marseille,Public,0.1873954393247259,11,66.975
10314,F,Employe,0,Toulouse,Prive,0.7713936776150544,12,69.47
10315,M,Ouvrier,0,Nancy,Prive,0.6161027029100643,12,53.86
10316,M,Agriculteur,0,Paris,Public,0.5818519743732161,10,59.3
10317,F,Cadre,0,Lyon,Public,0.35240975755410003,12,71.19
10318,F,Retraite,0,Bordeaux,Prive,0.3697572646366911,10,53.82
10319,F,Cadre,1,Toulouse,Prive,0.5989108040576026,13,72.32
10320,F,Employe,0,Lille,Prive,0.7204478782164888,10,70.81
10321,M,Employe,0,Nantes,Prive,0.8449683580999043,11,75.59
10322,M,Retraite,1,Lyon,Public,0.3529268942467387,10,38.92
10323,F,Professions_intermediaires,0,Lille,Prive,0.46822478604141105,10,80.52
10324,M,Employe,0,Nantes,Public,0.08113353307352866,11,62.3
10325,M,Professions_intermediaires,1,Toulouse,Public,0.00777519380879893,13,47.95
10326,F,Professions_intermediaires,0,Nancy,Prive,0.6048776347983347,12,76.13
10327,M,Ouvrier,0,Marseille,Prive,0.32933936421723753,10,55.92
10328,F,Agriculteur,0,Paris,Prive,0.1053544531403321,11,50.2
10329,M,Ouvrier,0,Lyon,Public,0.2674075282614307,10,48.56
10330,M,Employe,0,Bordeaux,Prive,0.5685650590178302,10,75.12
10331,F,Agriculteur,1,Nancy,Public,0.5767818359795789,12,46.21
10332,M,Cadre,0,Toulouse,Public,0.17254904880610578,11,74.5
10333,M,Employe,1,Toulouse,Public,0.7472838307005809,10,57.81
10334,F,Ouvrier,0,Nantes,Public,0.3608602383832832,13,60.55
10335,F,Professions_intermediaires,1,Bordeaux,Prive,0.5549819621719863,13,56.75
10336,M,Agriculteur,0,Bordeaux,Public,0.5075254699567449,13,65.93
10337,F,Employe,0,Nancy,Prive,0.49768840208877757,13,75.71
10338,F,Cadre,1,Paris,Prive,0.3126123378853509,12,55.38
10339,M,Cadre,1,Marseille,Public,0.49513651800887265,10,66.71
10340,F,Retraite,0,Lyon,Prive,0.5538738952300584,12,64.12
10341,M,Agriculteur,0,Nantes,Public,0.46013678612296527,10,71.91
10342,M,Employe,0,Marseille,Prive,0.5201848499970733,11,73.01
10343,M,Professions_intermediaires,0,Lyon,Public,0.7203633712784763,11,79.79
10344,M,Retraite,0,Toulouse,Public,0.40574884333034283,11,71.32
10345,M,Cadre,0,Toulouse,Prive,0.6306716015741014,13,93.05
10346,M,Ouvrier,0,Lille,Prive,0.45791773760608784,13,56.42
10347,M,Employe,0,Lyon,Public,0.784908522029016,12,75.15
10348,F,Professions_intermediaires,1,Nantes,Public,0.21880438639490352,11,51.58
10349,M,Retraite,0,Lyon,Prive,0.7607608243914556,10,78.23
10350,F,Employe,1,Nantes,Public,0.3936709344161983,13,32.99
10351,M,Ouvrier,0,Nancy,Public,0.9223571788692386,10,78.89
10352,F,Employe,0,Nancy,Public,0.5870557114659238,12,56.38
10353,F,Cadre,0,Bordeaux,Public,0.6700496878099487,10,93.18
10354,F,Ouvrier,0,Paris,Prive,0.46781646434661767,11,64.67
10355,M,Ouvrier,0,Nantes,Public,0.63614360834814,10,61.15
10356,F,Professions_intermediaires,1,Bordeaux,Public,0.6360621639611815,13,63.71
10357,F,Agriculteur,0,Lyon,Prive,0.471517048427436,11,58.17
10358,M,Employe,0,Paris,Public,0.65285927417655,13,153.5996463332773
10359,M,Professions_intermediaires,0,Bordeaux,Public,-0.17217525211045714,11,49.67
10360,M,Professions_intermediaires,0,Paris,Prive,0.3711717115141837,11,65.2
10361,F,Agriculteur,0,Nancy,Public,0.5042804214861429,11,78.87
10362,M,Retraite,0,Marseille,Prive,0.6003785963892799,12,77.23
10363,M,Retraite,0,Bordeaux,Prive,0.6944028279225042,13,67.42
10364,F,Employe,0,Lille,Public,0.449460713628621,13,69.01
10365,M,Retraite,0,Nantes,Prive,0.4219104874242167,10,79.43
10366,F,Ouvrier,0,Bordeaux,Public,0.6743045992296459,12,61.57
10367,F,Retraite,1,Bordeaux,Prive,0.7303094369425264,10,44.48
10368,M,Ouvrier,0,Paris,Prive,0.6479724942941996,13,71.44
10369,F,Ouvrier,0,Lille,Public,0.4693920466191574,11,56.08
10370,F,Ouvrier,1,Lille,Public,1.0097136164854972,10,43.99
10371,F,Ouvrier,0,Paris,Prive,0.5158707013827415,11,69.64
10372,M,Cadre,0,Nantes,Public,0.5432864294321375,13,97.14
10373,F,Professions_intermediaires,0,Paris,Public,0.8265880115002995,12,78.23
10374,F,Agriculteur,0,Nancy,Prive,0.8056108220626459,12,75.91
10375,M,Ouvrier,0,Lyon,Public,0.6415024350461747,12,71.08
10376,M,Employe,0,Lyon,Prive,0.319665565326258,10,56.2
10377,F,Ouvrier,0,Lyon,Public,0.5225321994186292,13,70.42
10378,M,Ouvrier,1,Marseille,Public,0.6034878908450189,10,55.3
10379,F,Agriculteur,0,Marseille,Public,0.8904128940674799,11,66.98
10380,M,Professions_intermediaires,0,Marseille,Prive,1.089950749732804,12,74.9
10381,M,Employe,1,Toulouse,Public,0.3801969938844899,13,29.84
10382,M,Employe,0,Bordeaux,Prive,0.670532411475997,10,66.08
10383,F,Retraite,0,Toulouse,Prive,0.33700233117369816,13,50.59
10384,M,Professions_intermediaires,0,Nancy,Public,0.4750264930631763,10,83.21
10385,M,Employe,0,Toulouse,Public,0.32650002060243066,12,54.51
10386,F,Retraite,0,Marseille,Prive,0.8338467901028326,10,69.19
10387,F,Employe,0,Lyon,Public,0.5475665994270646,13,72.78
10388,M,Employe,1,Marseille,Prive,0.5586884054828324,10,40.86
10389,F,Agriculteur,0,Lyon,Prive,0.5098517505772187,12,69.78
10390,M,Professions_intermediaires,1,Nancy,Public,0.5752597184198259,10,61.46
10391,F,Ouvrier,0,Bordeaux,Public,0.5820936980989739,10,91.18
10392,M,Agriculteur,0,Nantes,Public,0.36296056550337563,12,68.39
10393,M,Employe,0,Marseille,Prive,0.16243723535489013,11,45.34
10394,F,Agriculteur,0,Lyon,Public,0.23451613999855164,12,151.9065892743015
10395,F,Cadre,0,Nantes,Public,0.17785938327565443,11,81.17
10396,F,Agriculteur,0,Bordeaux,Prive,0.5389824020087467,11,74.85
10397,M,Retraite,0,Marseille,Prive,0.33670437049858004,10,59.52
10398,M,Agriculteur,0,Lille,Prive,0.6960200719920164,12,80.22
10399,F,Retraite,0,Bordeaux,Prive,0.5481325355412936,13,64.29
10400,M,Professions_intermediaires,0,Bordeaux,Prive,0.13291581920473083,10,68.67
10401,M,Ouvrier,0,Marseille,Public,0.4179035251209444,11,60.02
10402,F,Professions_intermediaires,1,Toulouse,Public,0.07543052927185884,13,47.1
10403,M,Cadre,0,Marseille,Prive,0.2711592168401082,13,76.02
10404,F,Agriculteur,0,Bordeaux,Prive,0.40194626224251545,13,77.39
10405,M,Employe,0,Nantes,Public,0.31092696691675437,10,75.23
10406,F,Agriculteur,0,Nantes,Prive,0.8769833078456196,13,95.19
10407,F,Cadre,0,Marseille,Public,0.649759116563869,10,89.97
10408,F,Agriculteur,1,Nantes,Public,0.43443548228968154,11,50.11
10409,F,Cadre,0,Bordeaux,Prive,0.785376743882511,11,94.39
10410,F,Cadre,1,Paris,Prive,0.3051065561412985,13,54.12
10411,M,Employe,0,Nantes,Public,0.4335637612991602,11,73.52
10412,F,Agriculteur,1,Lyon,Public,0.6707809799930317,12,50.88
10413,M,Ouvrier,1,Lyon,Public,0.2768748944558943,12,40.44
10414,F,Employe,0,Paris,Prive,0.6370069746467898,11,61.17
10415,F,Cadre,1,Nancy,Prive,0.55855670273443,10,71.92
10416,M,Ouvrier,0,Paris,Prive,0.6176153085000302,13,74.19
10417,F,Retraite,0,Nancy,Public,0.8594808369059302,10,67.63
10418,F,Cadre,0,Bordeaux,Prive,0.5911071020149181,10,83.69
10419,M,Employe,0,Nancy,Public,0.5252080610670428,13,63.49
10420,F,Employe,0,Marseille,Prive,0.2005289712558988,12,57.86
10421,M,Employe,0,Marseille,Prive,0.5420570414930208,11,80.21
10422,F,Professions_intermediaires,0,Bordeaux,Public,0.40401098352872,10,74.73
10423,M,Cadre,0,Marseille,Prive,0.47537439104144025,10,75.12
10424,F,Employe,0,Bordeaux,Prive,0.4053134143152065,11,59.41
10425,F,Retraite,0,Bordeaux,Prive,0.5983025268912427,13,49.6
10426,M,Professions_intermediaires,0,Nancy,Public,0.30187641216591016,13,63.11
10427,M,Cadre,0,Marseille,Public,0.5424101584459385,12,74.02
10428,M,Professions_intermediaires,0,Paris,Prive,0.2916852723980746,12,58.91
10429,F,Professions_intermediaires,0,Bordeaux,Public,0.14025269961451242,11,64.17
10430,F,Ouvrier,0,Marseille,Prive,0.43165312724770705,12,50.62
10431,M,Agriculteur,0,Toulouse,Public,0.5927785598928403,13,68.95
10432,F,Employe,0,Paris,Public,0.34460095874310315,11,66.975
10433,F,Ouvrier,0,Bordeaux,Public,0.5273181314766955,12,65.09
10434,F,Professions_intermediaires,0,Lille,Prive,0.42740395603015835,13,76.13
10435,M,Retraite,0,Lille,Prive,0.29291564431694794,10,36.9
10436,F,Agriculteur,1,Marseille,Public,0.6114592608653305,11,47.7
10437,F,Employe,0,Paris,Public,0.3697348622658886,12,77.14
10438,F,Cadre,0,Paris,Prive,0.5749244653124074,11,100.0
10439,F,Professions_intermediaires,0,Toulouse,Prive,0.20796268473015828,10,76.35
10440,F,Employe,0,Paris,Public,0.527362071385376,10,69.63
10441,F,Agriculteur,0,Lyon,Prive,0.6247719504826299,13,64.75
10442,F,Employe,0,Nancy,Public,0.5703545148847564,11,81.3
10443,F,Employe,0,Paris,Public,0.6785081928185961,13,71.04
10444,M,Ouvrier,0,Nancy,Public,0.629098795651541,13,60.61
10445,M,Agriculteur,0,Nantes,Prive,0.5598432910156658,12,79.66
10446,F,Ouvrier,0,Lille,Public,0.6692022386009652,11,37.48
10447,F,Agriculteur,1,Lille,Prive,0.42524845333226435,11,47.22
10448,F,Retraite,0,Marseille,Prive,0.6042556725817205,11,54.52
10449,F,Ouvrier,0,Bordeaux,Prive,0.5043560658838272,11,66.57
10450,F,Ouvrier,0,Paris,Public,0.8701229423436938,11,84.2
10451,M,Retraite,0,Lyon,Public,0.5546990319062975,11,69.65
10452,F,Ouvrier,0,Nantes,Public,0.24290796640903511,11,73.58
10453,M,Cadre,0,Lyon,Prive,0.5506066616287422,11,86.99
10454,F,Retraite,0,Marseille,Prive,0.30975645757475967,12,74.31
10455,F,Ouvrier,0,Toulouse,Public,0.6456978621648326,12,50.39
10456,F,Professions_intermediaires,0,Marseille,Public,0.6492991776907681,13,80.68
10457,F,Cadre,0,Bordeaux,Public,0.37818588863359615,10,70.9
10458,F,Cadre,0,Lille,Public,0.29243341377633525,13,84.38
10459,F,Retraite,0,Nancy,Prive,0.526553038979434,13,63.21
10460,F,Professions_intermediaires,1,Nancy,Prive,0.3192074489892185,13,66.975
10461,M,Employe,0,Bordeaux,Public,0.33230960275895705,13,61.39
10462,M,Retraite,0,Toulouse,Prive,0.3987874338584634,12,71.22
10463,F,Professions_intermediaires,0,Toulouse,Public,0.6248621928349675,11,79.98
10464,M,Ouvrier,1,Lille,Public,0.20321262922946653,13,35.16
10465,F,Cadre,0,Toulouse,Prive,0.3491032058290576,13,82.33
10466,F,Employe,0,Marseille,Public,0.9797474639942811,11,85.52
10467,F,Professions_intermediaires,1,Paris,Prive,0.8907607969148126,11,62.12
10468,F,Retraite,0,Paris,Prive,0.7419597426790456,10,60.88
10469,M,Ouvrier,0,Nantes,Prive,0.5087580934252636,12,66.975
10470,M,Agriculteur,0,Lyon,Prive,0.6503988644007588,13,67.35
10471,M,Retraite,1,Bordeaux,Public,0.4230570174561594,13,66.975
10472,M,Retraite,0,Paris,Prive,-0.040950973628799736,13,58.97
10473,M,Professions_intermediaires,0,Nantes,Public,0.3859574547866036,13,61.86
10474,F,Employe,0,Toulouse,Public,0.4052040097877839,11,59.06
10475,F,Ouvrier,1,Nantes,Public,0.50564564934512,13,28.75
10476,F,Retraite,0,Nantes,Public,0.5965945893083304,10,64.49
10477,M,Cadre,0,Nancy,Prive,0.8301854113571991,12,100.0
10478,F,Cadre,0,Lille,Prive,0.5063559969775597,11,85.42
10479,M,Agriculteur,0,Lille,Prive,0.29929576678204706,11,76.3
10480,M,Agriculteur,0,Bordeaux,Public,0.4608144766274453,11,66.975
10481,F,Agriculteur,0,Toulouse,Prive,0.6288211517727117,13,67.21
10482,F,Retraite,0,Lille,Public,0.47755660189445653,13,58.87
10483,M,Retraite,0,Lille,Prive,0.33929611405319426,12,74.7
10484,F,Employe,0,Toulouse,Public,0.6049146838888436,11,77.84
10485,F,Employe,0,Marseille,Prive,0.27144042117258804,12,61.85
10486,F,Employe,0,Marseille,Prive,0.32428555030862843,11,65.85
10487,M,Professions_intermediaires,0,Lille,Prive,0.5832184903064361,11,71.83
10488,F,Professions_intermediaires,0,Lyon,Prive,0.34295763769345594,10,49.32
10489,M,Retraite,0,Paris,Public,0.4294899588350461,11,63.23
10490,F,Retraite,0,Nancy,Prive,0.5031812012427449,12,54.37
10491,M,Agriculteur,0,Lille,Public,0.49161615099442973,12,64.56
10492,M,Ouvrier,0,Marseille,Public,0.3064641885929411,12,44.4
10493,F,Agriculteur,1,Nancy,Prive,0.5657762149328105,13,49.27
10494,M,Retraite,0,Paris,Public,0.3164889559638866,10,51.0
10495,F,Retraite,0,Nantes,Prive,0.8301292497848481,13,73.38
10496,F,Cadre,0,Lille,Prive,0.4197208180280657,11,89.98
10497,M,Agriculteur,0,Bordeaux,Public,0.6215788502622277,11,73.49
10498,F,Cadre,1,Paris,Prive,0.6466289701790282,11,55.47
10499,M,Ouvrier,0,Paris,Prive,0.4290253357913436,13,43.45
10500,M,Cadre,0,Bordeaux,Prive,0.3065834939630606,12,68.2
10501,F,Employe,1,Lyon,Prive,0.6459321030685956,10,60.94
10502,F,Retraite,1,Paris,Prive,0.21548052643617105,10,58.94
10503,M,Employe,0,Lille,Public,0.24604269872491807,12,55.36
10504,F,Ouvrier,1,Nancy,Public,0.6213964462813729,12,66.975
10505,F,Professions_intermediaires,0,Nancy,Prive,0.45984359910257266,11,87.1
10506,F,Professions_intermediaires,0,Bordeaux,Public,0.3586216670616046,11,68.62
10507,F,Professions_intermediaires,0,Marseille,Public,0.4002658915777578,12,72.59
10508,M,Ouvrier,1,Lyon,Prive,0.3409010017785538,13,37.96
10509,F,Cadre,0,Nancy,Public,0.9362288678491698,13,88.94
10510,M,Retraite,0,Paris,Public,0.7036782155732282,13,61.5
10511,M,Ouvrier,1,Marseille,Public,0.3351371044613686,10,35.67
10512,M,Agriculteur,0,Nancy,Prive,0.4374702391132628,12,62.92
10513,M,Ouvrier,0,Lille,Prive,0.6193631796524275,11,46.6
10514,M,Employe,0,Nancy,Prive,0.30483896406935374,11,54.62
10515,F,Retraite,0,Nantes,Public,0.3882551490534364,13,61.8
10516,F,Employe,0,Marseille,Public,0.44037639218083974,11,62.2
10517,M,Professions_intermediaires,1,Paris,Public,0.3237234923310751,12,54.59
10518,F,Cadre,1,Toulouse,Prive,0.7192809556315891,10,66.975
10519,M,Professions_intermediaires,0,Bordeaux,Public,0.3571280590136917,12,87.17
10520,F,Cadre,0,Paris,Public,0.4767128354124141,11,85.46
10521,M,Cadre,0,Nantes,Public,0.5233359019099897,10,85.18
10522,M,Agriculteur,0,Marseille,Prive,0.8172289702454054,10,70.35
10523,F,Professions_intermediaires,0,Bordeaux,Prive,0.48274032131802425,11,72.73
10524,M,Professions_intermediaires,0,Lille,Public,0.9273909633275588,12,66.39
10525,F,Agriculteur,0,Nancy,Prive,0.42746130119317116,13,67.91
10526,F,Cadre,0,Lyon,Public,0.4558426473248741,13,100.0
10527,M,Agriculteur,1,Marseille,Public,0.6873934634261213,13,60.19
10528,M,Agriculteur,0,Toulouse,Prive,0.8840154248662231,10,61.76
10529,M,Retraite,0,Lille,Prive,0.447099650597747,13,65.45
10530,F,Cadre,0,Bordeaux,Prive,0.7472315834094541,13,94.95
10531,F,Professions_intermediaires,0,Nancy,Prive,0.6694837227026982,12,92.9
10532,F,Ouvrier,0,Nantes,Prive,0.3478444923417465,11,51.06
10533,M,Ouvrier,0,Lyon,Public,0.49638049753188335,13,80.49
10534,F,Ouvrier,0,Paris,Prive,0.49186420379480394,10,62.33
10535,M,Professions_intermediaires,0,Nancy,Prive,0.29369599840798366,10,62.0
10536,M,Employe,0,Nancy,Prive,0.5328361429354381,10,53.04
10537,F,Employe,0,Marseille,Public,0.5160024196995822,12,67.78
10538,M,Professions_intermediaires,0,Bordeaux,Prive,0.5749463026294278,10,77.51
10539,F,Cadre,0,Lyon,Prive,0.5139675408782166,10,75.53
10540,F,Ouvrier,1,Lyon,Prive,0.3665466131185914,12,66.975
10541,F,Professions_intermediaires,0,Lille,Public,0.9892323808404337,12,91.0
10542,M,Professions_intermediaires,0,Paris,Public,0.543391617237325,11,75.03
10543,M,Ouvrier,0,Nancy,Public,0.7599801076279366,13,57.99
10544,M,Employe,0,Nantes,Public,0.5876138366621507,11,69.1
10545,M,Employe,0,Bordeaux,Public,0.8013967711718271,12,90.21
10546,M,Agriculteur,0,Toulouse,Public,0.34479487559044686,12,56.26
10547,M,Employe,0,Marseille,Public,0.48221749865976327,12,50.79
10548,M,Ouvrier,0,Paris,Prive,0.4103861295643117,11,54.68
10549,F,Employe,0,Paris,Prive,0.3856069498756617,12,58.69
10550,F,Cadre,0,Nancy,Public,0.5535028357991165,10,69.99
10551,M,Agriculteur,0,Nancy,Public,0.4507568972555644,12,70.58
10552,M,Ouvrier,0,Toulouse,Public,0.21456894475568122,13,41.85
10553,M,Retraite,0,Marseille,Prive,0.43945482630351373,12,66.975
10554,M,Employe,0,Paris,Public,0.4228001795022396,10,72.68
10555,M,Cadre,0,Paris,Prive,0.6761474685770342,13,100.0
10556,M,Ouvrier,0,Marseille,Public,0.21061497377967547,12,76.92
10557,M,Employe,0,Lille,Prive,0.39742046663779607,13,50.73
10558,F,Cadre,0,Marseille,Prive,0.34992160152992924,12,85.74
10559,M,Professions_intermediaires,0,Paris,Public,0.6489916665160863,12,66.975
10560,M,Agriculteur,0,Nancy,Public,0.3909090089007063,13,66.24
10561,M,Professions_intermediaires,0,Lyon,Public,0.7092121926616581,13,77.19
10562,M,Ouvrier,0,Toulouse,Prive,0.49058369452399414,11,66.975
10563,F,Cadre,0,Bordeaux,Prive,0.5979547875179432,12,92.41
10564,F,Agriculteur,0,Paris,Prive,0.721140466843871,13,74.35
10565,M,Professions_intermediaires,0,Lille,Public,0.2595724377925147,13,74.15
10566,M,Professions_intermediaires,0,Bordeaux,Prive,0.45056455998890976,10,61.57
10567,F,Professions_intermediaires,0,Lille,Prive,0.584219718876785,13,96.38
10568,F,Professions_intermediaires,0,Bordeaux,Public,0.5395764647253681,12,78.75
10569,M,Retraite,0,Lille,Prive,0.24060078353906567,10,61.3
10570,F,Professions_intermediaires,0,Nancy,Prive,0.6393029770648355,12,90.99
10571,M,Professions_intermediaires,0,Paris,Prive,0.5095446266629031,13,74.09
10572,F,Cadre,0,Paris,Public,0.5256455387183566,13,78.01
10573,F,Cadre,0,Lyon,Public,0.4557292187918213,10,94.34
10574,M,Agriculteur,1,Paris,Public,-0.13635829715607084,12,32.64
10575,M,Retraite,0,Nantes,Prive,0.6090915599703383,10,75.09
10576,M,Agriculteur,0,Lille,Public,0.6176046299882687,12,69.54
10577,M,Professions_intermediaires,0,Nancy,Prive,0.415712769807157,11,91.69
10578,F,Agriculteur,0,Lyon,Public,0.20309585643782324,13,62.47
10579,M,Ouvrier,1,Lille,Public,0.39291716424328244,10,31.89
10580,M,Employe,1,Marseille,Prive,0.6989989036617579,11,54.3
10581,M,Employe,0,Lille,Public,0.4184306610711871,13,60.83
10582,F,Professions_intermediaires,0,Bordeaux,Public,0.5045040180406295,12,67.65
10583,M,Agriculteur,0,Toulouse,Public,0.433286838780544,11,78.51
10584,F,Ouvrier,0,Nantes,Prive,0.5630766621034212,12,51.27
10585,M,Employe,0,Bordeaux,Prive,0.2366307373420189,11,70.34
10586,M,Cadre,1,Lille,Prive,0.4595497793919802,11,77.39
10587,F,Retraite,0,Nancy,Prive,0.7192556170931368,11,67.1
10588,M,Ouvrier,1,Toulouse,Public,0.3165858319100478,11,38.24
10589,M,Retraite,0,Paris,Prive,0.4450385617248981,10,55.13
10590,M,Employe,0,Lille,Public,0.7105856044120755,12,81.77
10591,M,Employe,1,Nantes,Public,0.649340300953062,11,38.51
10592,M,Professions_intermediaires,0,Paris,Prive,0.5904775451691733,11,84.79
10593,F,Agriculteur,0,Nancy,Public,0.5777704111141876,10,71.09
10594,M,Retraite,0,Nantes,Public,0.5746039872854335,13,57.82
10595,M,Ouvrier,0,Bordeaux,Public,0.4539066551560067,10,52.51
10596,F,Ouvrier,0,Marseille,Public,0.7204247602729424,12,70.55
10597,F,Cadre,0,Lyon,Prive,0.40629437429783505,13,72.51
10598,F,Professions_intermediaires,1,Lille,Prive,0.3011422339621923,12,55.85
10599,M,Employe,0,Marseille,Public,0.22321766422898387,13,66.975
10600,F,Professions_intermediaires,1,Nantes,Public,0.376672833772979,10,49.01
10601,M,Employe,1,Toulouse,Public,0.3741247837557809,11,48.4
10602,M,Retraite,0,Nantes,Public,0.35772223804659864,13,53.45
10603,F,Employe,0,Lyon,Public,0.2648780560406926,10,60.6
10604,M,Professions_intermediaires,0,Nancy,Public,0.5748052570592093,13,71.93
10605,M,Professions_intermediaires,0,Nancy,Prive,0.31070349512757345,10,58.18
10606,M,Ouvrier,0,Lyon,Prive,0.6096910241404564,12,59.17
10607,M,Professions_intermediaires,0,Bordeaux,Public,0.6442009747695543,13,62.83
10608,F,Ouvrier,1,Toulouse,Public,1.014600250041636,10,47.56
10609,F,Professions_intermediaires,1,Bordeaux,Public,0.40907985846500505,13,37.7
10610,F,Professions_intermediaires,0,Paris,Prive,0.46806467145188596,12,65.36
10611,F,Ouvrier,0,Paris,Prive,0.3507338421787682,12,49.68
10612,M,Employe,0,Bordeaux,Public,0.2656889773032997,10,65.35
10613,F,Employe,1,Lille,Public,0.41595032014765704,10,37.78
10614,M,Retraite,0,Paris,Public,0.34479915314235104,10,49.09
10615,M,Employe,1,Paris,Public,0.2631935880874563,11,38.1
10616,F,Retraite,1,Marseille,Prive,0.5473341119255706,11,63.39
10617,M,Professions_intermediaires,0,Paris,Public,0.2855957211708452,12,54.1
10618,F,Retraite,1,Lyon,Prive,0.6131767428175239,10,54.05
10619,M,Agriculteur,0,Bordeaux,Prive,0.6711662985059812,11,74.72
10620,F,Employe,0,Nantes,Prive,0.32705552281442807,13,83.29
10621,F,Professions_intermediaires,0,Bordeaux,Public,0.7797027506956196,13,84.09
10622,F,Agriculteur,0,Toulouse,Public,0.5802377348170122,12,71.46
10623,M,Ouvrier,0,Lyon,Prive,0.4854232515355348,12,148.7782153226009
10624,F,Professions_intermediaires,0,Nancy,Public,0.1442725309249822,12,67.16
10625,M,Cadre,0,Lille,Public,0.15736208396499063,12,82.59
10626,F,Ouvrier,0,Lyon,Prive,0.8145329431535424,13,63.42
10627,F,Retraite,0,Nancy,Prive,0.7639277707742236,11,98.46
10628,M,Employe,0,Marseille,Prive,0.8199252931994618,11,81.59
10629,M,Retraite,0,Marseille,Public,0.8714567723912652,12,70.28
10630,F,Employe,0,Nancy,Prive,0.7749420590934071,13,72.13
10631,F,Professions_intermediaires,0,Lyon,Prive,0.5476760877436883,12,76.23
10632,F,Cadre,1,Lyon,Prive,0.6119614981840271,12,67.39
10633,M,Retraite,0,Paris,Public,0.36313451303305,13,66.975
10634,F,Retraite,0,Bordeaux,Prive,0.5477197183387621,10,69.07
10635,F,Agriculteur,0,Lille,Prive,0.6491215954246992,13,85.81
10636,M,Retraite,1,Toulouse,Public,0.6529656839509068,12,38.59
10637,F,Agriculteur,0,Nancy,Public,0.4749098501585323,11,68.51
10638,F,Employe,0,Lille,Prive,0.09407633053497305,12,50.7
10639,M,Retraite,0,Nantes,Public,0.19735082214091448,12,52.97
10640,F,Professions_intermediaires,0,Lyon,Prive,0.5952004973298838,12,66.975
10641,F,Cadre,0,Nantes,Prive,0.39892762012019317,13,90.23
10642,F,Employe,0,Toulouse,Public,0.633043747827447,11,65.6
10643,M,Agriculteur,0,Lille,Prive,0.25655398563486465,11,143.83841912940014
10644,M,Employe,0,Lille,Public,0.7723172140197377,12,86.02
10645,M,Professions_intermediaires,0,Paris,Public,0.3124758707937724,10,76.27
10646,M,Ouvrier,0,Lille,Public,0.7953039764469878,10,56.19
10647,F,Professions_intermediaires,0,Lyon,Prive,0.18969937554122224,11,81.57
10648,F,Professions_intermediaires,0,Toulouse,Public,0.62066876324738,13,74.26
10649,F,Professions_intermediaires,0,Bordeaux,Public,0.3137057775184781,11,68.37
10650,F,Professions_intermediaires,0,Paris,Public,0.49822673562721786,12,80.09
10651,M,Retraite,0,Paris,Prive,0.7152680984038862,13,60.99
10652,F,Retraite,0,Toulouse,Public,0.6803538314053718,12,80.67
10653,M,Cadre,0,Nancy,Prive,0.33538001097308695,12,87.54
10654,M,Retraite,0,Nancy,Prive,0.3774864940224434,12,88.03
10655,F,Retraite,0,Lille,Prive,0.18544545338516527,12,61.27
10656,M,Ouvrier,0,Marseille,Prive,0.14160302928105645,13,50.91
10657,M,Cadre,0,Bordeaux,Prive,0.3332282403352366,11,98.37
10658,F,Agriculteur,0,Lyon,Public,0.32905457510865455,10,48.95
10659,F,Professions_intermediaires,0,Toulouse,Prive,0.19874086507380695,13,70.92
10660,F,Ouvrier,0,Nancy,Prive,0.45894026022487616,11,59.37
10661,M,Cadre,0,Toulouse,Public,0.49351829984781864,13,94.94
10662,M,Cadre,0,Lyon,Public,0.497343359142633,12,100.0
10663,F,Agriculteur,0,Lyon,Public,0.3402046291414548,12,59.91
10664,M,Professions_intermediaires,1,Nantes,Public,0.38418640038843266,12,61.86
10665,F,Ouvrier,1,Lille,Public,0.4366376899185285,11,52.64
10666,F,Ouvrier,0,Paris,Prive,0.663409719490182,12,76.93
10667,F,Employe,0,Lyon,Prive,0.3646440366095335,11,67.72
10668,F,Ouvrier,0,Lille,Prive,0.16425948354297776,13,60.55
10669,F,Retraite,1,Paris,Prive,0.435767071879696,12,35.52
10670,F,Employe,0,Nancy,Prive,0.41276084256690315,11,82.56
10671,F,Professions_intermediaires,0,Marseille,Prive,0.17698679685614999,11,58.68
10672,M,Ouvrier,1,Lille,Prive,0.42014257327531984,13,29.51
10673,F,Cadre,0,Bordeaux,Prive,0.3230181185823763,11,66.975
10674,M,Retraite,1,Nantes,Public,0.48442008371100154,11,38.53
10675,M,Professions_intermediaires,0,Paris,Prive,0.583960958264002,10,79.76
10676,M,Employe,0,Lyon,Public,0.3926866180817663,12,61.8
10677,F,Agriculteur,1,Nantes,Public,0.6022122894649865,10,43.93
10678,M,Professions_intermediaires,0,Lyon,Public,0.4387796818194865,11,62.57
10679,F,Employe,0,Toulouse,Public,0.44709564362020254,13,78.03
10680,F,Retraite,0,Paris,Public,0.43817155237501504,11,68.89
10681,M,Retraite,0,Paris,Public,0.46121414834057595,10,51.44
10682,F,Professions_intermediaires,0,Bordeaux,Prive,0.22469971414286583,13,75.19
10683,M,Ouvrier,0,Lyon,Prive,0.13418906156331523,10,49.07
10684,F,Cadre,0,Lyon,Prive,0.7235891640656682,12,76.22
10685,M,Professions_intermediaires,0,Nantes,Prive,0.5423120707655757,10,63.77
10686,M,Retraite,0,Bordeaux,Prive,0.3914745387802622,12,70.76
10687,M,Agriculteur,1,Lyon,Public,0.7126517929253998,13,66.975
10688,M,Employe,1,Nantes,Prive,1.0728805649293205,12,65.94
10689,M,Professions_intermediaires,0,Lille,Public,0.1999886040030493,10,60.81
10690,F,Employe,1,Toulouse,Prive,0.492209622646347,10,52.96
10691,F,Cadre,0,Toulouse,Public,0.633427726451254,10,92.86
10692,F,Professions_intermediaires,0,Bordeaux,Public,0.17396622365430287,11,45.82
10693,M,Professions_intermediaires,0,Lyon,Public,0.1946802232617018,13,72.53
10694,M,Cadre,1,Lille,Prive,0.6905584851326086,10,69.93
10695,M,Cadre,0,Lyon,Prive,0.4891571351476326,12,100.0
10696,M,Agriculteur,0,Nantes,Prive,0.3612630756893684,12,82.85
10697,F,Professions_intermediaires,1,Nancy,Prive,0.17186126668907753,12,47.57
10698,M,Ouvrier,0,Lyon,Prive,0.5652582184338596,13,65.44
10699,M,Agriculteur,0,Toulouse,Public,0.21969851593240636,12,62.95
10700,F,Professions_intermediaires,0,Marseille,Public,0.29621062698008394,10,66.81
10701,F,Agriculteur,0,Lille,Prive,0.30885325902156113,13,53.03
10702,M,Agriculteur,0,Nancy,Prive,0.4322272828682583,11,60.49
10703,F,Employe,0,Marseille,Prive,0.2797796603750119,11,59.57
10704,M,Retraite,0,Marseille,Public,0.31002139465261425,13,70.57
10705,M,Retraite,0,Lyon,Prive,0.6889968570025354,13,70.08
10706,M,Ouvrier,1,Nancy,Public,0.5335769213592174,10,35.65
10707,M,Employe,0,Nancy,Public,0.5030755947631405,11,60.44
10708,M,Employe,0,Lille,Prive,0.5872396348935298,11,72.88
10709,M,Retraite,0,Bordeaux,Public,0.28819850865051877,13,56.52
10710,M,Retraite,1,Toulouse,Prive,0.5726941109300279,10,36.12
10711,F,Employe,1,Marseille,Public,0.5853629001663535,11,42.01
10712,M,Professions_intermediaires,0,Marseille,Prive,0.2952655124293525,11,85.36
10713,M,Employe,0,Bordeaux,Prive,0.6193392350077629,10,68.48
10714,M,Ouvrier,0,Lyon,Public,0.5471373565915564,12,70.95
10715,F,Employe,0,Paris,Prive,0.5524648895840121,10,53.77
10716,F,Ouvrier,0,Lille,Public,0.8332473753195017,11,79.48
10717,M,Retraite,0,Paris,Prive,0.5244717820286974,13,71.54
10718,F,Agriculteur,0,Lyon,Public,0.31531756148461043,13,73.46
10719,F,Employe,0,Nancy,Prive,0.5260607685192314,10,54.69
10720,M,Professions_intermediaires,0,Lyon,Public,0.502654505350258,11,74.35
10721,F,Employe,0,Bordeaux,Public,0.27825285355533635,10,56.26
10722,M,Professions_intermediaires,1,Nancy,Public,0.09520531146374989,10,34.56
10723,F,Retraite,0,Paris,Prive,0.48697004054288007,10,48.29
10724,F,Retraite,0,Toulouse,Public,0.6886228727462124,13,59.96
10725,M,Agriculteur,0,Nantes,Prive,0.6905064939370776,12,61.84
10726,F,Employe,0,Toulouse,Public,0.5565032554598585,10,76.81
10727,M,Employe,0,Bordeaux,Prive,0.8140090329256475,11,68.45
10728,M,Ouvrier,0,Nancy,Public,0.5349008873177248,12,59.37
10729,F,Ouvrier,0,Toulouse,Prive,0.46056001924947054,11,71.44
10730,M,Professions_intermediaires,1,Nancy,Public,0.5408149557960211,11,55.54
10731,F,Professions_intermediaires,0,Toulouse,Public,0.3533940160513327,10,65.83
10732,M,Retraite,0,Paris,Prive,0.2465440682965357,10,60.26
10733,F,Ouvrier,0,Toulouse,Prive,0.30425616653851584,10,50.14
10734,F,Employe,0,Toulouse,Prive,0.4041267101242572,10,50.59
10735,F,Agriculteur,0,Nantes,Public,0.6732338897575876,13,76.67
10736,M,Agriculteur,1,Bordeaux,Prive,0.21058784345614223,13,47.46
10737,F,Cadre,0,Nancy,Public,0.3051853379855204,12,79.47
10738,M,Ouvrier,0,Toulouse,Public,0.6610586831618191,10,62.37
10739,F,Cadre,0,Bordeaux,Public,0.4286325363108908,10,80.12
10740,F,Employe,0,Lille,Public,0.4601338214491346,13,81.55
10741,M,Professions_intermediaires,0,Nantes,Prive,0.42504343916454057,11,66.975
10742,F,Retraite,0,Lyon,Prive,0.8865215555816492,12,72.86
10743,F,Employe,0,Marseille,Public,0.6120591701215554,12,79.68
10744,M,Ouvrier,0,Toulouse,Prive,0.5503909055784028,12,70.64
10745,M,Agriculteur,0,Bordeaux,Prive,0.5394900788659011,11,72.86
10746,F,Ouvrier,0,Bordeaux,Prive,0.5818953135744215,12,72.0
10747,M,Retraite,1,Nantes,Public,0.8696420999123398,13,57.14
10748,M,Agriculteur,1,Nancy,Prive,0.42521389569800094,13,46.8
10749,F,Cadre,0,Nantes,Public,0.5337425600491084,12,95.18
10750,M,Cadre,0,Paris,Public,0.5058261838530669,10,75.72
10751,M,Cadre,0,Lyon,Public,0.6806832330239744,10,79.38
10752,M,Cadre,0,Nancy,Prive,0.840974785519869,11,95.97
10753,F,Retraite,0,Nancy,Prive,0.38234914257184627,13,56.81
10754,F,Agriculteur,0,Lille,Prive,0.5906239566750967,13,78.89
10755,M,Employe,0,Bordeaux,Prive,0.5352431755079292,11,70.03
10756,M,Employe,1,Toulouse,Public,0.2214545223287474,10,59.51
10757,F,Professions_intermediaires,0,Nancy,Prive,0.6940316162396553,12,70.88
10758,F,Professions_intermediaires,1,Paris,Public,0.8126813278766437,12,70.77
10759,M,Agriculteur,0,Toulouse,Prive,0.6639413489941125,10,67.15
10760,M,Employe,1,Paris,Prive,0.37358069592025406,13,46.86
10761,F,Cadre,0,Lyon,Prive,0.2286516655618378,13,86.09
10762,F,Ouvrier,0,Toulouse,Public,0.6282191554344261,13,67.88
10763,M,Cadre,0,Paris,Prive,0.2841136805912281,12,83.81
10764,M,Agriculteur,0,Lyon,Public,0.30403962412259966,13,67.48
10765,M,Employe,0,Lille,Prive,0.5418664617216737,10,66.975
10766,M,Employe,0,Nantes,Prive,0.6471676688019435,10,77.96
10767,M,Cadre,1,Nancy,Prive,0.4327707577882292,10,70.72
10768,F,Retraite,0,Lille,Prive,0.4586688028828028,12,61.6
10769,F,Professions_intermediaires,1,Paris,Prive,0.4776190376945397,11,47.97
10770,F,Retraite,0,Lille,Prive,0.3167880394457907,12,63.95
10771,F,Ouvrier,0,Toulouse,Public,0.4239762290007299,10,61.74
10772,M,Retraite,0,Marseille,Public,0.17650410061583272,11,42.47
10773,M,Ouvrier,0,Nantes,Prive,0.6470896666676038,11,65.31
10774,F,Employe,0,Toulouse,Prive,1.0576503681061902,12,73.56
10775,F,Cadre,0,Nancy,Public,0.5120164515718811,11,66.975
10776,F,Employe,0,Marseille,Public,0.7382118689423871,13,77.29
10777,F,Retraite,0,Nancy,Prive,0.4476712075083615,10,53.48
10778,F,Retraite,0,Lyon,Prive,0.23071070538621702,12,71.19
10779,F,Professions_intermediaires,1,Lyon,Prive,0.9502381577684283,10,72.48
10780,M,Cadre,1,Nancy,Public,0.33086899605846826,11,62.5
10781,F,Agriculteur,0,Lille,Public,0.6894150397945153,12,86.19
10782,M,Agriculteur,0,Lyon,Prive,0.5432116813068306,13,77.63
10783,F,Cadre,0,Nancy,Public,0.7374351528873628,13,82.69
10784,F,Agriculteur,1,Paris,Prive,0.486583915130387,11,58.32
10785,M,Employe,0,Nancy,Public,0.267231289611784,13,55.72
10786,M,Employe,0,Nantes,Public,0.36706018892953685,12,72.35
10787,F,Ouvrier,1,Marseille,Prive,0.9704461503976376,13,48.07
10788,F,Ouvrier,0,Nantes,Prive,0.5639357265529686,12,51.56
10789,F,Employe,0,Toulouse,Prive,0.9354824625587941,10,81.92
10790,F,Professions_intermediaires,0,Lille,Prive,0.42648712908082154,12,69.55
10791,M,Retraite,1,Bordeaux,Prive,0.6427642172745287,11,56.86
10792,F,Professions_intermediaires,0,Marseille,Public,0.24321762429020333,11,81.61
10793,F,Cadre,0,Marseille,Public,0.5059548214578378,10,70.08
10794,F,Employe,0,Nantes,Prive,0.9446198697070312,11,78.28
10795,F,Ouvrier,1,Toulouse,Public,0.3432369203631447,12,43.9
10796,F,Professions_intermediaires,0,Toulouse,Public,0.36192468941459055,10,73.59
10797,F,Ouvrier,0,Nancy,Public,0.6655186615013798,11,66.46
10798,M,Agriculteur,1,Paris,Prive,0.5229225364706568,12,50.93
10799,F,Cadre,0,Lyon,Prive,0.8792256288750706,11,79.43
10800,F,Cadre,0,Toulouse,Public,0.451812372916266,13,98.82
10801,M,Ouvrier,1,Marseille,Prive,0.5137582501181186,13,46.25
10802,M,Employe,0,Nancy,Prive,0.5633704825769695,11,62.54
10803,F,Ouvrier,1,Marseille,Prive,0.2848471457811863,13,30.03
10804,F,Agriculteur,1,Toulouse,Prive,0.24027693907155617,12,51.58
10805,M,Cadre,0,Nantes,Public,0.22204686040748767,11,80.25
10806,F,Agriculteur,0,Nantes,Public,-0.16157017057756473,12,58.22
10807,M,Professions_intermediaires,1,Marseille,Public,0.48299373441064847,10,58.61
10808,F,Retraite,0,Marseille,Public,0.2398595251513479,12,61.83
10809,F,Agriculteur,0,Bordeaux,Public,0.39219789822490014,13,50.21
10810,M,Ouvrier,0,Lille,Prive,0.7040155817553396,13,60.8
10811,F,Ouvrier,0,Nancy,Public,0.3108216557357947,10,62.37
10812,M,Retraite,0,Paris,Public,0.6379624968339326,13,72.84
10813,M,Employe,0,Nancy,Prive,0.18396008463023605,11,55.78
10814,F,Agriculteur,0,Bordeaux,Prive,0.3629992849569815,13,66.17
10815,F,Professions_intermediaires,0,Lille,Prive,0.8482127910215602,12,93.63
10816,F,Agriculteur,0,Lille,Prive,0.4144349457962674,11,80.27
10817,M,Employe,0,Bordeaux,Prive,0.7575621997502697,11,75.64
10818,F,Employe,0,Nancy,Public,0.9710818902542087,10,86.86
10819,M,Professions_intermediaires,0,Lyon,Public,0.41622945407640166,12,75.36
10820,M,Ouvrier,0,Lille,Public,0.36685392660941113,11,63.42
10821,M,Employe,0,Toulouse,Prive,0.06794890202605319,11,57.41
10822,F,Professions_intermediaires,0,Bordeaux,Prive,0.5583606477455371,12,71.36
10823,F,Employe,0,Bordeaux,Prive,0.5758523396217072,11,86.82
10824,M,Employe,1,Paris,Prive,0.6541466697717139,10,66.59
10825,M,Retraite,0,Marseille,Public,0.7782700616545095,13,70.37
10826,F,Employe,0,Bordeaux,Public,0.29481718150383385,13,67.55
10827,M,Retraite,0,Toulouse,Public,0.8742208999575674,13,73.78
10828,F,Retraite,0,Bordeaux,Prive,0.443644668531955,13,64.74
10829,M,Agriculteur,1,Nancy,Public,0.5727338153966736,10,50.47
10830,M,Ouvrier,0,Paris,Public,0.48651949082469303,12,70.27
10831,F,Employe,1,Marseille,Public,0.3457288284617206,10,35.49
10832,F,Retraite,0,Toulouse,Prive,0.26023411845095057,12,54.73
10833,F,Ouvrier,0,Toulouse,Prive,0.5420608768980048,13,66.975
10834,F,Professions_intermediaires,0,Paris,Public,0.3071661606225372,11,72.94
10835,F,Professions_intermediaires,0,Paris,Public,0.45591709757701016,12,86.2
10836,M,Retraite,0,Marseille,Public,0.4175701626270718,13,63.18
10837,F,Retraite,0,Nantes,Public,0.42754874485843763,12,67.47
10838,F,Employe,0,Lille,Public,0.14013641040147506,11,66.975
10839,F,Professions_intermediaires,0,Nantes,Public,-0.133421728628366,13,74.1
10840,F,Professions_intermediaires,0,Lille,Public,0.6678092217786649,10,87.39
10841,M,Retraite,0,Lille,Prive,0.7250989396032997,11,59.17
10842,F,Professions_intermediaires,0,Bordeaux,Public,-0.012337685784795993,13,70.2
10843,M,Ouvrier,0,Paris,Public,0.5836374265779238,12,71.54
10844,F,Retraite,0,Marseille,Public,0.5434477734620446,13,66.52
10845,M,Professions_intermediaires,1,Bordeaux,Prive,0.23518749133698247,11,54.82
10846,M,Employe,0,Toulouse,Prive,0.6795717215591738,11,83.05
10847,F,Employe,0,Marseille,Public,0.7276387924199755,11,73.01
10848,F,Employe,0,Paris,Prive,0.7118744116158727,12,76.64
10849,M,Agriculteur,1,Marseille,Public,0.8489673858282358,12,51.77
10850,M,Retraite,1,Marseille,Prive,0.7000186421534581,12,53.63
10851,F,Cadre,0,Nantes,Prive,0.33370795732929426,10,73.77
10852,M,Ouvrier,0,Nantes,Public,0.5034744042134377,13,66.51
10853,M,Retraite,0,Paris,Prive,0.5770876541719795,13,79.97
10854,M,Professions_intermediaires,0,Nancy,Prive,0.8037920943496115,12,73.19
10855,F,Professions_intermediaires,0,Lille,Public,0.4497795499031526,10,86.89
10856,M,Ouvrier,0,Toulouse,Public,0.37353594172115867,11,57.55
10857,M,Retraite,0,Lille,Prive,0.16921112661825555,11,51.59
10858,M,Ouvrier,0,Paris,Public,0.6746193335824255,12,62.61
10859,F,Professions_intermediaires,0,Marseille,Prive,0.5418333013769028,11,77.38
10860,M,Professions_intermediaires,0,Lille,Prive,0.3266940056342855,13,67.32
10861,F,Professions_intermediaires,0,Bordeaux,Prive,0.6541072896562578,12,89.84
10862,F,Professions_intermediaires,0,Marseille,Public,0.4319674420307448,10,72.23
10863,F,Cadre,0,Lille,Prive,0.23505206734975875,11,83.23
10864,F,Professions_intermediaires,0,Toulouse,Public,0.76616195704115,12,100.0
10865,M,Cadre,0,Nantes,Prive,0.08738074467574797,10,74.08
10866,M,Cadre,1,Marseille,Public,0.5287594236717464,10,60.95
10867,F,Agriculteur,0,Marseille,Prive,0.4778359653009262,12,66.29
10868,F,Agriculteur,1,Marseille,Public,0.17224876870099942,11,53.02
10869,F,Ouvrier,0,Marseille,Public,0.5650831767436293,10,62.76
10870,M,Retraite,0,Nancy,Public,0.36130720243472425,12,63.97
10871,F,Ouvrier,1,Nantes,Prive,0.8367166159599486,12,43.25
10872,F,Employe,0,Bordeaux,Prive,0.7008052904321257,12,70.87
10873,M,Cadre,0,Paris,Prive,0.5442310532603982,10,94.26
10874,M,Employe,1,Nancy,Public,0.001660445921757514,13,23.5
10875,F,Cadre,0,Toulouse,Public,0.3888640921647427,10,67.64
10876,F,Employe,0,Paris,Public,0.3734485421533182,12,61.77
10877,F,Cadre,1,Marseille,Prive,0.7420726308698173,13,67.77
10878,M,Agriculteur,0,Lille,Public,0.535594431433922,13,66.89
10879,M,Agriculteur,0,Marseille,Public,0.5633794430820394,13,67.74
10880,F,Cadre,0,Bordeaux,Public,0.7034738435809029,12,90.59
10881,F,Employe,0,Lyon,Public,0.8261350152285203,11,72.46
10882,F,Agriculteur,0,Lille,Public,0.79176438735999,10,88.66
10883,F,Ouvrier,0,Nantes,Public,0.6092395422942983,13,71.81
10884,M,Cadre,1,Lyon,Public,0.44563376878361693,11,66.975
10885,F,Employe,0,Bordeaux,Prive,0.5869875660900588,12,79.1
10886,M,Professions_intermediaires,0,Lille,Public,0.49340175639756495,10,51.05
10887,F,Ouvrier,0,Lille,Public,0.6572003299536002,11,68.48
10888,M,Agriculteur,0,Bordeaux,Prive,0.3864443274225661,12,73.71
10889,F,Employe,0,Bordeaux,Prive,0.680692348912775,13,67.88
10890,M,Professions_intermediaires,1,Nancy,Public,0.5093027751419527,12,66.975
10891,F,Professions_intermediaires,1,Lyon,Prive,0.5772093784330783,10,51.99
10892,F,Cadre,0,Paris,Public,0.2607458709614284,11,83.74
10893,F,Cadre,1,Marseille,Prive,0.44527645397774246,12,53.02
10894,M,Employe,0,Marseille,Prive,0.589305337038105,11,77.57
10895,F,Agriculteur,0,Lille,Prive,0.46354127402357237,10,69.21
10896,F,Professions_intermediaires,1,Nantes,Public,0.03064086263678012,12,47.74
10897,M,Employe,0,Marseille,Prive,0.25319211436275907,12,61.4
10898,M,Employe,1,Toulouse,Public,0.5683630357761483,11,58.74
10899,M,Cadre,0,Bordeaux,Public,0.8008561984932736,13,93.37
10900,F,Retraite,0,Bordeaux,Prive,0.4534822706726409,10,73.44
10901,F,Retraite,0,Lille,Prive,0.4022136274095808,11,58.94
10902,F,Cadre,0,Bordeaux,Prive,0.7104513620191347,13,95.7
10903,F,Cadre,0,Bordeaux,Public,0.5021791343059787,10,100.0
10904,M,Ouvrier,0,Nantes,Public,0.6486173932329606,13,78.29
10905,M,Professions_intermediaires,0,Lille,Public,0.4408563830112754,10,50.14
10906,M,Employe,0,Toulouse,Prive,0.41876084571440647,10,67.15
10907,M,Agriculteur,0,Marseille,Public,0.6643916594182323,10,58.8
10908,F,Professions_intermediaires,0,Lille,Prive,0.6344988139367193,11,75.43
10909,M,Employe,0,Lyon,Prive,0.43583576926632195,10,61.12
10910,M,Retraite,1,Marseille,Public,0.27515654849710347,11,44.95
10911,M,Agriculteur,0,Lyon,Public,0.16616363236556553,10,59.86
10912,M,Employe,0,Nantes,Prive,0.19250822989081212,13,54.03
10913,F,Ouvrier,0,Lille,Public,0.37335282617306875,12,63.94
10914,F,Employe,0,Toulouse,Public,0.5633187283143921,12,61.0
10915,F,Cadre,0,Paris,Prive,0.16687245933039685,10,71.66
10916,M,Cadre,0,Lyon,Public,0.17992459761366897,12,73.96
10917,F,Agriculteur,0,Nancy,Prive,0.5755122134569264,13,69.79
10918,F,Retraite,0,Marseille,Public,0.8137456944832673,10,74.43
10919,F,Agriculteur,1,Nantes,Public,0.7177567494737473,13,56.43
10920,F,Retraite,0,Nantes,Prive,0.13167295828764525,10,52.24
10921,M,Ouvrier,0,Toulouse,Public,0.5783466574403909,13,66.975
10922,M,Ouvrier,0,Nancy,Prive,0.6911596145867729,13,65.34
10923,M,Retraite,0,Paris,Prive,0.4009481600386297,11,62.28
10924,F,Professions_intermediaires,1,Lyon,Prive,0.4526252884745324,11,41.01
10925,F,Employe,0,Marseille,Public,0.5667013365160157,10,74.37
10926,F,Agriculteur,0,Paris,Public,0.5975612647578088,10,77.2
10927,M,Employe,0,Paris,Public,0.5754246554560297,11,75.66
10928,M,Agriculteur,0,Bordeaux,Prive,0.6448561360431799,11,72.73
10929,F,Retraite,0,Paris,Prive,0.5431308197824356,10,76.23
10930,F,Cadre,0,Lyon,Prive,0.37483663771734255,12,87.26
10931,F,Professions_intermediaires,0,Bordeaux,Prive,0.4107476808491012,13,69.96
10932,M,Agriculteur,0,Lyon,Public,0.3441657382821902,11,64.15
10933,F,Retraite,0,Lyon,Prive,0.4077881024842781,13,58.45
10934,M,Professions_intermediaires,0,Bordeaux,Public,0.6123449115973133,11,67.7
10935,F,Employe,1,Paris,Public,0.3454471738215319,11,51.51
10936,F,Employe,0,Marseille,Prive,0.7139914330417517,11,71.02
10937,M,Cadre,0,Nancy,Prive,0.3023361209364661,13,85.98
10938,M,Ouvrier,0,Paris,Prive,0.540648134268108,11,77.78
10939,M,Agriculteur,1,Bordeaux,Public,0.6671646156540916,13,61.18
10940,F,Cadre,0,Toulouse,Public,0.5897600398209366,13,78.91
10941,F,Agriculteur,0,Marseille,Public,0.13050420044246863,10,56.39
10942,M,Ouvrier,0,Nancy,Public,0.5266514643013831,11,65.83
10943,M,Employe,0,Paris,Prive,0.3524409003492984,10,67.62
10944,F,Cadre,0,Nancy,Prive,0.2355544781317453,13,91.71
10945,M,Ouvrier,0,Toulouse,Public,0.5445761207739096,11,57.79
10946,M,Agriculteur,0,Paris,Prive,0.25021458136593533,10,51.23
10947,M,Professions_intermediaires,0,Nantes,Public,0.5489619586279828,10,66.82
10948,F,Retraite,0,Toulouse,Public,0.7911950593575794,13,82.7
10949,M,Agriculteur,0,Paris,Prive,0.560447789483208,10,70.87
10950,M,Ouvrier,0,Marseille,Prive,0.4534378851017121,12,66.58
10951,F,Retraite,0,Bordeaux,Prive,0.4678591940447201,13,61.86
10952,F,Ouvrier,1,Toulouse,Prive,0.6827971941895081,11,39.04
10953,M,Retraite,0,Toulouse,Public,0.4388808402307428,10,68.68
10954,F,Agriculteur,0,Paris,Public,0.40692785947126975,12,55.6
10955,F,Agriculteur,0,Paris,Prive,0.3137369908508454,12,69.91
10956,F,Cadre,1,Marseille,Public,0.32118578897472905,11,76.28
10957,M,Ouvrier,0,Marseille,Prive,0.6786486454731557,12,43.7
10958,M,Ouvrier,0,Bordeaux,Public,0.4028052475528772,13,49.51
10959,M,Ouvrier,0,Toulouse,Prive,0.6110451626616512,12,62.34
10960,M,Agriculteur,0,Lyon,Prive,0.6272004486965865,13,66.69
10961,M,Professions_intermediaires,0,Bordeaux,Prive,0.3087961024882373,11,68.75
10962,F,Employe,1,Lille,Prive,0.34098376002666053,10,64.99
10963,F,Ouvrier,1,Nantes,Public,0.6154528386721673,13,38.25
10964,F,Ouvrier,0,Lille,Prive,0.5280918532785028,11,60.29
10965,F,Employe,0,Toulouse,Public,0.4642319313091411,10,58.9
10966,F,Agriculteur,1,Marseille,Prive,0.5923439278592578,10,38.96
10967,M,Retraite,1,Paris,Public,0.7024893594262412,13,52.46
10968,F,Professions_intermediaires,0,Bordeaux,Public,0.49221345600060873,10,60.79
10969,F,Retraite,0,Toulouse,Public,0.38622446816671496,13,51.32
10970,M,Cadre,1,Bordeaux,Public,0.523448010784816,11,64.93
10971,F,Employe,0,Marseille,Prive,0.3390574261756174,13,70.25
10972,M,Agriculteur,0,Lyon,Public,0.5285457795718216,12,60.82
10973,M,Ouvrier,0,Bordeaux,Prive,0.5003829039358013,13,53.36
10974,M,Retraite,0,Toulouse,Prive,0.33682838000403353,13,45.71
10975,M,Agriculteur,0,Nancy,Prive,0.41904671283777767,11,70.81
10976,F,Ouvrier,0,Lille,Prive,0.4351546066378157,13,60.39
10977,M,Employe,1,Marseille,Prive,0.6466367552183683,12,50.32
10978,F,Professions_intermediaires,0,Lyon,Public,0.3249759756176853,11,59.85
10979,M,Agriculteur,1,Bordeaux,Public,0.33811205711478154,11,51.74
10980,M,Employe,1,Nancy,Prive,0.4252789814817732,10,40.85
10981,M,Agriculteur,0,Toulouse,Public,0.6127912266976567,10,78.49
10982,F,Cadre,0,Nancy,Public,0.6454634520110272,12,82.8
10983,M,Agriculteur,1,Lille,Public,0.5523754263829174,12,52.09
10984,M,Cadre,0,Lyon,Prive,0.6429675240309417,10,80.35
10985,M,Cadre,0,Nantes,Prive,0.7324473877276096,11,97.77
10986,F,Cadre,1,Nancy,Prive,0.5315015532474332,12,55.31
10987,M,Ouvrier,0,Nantes,Public,0.3396733284684678,10,59.18
10988,F,Employe,1,Lille,Prive,0.4845169264947259,11,37.17
10989,F,Employe,0,Lyon,Prive,0.22766056207709695,13,58.66
10990,M,Agriculteur,0,Paris,Prive,0.5789443626314947,11,75.49
10991,F,Cadre,0,Paris,Prive,0.4016671242041295,13,73.07
10992,F,Cadre,0,Lyon,Prive,0.5224146072100513,11,90.21
10993,M,Retraite,0,Marseille,Prive,0.4830138419485293,10,70.43
10994,M,Retraite,1,Marseille,Prive,0.4233979742938603,11,24.3
10995,F,Employe,0,Nantes,Prive,0.5450781845069453,11,73.77
10996,F,Cadre,0,Nantes,Prive,0.47503720313344855,10,95.08
10997,F,Cadre,0,Marseille,Public,0.3739036937988344,12,75.99
10998,F,Retraite,0,Nancy,Prive,0.28041668461914615,12,52.93
10999,M,Agriculteur,0,Marseille,Prive,0.5711916229804086,12,54.93
11000,F,Professions_intermediaires,0,Nancy,Prive,0.2587244668422821,11,61.54
11001,M,Employe,0,Marseille,Public,0.8589625773838175,10,84.07
11002,F,Cadre,1,Nantes,Public,0.7574305962503871,12,67.41
11003,M,Ouvrier,0,Lyon,Prive,0.1820331176693773,11,57.5
11004,M,Agriculteur,0,Lille,Prive,0.6255015557383348,12,65.14
11005,M,Retraite,0,Lille,Prive,0.7276634496280844,11,68.0
11006,F,Agriculteur,0,Lyon,Prive,0.3827794899734928,10,78.13
11007,F,Employe,1,Nancy,Public,0.5702219002754739,12,62.17
11008,M,Cadre,0,Nantes,Prive,0.474964283560165,11,84.83
11009,F,Retraite,0,Nantes,Prive,0.6363695929361401,11,66.63
11010,M,Cadre,0,Marseille,Public,0.4107265978778745,13,74.92
11011,M,Retraite,0,Nancy,Prive,0.7027922916267578,11,75.68
11012,F,Professions_intermediaires,0,Lyon,Public,0.471319755160377,11,73.79
11013,F,Cadre,1,Marseille,Prive,0.4365841847886851,11,75.76
11014,F,Professions_intermediaires,1,Marseille,Public,0.6296944081920449,10,43.21
11015,F,Employe,0,Marseille,Public,0.6801428617081993,11,68.58
11016,F,Cadre,0,Toulouse,Prive,0.032736418528007905,12,73.9
11017,M,Employe,0,Bordeaux,Prive,-0.08081205809226144,11,58.83
11018,M,Agriculteur,0,Lille,Public,0.5683345694111874,11,57.87
11019,F,Professions_intermediaires,0,Nancy,Public,0.367599222364415,12,71.36
11020,M,Cadre,0,Toulouse,Prive,0.23579645380415487,11,86.95
11021,F,Agriculteur,0,Bordeaux,Public,0.42520717993366497,12,70.69
11022,F,Cadre,0,Nancy,Public,1.0822237590703447,10,100.0
11023,M,Retraite,0,Toulouse,Public,0.23398510542294487,11,50.83
11024,M,Professions_intermediaires,0,Paris,Prive,0.6771305716377934,10,75.94
11025,F,Retraite,0,Nancy,Public,0.34771738864720225,12,52.93
11026,F,Retraite,0,Paris,Prive,0.20956267891966535,12,68.23
11027,M,Employe,0,Nancy,Public,0.3776096593801049,10,68.11
11028,F,Employe,0,Lille,Prive,0.21572326397499364,11,63.4
11029,F,Retraite,0,Nantes,Prive,0.18638805379097684,12,60.2
11030,F,Employe,0,Nantes,Public,0.3550182431138399,11,76.24
11031,F,Agriculteur,0,Toulouse,Public,0.2819504515035413,13,82.86
11032,M,Employe,0,Toulouse,Public,0.47079200886015704,13,67.1
11033,M,Retraite,0,Nancy,Public,0.5337198371947217,10,65.49
11034,F,Agriculteur,0,Lyon,Public,0.34218968897937163,11,69.6
11035,F,Professions_intermediaires,0,Lille,Prive,0.6259130759306611,11,91.35
11036,F,Cadre,0,Paris,Prive,0.36716936469471295,12,89.56
11037,F,Professions_intermediaires,0,Lille,Prive,0.4692886513824864,12,78.42
11038,F,Cadre,0,Lille,Prive,0.06614858006223512,13,82.91
11039,M,Cadre,0,Lille,Prive,0.5164230832101574,11,88.12
11040,M,Employe,1,Paris,Public,0.9504137549855034,11,44.35
11041,M,Ouvrier,0,Lille,Prive,0.6589962320601841,11,73.13
11042,F,Retraite,0,Lyon,Public,0.4654882565333141,13,57.58
11043,F,Agriculteur,1,Marseille,Public,0.26838441429674986,11,43.63
11044,F,Cadre,1,Bordeaux,Prive,0.8264196279332237,12,65.72
11045,F,Agriculteur,0,Toulouse,Public,0.4678008447228528,10,66.43
11046,F,Professions_intermediaires,0,Lille,Prive,0.3653102966146894,11,74.69
11047,F,Professions_intermediaires,0,Toulouse,Public,0.37032282892478585,11,84.88
11048,M,Ouvrier,0,Paris,Prive,0.9145977356425932,13,65.33
11049,F,Professions_intermediaires,0,Lyon,Prive,0.47636635462118304,10,88.15
11050,F,Ouvrier,0,Nantes,Public,0.5901140826249284,11,49.07
11051,M,Agriculteur,0,Nancy,Public,0.4593770032505092,12,56.03
11052,M,Ouvrier,0,Marseille,Prive,0.4869563090980657,11,52.09
11053,M,Professions_intermediaires,0,Lyon,Prive,0.41501907310644137,11,79.02
11054,F,Cadre,0,Bordeaux,Prive,0.7844647014475432,12,83.38
11055,F,Ouvrier,0,Marseille,Public,0.5088107559546597,10,50.47
11056,F,Cadre,0,Paris,Prive,0.21843342930445703,12,95.47
11057,F,Employe,0,Nancy,Prive,0.5788241206294609,13,69.04
11058,M,Employe,0,Nantes,Public,0.47704857269082457,12,79.88
11059,M,Retraite,1,Marseille,Public,0.5762251912755739,13,54.96
11060,M,Cadre,0,Bordeaux,Public,0.4336817733207754,12,89.8
11061,M,Cadre,0,Toulouse,Prive,0.3917878828929644,12,92.95
11062,F,Ouvrier,0,Lille,Public,0.6788295518721468,12,63.01
11063,F,Employe,0,Nancy,Prive,0.8718276057193692,13,66.29
11064,M,Cadre,0,Nancy,Public,0.12822237132622155,12,80.48
11065,M,Agriculteur,0,Lyon,Prive,0.5164078640406219,11,65.19
11066,M,Ouvrier,0,Lille,Prive,0.3919696032890047,12,63.04
11067,M,Retraite,0,Paris,Public,0.3176237708437467,11,68.11
11068,F,Ouvrier,0,Nancy,Prive,0.06869589076071003,10,44.76
11069,F,Professions_intermediaires,0,Marseille,Public,0.5721577874512531,13,152.81682574205655
11070,M,Ouvrier,1,Nancy,Prive,0.40330915112659343,12,37.07
11071,F,Agriculteur,1,Lille,Prive,0.3913989311530616,11,58.54
11072,M,Agriculteur,0,Paris,Prive,0.7405405060034893,13,66.22
11073,F,Retraite,0,Paris,Prive,0.41211793081285547,11,80.07
11074,F,Retraite,0,Nantes,Public,0.40363558979911685,11,48.58
11075,F,Retraite,1,Bordeaux,Public,0.23280406771170314,10,54.19
11076,M,Professions_intermediaires,0,Toulouse,Prive,0.3184249971913067,10,72.16
11077,F,Retraite,0,Lyon,Public,0.7932836852521755,12,76.76
11078,F,Ouvrier,0,Nancy,Prive,0.622317075089227,13,69.37
11079,M,Professions_intermediaires,0,Marseille,Prive,0.7575226906812327,12,58.83
11080,F,Retraite,0,Bordeaux,Prive,0.33188381845554127,11,59.25
11081,F,Cadre,0,Toulouse,Public,0.5722354503680416,13,85.77
11082,M,Retraite,0,Nantes,Prive,0.7095642286253374,12,79.52
11083,M,Professions_intermediaires,0,Bordeaux,Public,0.6158632300549721,10,75.81
11084,M,Cadre,0,Nancy,Public,0.8160649961266053,11,100.0
11085,F,Employe,1,Paris,Prive,0.5804028284989947,12,66.66
11086,M,Ouvrier,0,Nancy,Prive,0.49963336283730814,12,65.28
11087,F,Retraite,0,Bordeaux,Prive,0.029121399398521375,10,56.89
11088,M,Agriculteur,0,Nancy,Prive,0.5833603295761098,11,60.64
11089,F,Cadre,0,Nancy,Public,0.6195278881121419,13,93.95
11090,M,Retraite,0,Nancy,Prive,0.729510220841743,13,66.32
11091,M,Employe,0,Lyon,Public,0.3410863180849737,12,76.2
11092,F,Agriculteur,1,Toulouse,Public,0.49328426689487936,12,36.35
11093,F,Cadre,1,Lyon,Prive,0.18199903765958236,12,52.62
11094,M,Professions_intermediaires,0,Nantes,Public,0.17736054854859612,11,75.46
11095,M,Ouvrier,0,Lyon,Public,0.6025930173379724,10,77.95
11096,M,Professions_intermediaires,0,Nantes,Prive,0.75330649647841,12,86.3
11097,M,Agriculteur,1,Bordeaux,Prive,0.7603208590801862,13,65.46
11098,M,Retraite,0,Nancy,Public,0.5876933023517726,13,67.83
11099,F,Cadre,0,Nancy,Prive,0.9091931573369267,11,100.0
11100,F,Ouvrier,0,Lyon,Prive,0.42149875737583986,13,62.32
11101,M,Ouvrier,0,Bordeaux,Public,0.6796491656934951,11,68.98
11102,F,Ouvrier,1,Marseille,Public,0.2364276991751995,10,38.02
11103,M,Employe,0,Nantes,Public,-0.1286963962923212,11,51.27
11104,F,Agriculteur,0,Nantes,Public,0.4037274670770681,11,71.72
11105,F,Employe,0,Lille,Public,0.47587182927324023,13,70.75
11106,F,Ouvrier,1,Lille,Public,0.5469117425205078,10,47.14
11107,M,Ouvrier,0,Nantes,Public,0.46276775296608197,11,39.52
11108,F,Cadre,0,Marseille,Public,0.5722743155919822,13,79.79
11109,F,Professions_intermediaires,0,Marseille,Prive,0.848061062697085,10,78.99
11110,M,Employe,0,Lille,Public,0.6475749904880959,10,57.33
11111,F,Cadre,0,Lille,Public,0.34687395546809807,12,74.23
11112,M,Employe,0,Marseille,Prive,-0.0025141340605107088,13,62.8
11113,M,Agriculteur,1,Bordeaux,Public,0.28493841279811005,11,46.6
11114,F,Ouvrier,0,Lille,Public,0.7686012122578161,12,76.69
11115,M,Employe,0,Nantes,Prive,0.3992832473393489,12,73.45
11116,F,Professions_intermediaires,0,Lille,Public,0.6357309398860134,13,87.86
11117,F,Retraite,0,Marseille,Public,0.6280598405566762,12,69.17
11118,M,Cadre,0,Nancy,Prive,0.48886441946929854,12,96.36
11119,F,Ouvrier,0,Nancy,Public,0.4826409619904366,11,66.975
11120,F,Professions_intermediaires,0,Lille,Prive,0.367138087791852,11,84.72
11121,F,Employe,1,Lille,Prive,0.9454414877790317,11,66.73
11122,M,Employe,0,Nancy,Public,0.30880564298070334,11,69.11
11123,F,Retraite,1,Nantes,Public,0.7241900611599474,12,50.7
11124,F,Retraite,0,Toulouse,Prive,0.6661566129029903,10,63.47
11125,M,Employe,0,Nancy,Prive,0.6230260400676755,13,70.13
11126,F,Professions_intermediaires,0,Nantes,Public,0.47602457212790045,10,61.7
11127,F,Professions_intermediaires,0,Lille,Public,0.20404281674163977,11,78.74
11128,F,Retraite,0,Paris,Prive,0.27038921051860626,10,56.53
11129,M,Retraite,0,Paris,Prive,0.3450452340418908,11,57.23
11130,M,Cadre,0,Lyon,Public,0.5739511795822442,13,69.58
11131,M,Ouvrier,0,Paris,Public,0.6781242910687992,13,54.83
11132,F,Ouvrier,1,Lyon,Public,0.5628011324333625,11,66.83
11133,M,Ouvrier,0,Lille,Public,0.5519418872226542,10,55.7
11134,M,Agriculteur,0,Nancy,Public,0.7084893229495721,10,82.11
11135,M,Agriculteur,0,Paris,Prive,0.08200941415777013,11,47.48
11136,F,Agriculteur,0,Bordeaux,Prive,0.05861512459498508,10,47.87
11137,M,Ouvrier,0,Lille,Public,0.19045876992700017,10,53.1
11138,F,Ouvrier,0,Nantes,Public,0.6851081903675302,11,66.23
11139,M,Employe,0,Nantes,Public,0.09813053641225417,10,52.82
11140,M,Professions_intermediaires,0,Lille,Prive,0.4980301507761962,10,73.99
11141,F,Ouvrier,0,Nantes,Public,0.31792265803217434,11,50.59
11142,F,Professions_intermediaires,0,Lille,Prive,0.531037618142809,12,87.18
11143,M,Retraite,0,Nantes,Prive,0.4716677039336746,13,81.55
11144,F,Ouvrier,0,Bordeaux,Public,0.5500654689618425,12,72.08
11145,M,Agriculteur,0,Lyon,Public,0.42016705392366555,12,54.02
11146,M,Professions_intermediaires,0,Lille,Public,0.6414768480019051,12,81.2
11147,F,Retraite,0,Paris,Prive,0.7926964561934606,12,66.77
11148,M,Employe,0,Marseille,Public,0.7529458492621057,13,67.39
11149,M,Employe,0,Bordeaux,Public,0.42751964351358346,13,71.85
11150,F,Ouvrier,1,Bordeaux,Public,0.3269900767187543,10,38.72
11151,F,Agriculteur,0,Lille,Public,0.5391218020871159,12,71.44
11152,F,Retraite,0,Paris,Prive,0.8950790143281067,12,74.66
11153,F,Ouvrier,0,Nantes,Public,0.48936317829685505,13,53.22
11154,M,Cadre,0,Lyon,Public,0.6677482669853629,12,78.58
11155,M,Agriculteur,0,Nancy,Public,0.6567565190610599,11,68.94
11156,M,Agriculteur,0,Lyon,Public,0.6544079942272594,12,69.67
11157,F,Retraite,0,Nancy,Prive,0.7545695482001527,13,74.85
11158,M,Agriculteur,1,Paris,Public,0.2366373000335082,11,50.2
11159,M,Retraite,0,Paris,Prive,0.30735436692186247,11,58.18
11160,M,Retraite,0,Lille,Prive,0.5095108462439488,11,65.8
11161,F,Retraite,0,Nancy,Prive,0.7460721697961478,12,79.19
11162,M,Cadre,0,Toulouse,Public,0.7456127806508145,11,87.15
11163,M,Cadre,0,Toulouse,Prive,0.49079730613379446,12,87.69
11164,F,Cadre,1,Lille,Public,0.6996344565682391,11,71.85
11165,M,Retraite,0,Nantes,Public,0.4156839287191194,11,59.27
11166,F,Employe,1,Toulouse,Public,0.3347162384709713,12,33.43
11167,M,Agriculteur,1,Paris,Prive,0.23420015780239478,10,33.64
11168,M,Professions_intermediaires,0,Bordeaux,Prive,0.47254953306775843,11,82.76
11169,M,Ouvrier,1,Lyon,Public,0.4306798826448508,11,23.93
11170,M,Cadre,0,Marseille,Prive,0.7006823379122148,13,100.0
11171,F,Employe,0,Bordeaux,Prive,0.612560984173299,12,66.975
11172,M,Agriculteur,0,Lille,Public,0.5108460935628601,13,52.32
11173,F,Cadre,1,Lyon,Prive,0.5116555279563834,11,60.88
11174,M,Cadre,0,Paris,Prive,0.4161690167985239,11,61.87
11175,F,Ouvrier,0,Toulouse,Prive,0.14417026855462506,11,38.31
11176,F,Ouvrier,0,Bordeaux,Prive,0.2635186797460182,13,57.19
11177,M,Agriculteur,1,Bordeaux,Public,0.6573362500867859,12,37.37
11178,F,Retraite,0,Lille,Public,0.47230632144161877,11,51.26
11179,M,Employe,0,Lyon,Prive,0.23762726838752074,12,61.71
11180,M,Agriculteur,0,Nantes,Prive,0.7734135367643757,10,74.67
11181,F,Professions_intermediaires,0,Nantes,Public,0.8396354562308892,11,87.45
11182,F,Cadre,0,Nantes,Public,0.7409023306629906,13,92.87
11183,M,Cadre,0,Lille,Public,0.584797835352106,11,85.35
11184,M,Agriculteur,0,Marseille,Prive,0.5572402841588392,11,74.39
11185,F,Retraite,0,Marseille,Prive,0.4950825190982319,11,73.55
11186,M,Cadre,0,Toulouse,Prive,0.5326876187372,10,85.28
11187,M,Cadre,0,Marseille,Prive,0.625742444781785,11,91.32
11188,F,Agriculteur,0,Lyon,Prive,0.6414859517110187,10,49.07
11189,M,Professions_intermediaires,0,Marseille,Public,0.5908236536452469,12,66.975
11190,M,Cadre,1,Toulouse,Prive,-0.15539730276196073,12,62.51
11191,F,Cadre,0,Nantes,Public,0.7302372940649131,11,85.49
11192,M,Professions_intermediaires,1,Paris,Public,0.5398988609265415,10,59.39
11193,M,Ouvrier,0,Nantes,Public,0.22850885646728847,13,56.11
11194,M,Ouvrier,0,Nantes,Public,0.5396066251866966,12,55.19
11195,F,Professions_intermediaires,0,Lyon,Public,0.5604993361209206,11,80.88
11196,F,Employe,0,Lille,Public,0.18583762997286996,13,57.46
11197,F,Professions_intermediaires,1,Bordeaux,Prive,0.3714856018897502,12,48.23
11198,M,Agriculteur,0,Bordeaux,Prive,0.27882228531079567,13,58.59
11199,M,Employe,1,Nantes,Prive,0.30529702214876075,12,66.975
11200,F,Cadre,0,Nantes,Public,0.614074300256646,13,78.96
11201,M,Retraite,1,Toulouse,Prive,0.3755624915214771,11,36.84
11202,M,Ouvrier,0,Nancy,Public,0.5186558448938582,10,60.98
11203,F,Agriculteur,0,Nancy,Prive,0.6475237164793484,13,69.31
11204,F,Employe,0,Lyon,Public,0.4132216622220208,12,62.56
11205,F,Retraite,0,Paris,Public,0.6555060626890237,13,92.0
11206,M,Cadre,0,Bordeaux,Public,0.771026276822147,13,96.46
11207,F,Ouvrier,0,Lyon,Public,0.6692444563936633,11,50.35
11208,M,Agriculteur,0,Marseille,Public,0.619980133797608,10,72.89
11209,M,Ouvrier,0,Paris,Public,0.6708925359309087,10,66.37
11210,M,Cadre,0,Toulouse,Prive,0.5789901483979463,13,100.0
11211,F,Professions_intermediaires,0,Nancy,Prive,0.6697702701068269,12,82.28
11212,M,Agriculteur,0,Lille,Public,0.26525098105768663,12,81.79
11213,F,Cadre,0,Toulouse,Prive,0.4850999409662785,13,81.55
11214,F,Retraite,0,Marseille,Public,0.5784274002659603,13,60.23
11215,F,Cadre,0,Nantes,Prive,0.4850104515978437,13,74.76
11216,M,Cadre,0,Marseille,Public,1.0004773469800141,11,100.0
11217,M,Cadre,0,Paris,Public,0.46171485871745255,12,74.91
11218,F,Agriculteur,0,Paris,Prive,0.143496935424116,10,55.83
11219,F,Professions_intermediaires,1,Nantes,Prive,0.5110228807660637,11,66.975
11220,M,Ouvrier,1,Bordeaux,Prive,0.6656619521625089,13,40.71
11221,M,Agriculteur,0,Lyon,Prive,0.32542687205009757,11,65.52
11222,F,Cadre,0,Lyon,Public,0.4926604268223986,11,74.03
11223,F,Cadre,0,Nantes,Prive,0.48535891973255546,12,63.73
11224,M,Ouvrier,0,Bordeaux,Public,0.4880811178712791,13,71.3
11225,M,Retraite,0,Toulouse,Prive,0.38035195883199846,12,71.8
11226,F,Ouvrier,0,Marseille,Public,0.7193879101002086,10,64.1
11227,M,Retraite,1,Toulouse,Prive,0.9334849032033401,13,66.975
11228,M,Ouvrier,0,Nantes,Public,0.33209730614269084,11,47.85
11229,F,Professions_intermediaires,0,Lyon,Prive,0.23861366068451756,11,67.4
11230,M,Ouvrier,1,Lille,Prive,0.4124981357112211,12,59.88
11231,M,Cadre,0,Lyon,Public,0.7814040202544104,12,100.0
11232,F,Retraite,0,Lyon,Prive,0.44839674861392764,13,66.9
11233,F,Professions_intermediaires,0,Toulouse,Prive,0.5732490089487952,10,59.99
11234,F,Professions_intermediaires,1,Nantes,Public,0.31753555292233204,11,56.19
11235,F,Ouvrier,0,Paris,Prive,0.8567615826831816,11,66.97
11236,M,Retraite,0,Lyon,Prive,0.4409215106477886,12,58.98
11237,M,Cadre,0,Toulouse,Public,0.5498817491341971,11,85.05
11238,M,Professions_intermediaires,0,Lyon,Public,0.3408072188499983,11,87.86
11239,M,Retraite,0,Toulouse,Public,0.3215636413953096,12,61.41
11240,F,Professions_intermediaires,0,Toulouse,Public,0.499275586156543,10,84.47
11241,M,Agriculteur,0,Nancy,Prive,0.5208144982650216,11,72.31
11242,F,Employe,1,Marseille,Prive,0.6725553296304309,12,55.87
11243,F,Cadre,0,Nancy,Prive,0.16245336327062115,11,84.1
11244,F,Professions_intermediaires,0,Lille,Prive,0.309808378218021,12,67.59
11245,M,Employe,0,Toulouse,Public,0.362552529232791,11,51.8
11246,M,Cadre,0,Nantes,Public,0.5240206446144757,13,98.93
11247,F,Agriculteur,0,Marseille,Prive,0.274090584946199,13,50.85
11248,M,Retraite,0,Lille,Public,0.4809135813659399,10,66.22
11249,M,Agriculteur,0,Nancy,Public,0.37126072719225256,13,66.975
11250,F,Retraite,0,Lyon,Public,0.4728880738753656,10,68.05
11251,M,Retraite,0,Lille,Prive,0.3450672756775212,13,66.04
11252,M,Employe,0,Bordeaux,Public,0.29768599500278625,12,68.0
11253,F,Retraite,0,Marseille,Public,0.5570151139170064,10,77.29
11254,M,Professions_intermediaires,0,Nancy,Public,0.7225962914796963,11,91.16
11255,M,Retraite,0,Lille,Public,0.6626854964818775,13,54.72
11256,M,Professions_intermediaires,0,Paris,Prive,0.7225392886660237,12,90.75
11257,F,Ouvrier,0,Paris,Public,0.7460064532515086,12,66.38
11258,F,Professions_intermediaires,0,Nantes,Public,0.46788723341937494,10,68.0
11259,M,Agriculteur,1,Marseille,Prive,0.8741832617759966,11,46.57
11260,F,Ouvrier,0,Nantes,Prive,0.6512246688495911,13,67.16
11261,F,Professions_intermediaires,0,Nantes,Public,0.3100266894837918,13,66.31
11262,F,Professions_intermediaires,0,Lille,Prive,0.3662666816776766,11,73.25
11263,M,Cadre,0,Nantes,Public,0.5301786234979943,12,84.65
11264,F,Agriculteur,0,Lille,Public,0.676106934944599,12,76.01
11265,M,Ouvrier,0,Nancy,Public,0.45422934468014775,13,66.18
11266,F,Cadre,1,Paris,Prive,0.305784012296553,10,71.84
11267,F,Retraite,1,Lyon,Prive,0.6580963770204179,10,59.39
11268,F,Professions_intermediaires,0,Lille,Public,0.2766238179079532,10,84.26
11269,M,Employe,1,Marseille,Public,0.560777150999404,12,45.99
11270,F,Ouvrier,0,Lille,Prive,0.5086296624825605,11,55.11
11271,F,Professions_intermediaires,0,Nantes,Public,0.23150928503149537,10,68.83
11272,M,Retraite,0,Bordeaux,Prive,0.8554590325582563,11,67.42
11273,M,Ouvrier,0,Lyon,Public,0.503345984892326,12,48.26
11274,F,Ouvrier,1,Lyon,Prive,0.262805716836137,11,33.97
11275,F,Cadre,1,Bordeaux,Prive,0.5097098963962573,12,71.9
11276,M,Employe,1,Toulouse,Public,0.15397576921476708,10,50.28
11277,F,Ouvrier,0,Toulouse,Prive,0.5722180603099881,13,62.24
11278,F,Employe,0,Paris,Prive,0.6722185783632074,11,82.02
11279,F,Professions_intermediaires,0,Toulouse,Prive,1.0403768518251875,11,87.45
11280,M,Agriculteur,0,Paris,Prive,0.519571697314216,12,46.99
11281,F,Employe,1,Lyon,Public,0.36821481763340036,13,33.36
11282,F,Agriculteur,0,Lille,Prive,0.5413418989964665,11,74.08
11283,F,Agriculteur,0,Nantes,Public,0.7880697908665398,11,59.54
11284,M,Ouvrier,0,Lille,Prive,0.6001811689601176,11,50.19
11285,M,Retraite,0,Lille,Prive,0.6665358548739859,12,53.94
11286,M,Employe,0,Lille,Prive,0.6520110915634024,12,68.45
11287,F,Agriculteur,0,Toulouse,Public,0.6012662953590799,13,66.975
11288,F,Agriculteur,0,Marseille,Public,0.21963170835651252,10,47.94
11289,F,Retraite,1,Bordeaux,Public,0.2087386412694382,12,45.88
11290,M,Cadre,0,Nancy,Public,0.18413751779077658,10,77.13
11291,M,Professions_intermediaires,0,Toulouse,Prive,0.26050177165673005,12,56.82
11292,F,Ouvrier,0,Toulouse,Prive,0.28352695472411193,11,57.08
11293,M,Cadre,0,Lyon,Public,0.8719448506161072,10,66.975
11294,M,Retraite,0,Toulouse,Public,0.358629149375087,10,53.94
11295,M,Ouvrier,1,Lille,Prive,0.5199720419883577,13,29.02
11296,F,Ouvrier,0,Toulouse,Prive,0.45122147505690824,12,60.25
11297,M,Agriculteur,1,Nancy,Prive,0.5387005311321642,12,66.975
11298,F,Professions_intermediaires,0,Lille,Prive,0.5140127785328064,12,73.45
11299,F,Cadre,0,Nantes,Public,0.2488051505350211,10,78.82
11300,F,Employe,0,Nantes,Prive,0.6195484235469398,10,73.23
11301,M,Employe,0,Paris,Public,0.3640346475523908,13,62.19
11302,M,Agriculteur,0,Nantes,Prive,0.3573254813114709,11,46.96
11303,F,Cadre,0,Paris,Prive,0.438706638094344,13,83.7
11304,F,Agriculteur,0,Paris,Public,0.6617931196125704,10,64.33
11305,M,Cadre,0,Marseille,Prive,0.3750880050120447,12,91.34
11306,M,Cadre,0,Toulouse,Prive,0.5183562340182643,13,88.23
11307,F,Employe,0,Paris,Prive,0.5805694228216458,11,79.15
11308,F,Professions_intermediaires,0,Nancy,Prive,0.5513660385805214,11,71.69
11309,F,Employe,0,Lille,Prive,0.5404149495781907,12,77.39
11310,F,Retraite,0,Bordeaux,Public,0.21928538428731859,11,49.23
11311,M,Cadre,0,Lille,Public,0.5253738548770494,11,84.36
11312,F,Agriculteur,0,Lille,Public,0.317056020605806,13,57.26
11313,M,Cadre,0,Nantes,Prive,0.14800519063115392,12,81.6
11314,M,Cadre,0,Lyon,Prive,0.40747001573311725,10,97.44
11315,M,Cadre,0,Bordeaux,Prive,0.3962305594677393,11,84.85
11316,M,Cadre,0,Paris,Public,1.0920387551277684,10,83.56
11317,F,Cadre,0,Nantes,Public,0.6952399724573307,11,83.7
11318,F,Retraite,0,Lille,Public,0.6568603831190625,13,96.47
11319,M,Agriculteur,0,Paris,Public,0.41845421584750675,12,73.57
11320,M,Ouvrier,0,Nancy,Public,0.4629472394449985,12,52.22
11321,M,Ouvrier,1,Lyon,Public,1.014313623888866,11,59.59
11322,F,Ouvrier,0,Nancy,Prive,0.3728140603707687,11,59.81
11323,M,Agriculteur,0,Toulouse,Public,0.5509848368407185,12,92.75
11324,F,Employe,0,Lille,Public,0.8682608326142967,10,77.23
11325,F,Cadre,0,Marseille,Public,0.3552619181366805,13,80.01
11326,M,Agriculteur,0,Bordeaux,Public,0.5299580385426834,13,68.01
11327,F,Ouvrier,0,Bordeaux,Public,0.4963705750287522,13,57.92
11328,F,Ouvrier,0,Bordeaux,Prive,0.32224344439722474,10,51.15
11329,F,Ouvrier,0,Lille,Public,0.6549905079337668,11,54.79
11330,F,Employe,0,Lyon,Public,0.27693601068188567,11,59.28
11331,M,Ouvrier,1,Paris,Prive,0.6551724834700768,13,50.33
11332,M,Professions_intermediaires,1,Nancy,Public,0.5859096043253161,10,53.58
11333,M,Agriculteur,0,Paris,Public,0.6795879148478666,13,66.76
11334,F,Employe,1,Toulouse,Public,0.4611594648269778,11,35.71
11335,M,Professions_intermediaires,0,Nancy,Public,0.5778905614026418,13,82.05
11336,M,Employe,0,Nancy,Public,0.7052360499503664,10,86.0
11337,F,Ouvrier,0,Paris,Public,0.21821911661257726,12,47.67
11338,M,Cadre,0,Nancy,Public,0.25830910395445505,10,72.95
11339,M,Agriculteur,0,Nantes,Public,0.6163507884653542,11,62.27
11340,M,Employe,0,Paris,Public,0.6645968199906866,12,77.99
11341,M,Agriculteur,0,Toulouse,Public,0.527100958625845,13,77.97
11342,M,Retraite,1,Marseille,Public,0.6839911661951228,12,49.43
11343,M,Ouvrier,0,Marseille,Prive,0.4275596738237196,11,47.71
11344,M,Ouvrier,0,Toulouse,Public,0.7534279778953835,10,69.09
11345,M,Employe,0,Lyon,Public,0.48547566135397374,11,68.79
11346,F,Retraite,1,Nancy,Public,0.3442532737191217,10,45.08
11347,M,Ouvrier,0,Paris,Public,0.784973892702945,10,56.87
11348,M,Cadre,0,Paris,Public,0.6653736636951421,13,77.63
11349,F,Professions_intermediaires,0,Nancy,Public,0.4099415086333041,13,58.91
11350,M,Ouvrier,0,Lille,Public,0.4139454120394422,11,66.975
11351,M,Ouvrier,0,Bordeaux,Prive,0.6201753944531763,11,73.3
11352,M,Ouvrier,0,Marseille,Public,0.29989021295412155,12,41.03
11353,M,Ouvrier,0,Marseille,Public,0.5641057744494211,10,54.23
11354,F,Professions_intermediaires,1,Toulouse,Public,0.46625516716727244,11,47.62
11355,M,Retraite,0,Paris,Prive,0.5429522642994564,11,73.13
11356,M,Cadre,0,Bordeaux,Prive,0.09573620596164711,12,75.89
11357,F,Employe,0,Lyon,Public,0.3185948449885915,11,78.39
11358,M,Employe,0,Bordeaux,Prive,0.5507339392330499,11,65.49
11359,F,Retraite,0,Marseille,Prive,0.710523224266818,10,58.07
11360,F,Retraite,1,Toulouse,Public,0.4737693929261489,11,38.3
11361,M,Professions_intermediaires,0,Toulouse,Prive,0.6445110480513321,11,68.99
11362,M,Cadre,0,Lyon,Prive,0.20368636893229014,12,86.95
11363,M,Ouvrier,0,Lyon,Prive,0.4102811099448158,13,75.33
11364,F,Retraite,0,Lyon,Public,0.5559712079988336,10,71.14
11365,M,Ouvrier,0,Nantes,Prive,0.48752686758072883,10,53.45
11366,F,Ouvrier,0,Lyon,Public,0.6525234841689862,10,67.16
11367,M,Agriculteur,0,Lyon,Public,0.44862568387507,10,52.18
11368,M,Employe,0,Lyon,Public,0.4505759157015231,11,64.11
11369,M,Ouvrier,0,Toulouse,Public,0.6307255973718751,13,47.81
11370,F,Professions_intermediaires,0,Nancy,Public,0.392521542272951,11,77.46
11371,M,Ouvrier,0,Toulouse,Public,0.31846776651312064,12,54.51
11372,F,Employe,0,Nancy,Prive,0.5929705905292539,13,77.92
11373,M,Professions_intermediaires,0,Nancy,Prive,0.30725900971771447,10,76.44
11374,F,Employe,1,Lyon,Public,0.7837080055024184,10,49.75
11375,M,Agriculteur,0,Paris,Public,0.13158184110257864,12,69.03
11376,F,Ouvrier,0,Bordeaux,Prive,0.44034958765572574,10,49.53
11377,M,Professions_intermediaires,0,Lille,Public,0.825325391271322,13,100.0
11378,M,Ouvrier,0,Paris,Prive,0.8951676766793608,10,56.63
11379,F,Agriculteur,0,Lille,Public,0.48175052131541346,12,75.81
11380,M,Agriculteur,1,Lille,Prive,0.7207945934396038,13,64.05
11381,F,Agriculteur,0,Nantes,Public,0.6550231592860297,13,74.53
11382,M,Employe,0,Nancy,Public,0.40169207891728625,13,55.54
11383,F,Employe,0,Marseille,Prive,0.5934413740565909,12,63.59
11384,F,Retraite,1,Nancy,Public,0.3276827716433103,13,32.51
11385,F,Agriculteur,0,Paris,Public,0.1875957303714108,12,62.58
11386,M,Employe,1,Marseille,Prive,0.600853314321608,13,56.35
11387,M,Ouvrier,0,Toulouse,Public,0.6126299502302732,13,66.83
11388,M,Cadre,1,Nancy,Public,0.26290523639697805,13,59.28
11389,F,Professions_intermediaires,0,Marseille,Public,0.4714532733836973,12,62.3
11390,M,Cadre,1,Toulouse,Prive,0.2627775934739271,13,74.09
11391,F,Agriculteur,1,Bordeaux,Public,0.40773655826404354,13,45.89
11392,F,Professions_intermediaires,1,Lille,Public,0.4127058233316676,11,50.16
11393,F,Retraite,1,Nantes,Public,0.648172282245395,11,50.84
11394,F,Retraite,0,Paris,Prive,0.3999818667872883,12,48.38
11395,M,Cadre,0,Nancy,Prive,0.24764175543249595,11,77.93
11396,M,Retraite,0,Toulouse,Prive,0.8431456487206832,10,69.67
11397,M,Cadre,0,Nancy,Prive,0.5989815846352534,11,84.64
11398,M,Ouvrier,0,Nantes,Public,0.6792053030603504,13,74.93
11399,M,Employe,0,Marseille,Public,0.6216382667614825,13,58.42
11400,F,Cadre,0,Nancy,Prive,0.6882094727722105,10,89.29
11401,F,Retraite,0,Lille,Prive,0.5873093530716744,12,61.87
11402,M,Agriculteur,1,Nancy,Prive,0.5930254148115915,12,48.1
11403,F,Ouvrier,0,Nancy,Prive,0.525464693935176,13,69.55
11404,F,Ouvrier,0,Lille,Public,0.4121793941084829,11,58.41
11405,M,Professions_intermediaires,1,Paris,Public,0.6773342194635616,13,55.43
11406,F,Professions_intermediaires,0,Toulouse,Public,0.4470793308367288,12,53.19
11407,M,Agriculteur,0,Toulouse,Public,0.5235470211236285,10,75.58
11408,M,Employe,0,Paris,Prive,0.5740162025830895,13,54.02
11409,M,Agriculteur,0,Toulouse,Prive,0.590908986161889,13,65.76
11410,M,Cadre,0,Lille,Prive,0.2971310394394608,12,71.83
11411,F,Cadre,0,Nantes,Prive,0.5402395452551504,10,65.85
11412,F,Cadre,0,Paris,Prive,0.2958407964445122,13,82.26
11413,M,Retraite,1,Lille,Public,0.5357174171636403,10,40.99
11414,M,Cadre,1,Nantes,Prive,0.6559559165026867,11,72.05
11415,F,Professions_intermediaires,0,Lille,Prive,0.8599724968390694,11,88.32
11416,M,Retraite,1,Lyon,Public,0.6155382965156051,12,52.08
11417,M,Ouvrier,0,Lille,Public,0.6727912711864438,10,68.36
11418,F,Professions_intermediaires,0,Paris,Public,0.28244919220402664,13,75.15
11419,M,Agriculteur,0,Paris,Public,0.6076345236250711,11,78.96
11420,M,Retraite,0,Marseille,Prive,0.27691252233917785,12,62.32
11421,M,Ouvrier,0,Nantes,Public,0.7404888166351995,10,67.22
11422,M,Agriculteur,1,Nantes,Public,0.2867546202150054,12,41.8
11423,M,Agriculteur,0,Bordeaux,Prive,0.3045725710735466,10,66.02
11424,M,Cadre,0,Paris,Prive,0.6509465294360606,11,92.0
11425,F,Agriculteur,0,Nantes,Public,0.8359541861622856,12,66.975
11426,M,Cadre,0,Marseille,Prive,0.7115701410432985,13,87.04
11427,M,Professions_intermediaires,0,Bordeaux,Public,0.4292039312319387,13,91.54
11428,M,Cadre,0,Marseille,Prive,0.30213019476739333,11,93.43
11429,M,Employe,0,Nancy,Prive,0.41443141065460354,11,57.74
11430,F,Agriculteur,0,Paris,Prive,0.5251443320508886,10,69.98
11431,F,Employe,0,Lille,Public,0.4845205975716467,13,82.66
11432,F,Employe,1,Paris,Prive,0.29422538446360885,10,35.99
11433,M,Retraite,0,Lille,Public,0.7572329772892111,10,58.53
11434,M,Retraite,1,Lille,Prive,0.7615849438816819,11,73.84
11435,F,Professions_intermediaires,1,Lyon,Public,0.8769901081056297,11,59.41
11436,M,Professions_intermediaires,0,Bordeaux,Prive,0.16790427192845436,11,48.51
11437,F,Cadre,0,Marseille,Public,0.3382742421402667,11,74.53
11438,F,Professions_intermediaires,0,Marseille,Prive,0.550169536116836,13,72.74
11439,M,Professions_intermediaires,1,Marseille,Public,0.5009672809594001,11,61.3
11440,F,Professions_intermediaires,0,Lyon,Prive,0.4100885589729211,12,73.82
11441,M,Professions_intermediaires,0,Lille,Public,0.3287613373811217,12,57.53
11442,M,Professions_intermediaires,0,Paris,Public,0.3004550642078912,13,43.16
11443,F,Retraite,0,Marseille,Prive,0.9052303856159485,13,78.8
11444,F,Agriculteur,0,Marseille,Prive,0.21460212591589228,12,63.75
11445,F,Cadre,0,Toulouse,Prive,0.18849794650483598,13,89.49
11446,F,Professions_intermediaires,0,Marseille,Prive,0.26236210149086936,13,64.53
11447,M,Employe,1,Bordeaux,Public,0.5384414233771541,13,45.38
11448,M,Employe,0,Lille,Public,0.44539316004304685,10,60.9
11449,M,Agriculteur,0,Bordeaux,Prive,0.5827257853214468,11,66.975
11450,M,Professions_intermediaires,1,Lyon,Public,0.3586648429879199,12,54.3
11451,M,Ouvrier,0,Lille,Prive,0.517615138851923,13,56.22
11452,M,Cadre,1,Toulouse,Public,0.5169523261151893,10,49.16
11453,M,Retraite,0,Marseille,Public,0.8149557174831599,13,82.69
11454,M,Professions_intermediaires,0,Bordeaux,Prive,0.8558014727927099,10,83.76
11455,M,Retraite,0,Lille,Public,0.4698109332264296,10,69.21
11456,F,Professions_intermediaires,0,Marseille,Public,0.6709868792988913,10,91.0
11457,F,Ouvrier,1,Lyon,Public,0.5324736057470763,12,40.28
11458,M,Employe,0,Nantes,Public,0.6541513814097869,12,68.51
11459,F,Ouvrier,0,Toulouse,Prive,0.5769717603894345,13,53.43
11460,F,Agriculteur,0,Bordeaux,Public,0.6471853221983678,12,80.41
11461,F,Agriculteur,0,Toulouse,Public,0.6706143976222576,10,59.22
11462,F,Cadre,0,Paris,Public,0.5849151904877183,11,89.12
11463,M,Agriculteur,0,Marseille,Public,0.5273556324264717,11,73.25
11464,M,Professions_intermediaires,1,Nantes,Prive,0.7085640674851147,13,46.68
11465,F,Agriculteur,0,Lille,Public,0.4730704672186682,12,79.96
11466,M,Agriculteur,1,Marseille,Prive,0.38478049702858586,13,27.58
11467,M,Cadre,0,Bordeaux,Public,0.1891599955064474,13,65.2
11468,M,Professions_intermediaires,0,Paris,Public,0.5850600830927094,13,75.56
11469,M,Employe,0,Lyon,Public,0.6384604511954626,11,76.46
11470,F,Agriculteur,0,Bordeaux,Prive,0.15521821447105966,12,49.6
11471,F,Retraite,0,Paris,Prive,0.3772445431986543,13,69.31
11472,M,Employe,1,Bordeaux,Public,0.6502015627720874,12,57.66
11473,M,Agriculteur,0,Lille,Prive,0.47126489308914005,11,63.81
11474,M,Ouvrier,0,Paris,Prive,0.5110498750808241,11,61.42
11475,M,Cadre,0,Nancy,Prive,0.6825284929609705,13,98.52
11476,M,Agriculteur,0,Marseille,Prive,0.47837480324120407,11,81.26
11477,F,Employe,0,Bordeaux,Prive,0.5768604454552718,11,65.55
11478,M,Employe,0,Lille,Prive,0.2838178126038564,10,54.75
11479,F,Cadre,0,Paris,Public,0.5703097094904893,12,85.61
11480,F,Ouvrier,1,Bordeaux,Prive,0.23223193133737124,13,25.88
11481,F,Professions_intermediaires,0,Lyon,Prive,0.24064869738908956,13,81.05
11482,M,Ouvrier,0,Nancy,Prive,0.3993133974978889,12,62.18
11483,F,Employe,1,Toulouse,Prive,0.6097657770815054,11,50.88
11484,M,Employe,0,Nancy,Public,0.5104961352068239,11,77.29
11485,M,Retraite,0,Nantes,Public,0.342146508636862,11,66.975
11486,M,Retraite,0,Nancy,Public,0.6754966095231785,10,76.63
11487,F,Ouvrier,0,Marseille,Prive,0.5637501376082921,12,67.9
11488,M,Ouvrier,0,Bordeaux,Public,0.7090110620734408,11,77.34
11489,F,Agriculteur,0,Nancy,Prive,0.3218519728687923,13,66.975
11490,M,Employe,0,Paris,Public,0.7868575472531696,10,78.01
11491,M,Professions_intermediaires,0,Nancy,Public,0.8163840690013731,10,95.1
11492,F,Retraite,0,Marseille,Public,0.6823260864871525,13,66.66
11493,F,Ouvrier,0,Lyon,Public,0.5975740554618231,10,58.5
11494,F,Retraite,0,Nancy,Prive,0.5992871395409011,12,64.36
11495,M,Ouvrier,1,Nancy,Prive,0.5661332676025044,11,41.47
11496,M,Employe,0,Bordeaux,Public,0.22536814589306436,12,70.69
11497,F,Professions_intermediaires,1,Toulouse,Public,0.3802686705553387,13,52.92
11498,M,Retraite,1,Bordeaux,Public,0.4791933005522275,12,53.73
11499,F,Professions_intermediaires,0,Marseille,Public,0.2939236361796111,11,75.31
11500,M,Ouvrier,0,Nancy,Public,0.7869732077648943,13,74.75
11501,F,Employe,0,Lille,Prive,0.6000703812476632,11,71.14
11502,F,Agriculteur,0,Nancy,Public,0.8564696294821926,10,75.15
11503,M,Professions_intermediaires,0,Bordeaux,Prive,0.6580280594349908,12,65.52
11504,F,Ouvrier,0,Marseille,Prive,0.22065753911877745,12,33.47
11505,F,Professions_intermediaires,0,Bordeaux,Public,0.7613952361073827,10,77.72
11506,M,Cadre,1,Nantes,Prive,0.409869296273998,12,39.28
11507,F,Ouvrier,0,Nantes,Public,0.7729064982825087,10,66.66
11508,M,Employe,0,Lille,Prive,0.8016172633442747,13,79.59
11509,F,Retraite,0,Marseille,Prive,0.7703381667666904,10,71.66
11510,F,Agriculteur,0,Nantes,Prive,0.7146792643730913,11,48.79
11511,F,Ouvrier,0,Marseille,Public,0.5866770023977805,11,59.59
11512,M,Ouvrier,0,Nantes,Prive,0.49793537755483197,11,64.65
11513,F,Cadre,0,Paris,Public,0.8770197820377202,11,100.0
11514,F,Cadre,0,Lille,Public,0.5544761645017827,10,91.22
11515,M,Cadre,1,Lyon,Prive,0.42294400653279995,13,62.07
11516,F,Agriculteur,0,Lyon,Public,0.5883828451611659,13,75.47
11517,F,Employe,1,Nancy,Prive,0.729766420789906,10,69.95
11518,F,Ouvrier,0,Nancy,Public,0.7224021993178514,11,66.44
11519,F,Agriculteur,1,Lyon,Prive,0.28278001034724054,11,31.14
11520,F,Retraite,0,Nancy,Public,0.716061539893994,10,65.83
11521,M,Employe,0,Nantes,Prive,0.6378675543946826,11,63.12
11522,F,Cadre,0,Toulouse,Prive,0.43090616643567387,13,73.3
11523,F,Professions_intermediaires,0,Nancy,Prive,0.3351128468572344,12,65.26
11524,M,Ouvrier,0,Nantes,Prive,0.78601737374608,13,90.92
11525,F,Retraite,0,Lyon,Prive,0.8057671388403658,11,62.82
11526,M,Employe,0,Marseille,Public,0.8139543003453877,12,69.15
11527,F,Professions_intermediaires,0,Lille,Public,0.2384158358347202,13,94.64
11528,M,Cadre,0,Lyon,Public,0.4580767501973559,11,87.96
11529,M,Agriculteur,0,Marseille,Prive,0.5113919659458427,13,71.06
11530,F,Employe,0,Marseille,Prive,0.8004957177655264,11,79.64
11531,M,Ouvrier,0,Nantes,Prive,0.6615175533640306,11,64.94
11532,F,Professions_intermediaires,0,Lyon,Prive,0.4552316553541132,10,69.99
11533,M,Retraite,0,Marseille,Public,0.5323984527861627,13,67.27
11534,F,Professions_intermediaires,0,Toulouse,Prive,0.6427589915579137,10,83.24
11535,M,Agriculteur,0,Paris,Public,0.6495367864553986,10,55.73
11536,M,Cadre,0,Paris,Prive,0.8361036785370315,11,86.93
11537,M,Ouvrier,1,Toulouse,Prive,0.7913046508931831,10,30.77
11538,F,Cadre,0,Paris,Prive,0.7494135720560382,13,82.53
11539,M,Retraite,0,Lille,Public,0.3471592621540926,12,64.97
11540,M,Agriculteur,0,Toulouse,Public,0.35942331171241504,10,60.67
11541,M,Agriculteur,0,Paris,Prive,0.3018503596350386,13,61.12
11542,M,Employe,1,Nancy,Public,0.5846314008001805,12,23.99
11543,F,Professions_intermediaires,0,Nantes,Prive,0.4060861700873912,12,60.91
11544,M,Professions_intermediaires,0,Nancy,Public,0.6191366746513253,11,65.79
11545,M,Professions_intermediaires,0,Nancy,Public,0.6480081407976603,13,61.44
11546,F,Retraite,0,Paris,Prive,0.5492890292995127,10,67.93
11547,M,Agriculteur,0,Bordeaux,Public,0.6814103352397358,13,72.38
11548,M,Employe,0,Lille,Prive,0.3768606463949244,11,71.5
11549,F,Employe,0,Marseille,Public,0.21037601816219237,10,73.56
11550,F,Professions_intermediaires,1,Paris,Prive,0.36482056728031886,10,64.88
11551,F,Retraite,0,Lyon,Prive,0.6735800123171971,10,72.5
11552,F,Retraite,0,Bordeaux,Public,0.8741428279515351,10,75.44
11553,M,Professions_intermediaires,1,Bordeaux,Prive,0.8021220784443857,12,63.18
11554,M,Professions_intermediaires,0,Lille,Public,0.4665919682763807,11,64.14
11555,M,Agriculteur,0,Toulouse,Public,0.6988723276942034,12,74.81
11556,M,Retraite,0,Lille,Public,0.22952921248756658,10,53.42
11557,F,Ouvrier,0,Marseille,Public,0.8168769685877747,13,57.41
11558,M,Employe,0,Nancy,Prive,0.61268158553569,11,53.3
11559,M,Cadre,1,Bordeaux,Prive,0.6660294321816753,12,45.84
11560,F,Professions_intermediaires,0,Marseille,Prive,0.125657824051351,10,64.95
11561,F,Employe,1,Marseille,Prive,0.6009675080828633,11,44.58
11562,M,Employe,0,Nantes,Prive,0.8776150483758618,10,68.54
11563,M,Ouvrier,0,Nancy,Prive,0.568177569269175,11,51.09
11564,M,Ouvrier,0,Nancy,Prive,0.4910597659726004,13,54.73
11565,F,Cadre,0,Nancy,Public,0.45836981773171975,11,74.7
11566,F,Retraite,0,Nantes,Prive,0.3654702307451542,13,63.37
11567,F,Employe,0,Lille,Prive,0.5276735316916479,10,75.74
11568,M,Employe,1,Toulouse,Prive,0.26648820615552354,11,37.46
11569,M,Employe,0,Marseille,Public,0.5999387864338356,10,78.99
11570,F,Retraite,0,Lille,Prive,0.7319174213021148,13,63.61
11571,F,Professions_intermediaires,0,Toulouse,Prive,0.42402610865709794,13,66.975
11572,M,Professions_intermediaires,0,Lille,Prive,0.5867152445413565,11,88.17
11573,M,Employe,0,Lille,Prive,0.4972187632017423,12,48.53
11574,M,Retraite,0,Bordeaux,Public,0.5889829414096769,12,60.91
11575,M,Employe,0,Bordeaux,Prive,0.6920703759786987,11,78.28
11576,M,Retraite,0,Lille,Public,0.5929290357994281,11,77.2
11577,M,Retraite,0,Marseille,Prive,0.6820797604578883,13,66.54
11578,M,Professions_intermediaires,0,Toulouse,Public,0.6143576062247834,11,71.35
11579,M,Retraite,0,Nancy,Prive,0.68265039822863,11,86.92
11580,F,Retraite,0,Lyon,Public,0.5732589980452492,11,75.38
11581,M,Professions_intermediaires,1,Nancy,Prive,0.5762624573636453,11,149.73071534639016
11582,M,Agriculteur,0,Bordeaux,Public,0.648342242692232,10,75.53
11583,F,Professions_intermediaires,0,Nancy,Prive,0.49552548517216005,10,80.84
11584,M,Professions_intermediaires,0,Bordeaux,Prive,0.5999801672283482,12,78.51
11585,F,Cadre,0,Paris,Public,0.3317250961924584,11,80.61
11586,F,Professions_intermediaires,1,Toulouse,Public,0.14747290444063654,10,31.06
11587,F,Employe,0,Lille,Public,0.5283847799151103,10,57.06
11588,F,Employe,0,Marseille,Public,0.3501209648706321,13,71.29
11589,M,Employe,0,Toulouse,Public,0.8959040351130247,11,86.52
11590,M,Ouvrier,1,Nancy,Public,0.34954039066899534,11,38.3
11591,F,Retraite,0,Bordeaux,Public,0.6622845892820742,11,59.15
11592,M,Employe,0,Lyon,Prive,0.3670508312396733,11,65.88
11593,M,Agriculteur,1,Paris,Prive,0.504271893381392,11,51.49
11594,M,Cadre,0,Nantes,Public,0.2855175955310891,11,62.12
11595,M,Cadre,0,Nancy,Public,0.2669239273080626,11,92.38
11596,M,Employe,0,Lille,Public,0.5659644569699422,13,76.2
11597,M,Agriculteur,0,Lille,Public,0.429365475107417,11,56.88
11598,M,Professions_intermediaires,0,Lyon,Prive,0.657253791148331,10,76.69
11599,M,Cadre,1,Marseille,Public,0.7582969653663783,11,66.68
11600,F,Professions_intermediaires,0,Nantes,Prive,0.189867066547645,11,80.27
11601,M,Agriculteur,0,Marseille,Public,0.7185486108332709,12,67.68
11602,F,Professions_intermediaires,0,Lyon,Public,0.30773820837729815,12,60.48
11603,M,Cadre,1,Lyon,Public,0.43338767038736326,11,61.46
11604,M,Retraite,0,Nancy,Prive,0.21962555627447716,11,48.41
11605,M,Retraite,0,Toulouse,Prive,0.2256011851444124,12,66.63
11606,M,Retraite,0,Lille,Public,0.11096123426006277,12,54.57
11607,M,Ouvrier,0,Lille,Prive,0.41910323133485966,11,47.49
11608,M,Retraite,0,Paris,Prive,0.5122458895297265,10,57.62
11609,M,Employe,0,Lille,Public,0.4257045425779417,10,61.11
11610,M,Professions_intermediaires,0,Paris,Prive,0.14187204726628277,13,63.2
11611,F,Professions_intermediaires,0,Bordeaux,Public,0.1086084243266967,12,51.99
11612,M,Employe,0,Lille,Public,0.5020230975903132,13,56.42
11613,M,Ouvrier,0,Marseille,Public,0.6578056069952748,11,65.75
11614,M,Retraite,0,Lyon,Public,0.5495575999580395,10,76.45
11615,M,Retraite,0,Paris,Public,0.8735812602915305,13,67.4
11616,M,Employe,0,Marseille,Public,0.49237639971817215,12,67.5
11617,F,Professions_intermediaires,0,Lille,Public,0.5630863854478702,12,97.72
11618,F,Ouvrier,1,Toulouse,Public,0.4957976343234235,10,43.4
11619,F,Professions_intermediaires,0,Toulouse,Prive,0.3436943934549088,10,54.34
11620,M,Employe,0,Paris,Public,0.4671520610636697,13,66.975
11621,M,Agriculteur,0,Bordeaux,Public,0.6677012581289267,13,73.45
11622,M,Professions_intermediaires,1,Lyon,Public,0.6755137230717686,10,66.975
11623,M,Cadre,1,Bordeaux,Public,0.5715128809780509,12,55.19
11624,F,Agriculteur,1,Nantes,Public,0.8164537142538675,11,63.66
11625,M,Cadre,0,Nantes,Prive,0.591497377925744,12,61.38
11626,M,Ouvrier,0,Nancy,Prive,0.5653508504354314,13,57.41
11627,M,Professions_intermediaires,0,Bordeaux,Public,0.8004401058940966,12,77.21
11628,M,Agriculteur,0,Toulouse,Prive,0.3569939494369664,10,58.31
11629,F,Cadre,0,Bordeaux,Prive,0.7856063206979009,11,90.64
11630,M,Employe,1,Bordeaux,Prive,0.30521086568928246,13,31.32
11631,M,Ouvrier,0,Lyon,Public,0.44679560055448436,10,63.65
11632,M,Employe,0,Marseille,Public,0.13271706211791756,12,85.04
11633,F,Agriculteur,1,Nantes,Prive,0.5502483613854903,11,42.31
11634,F,Employe,1,Toulouse,Public,0.7651215268522281,11,57.91
11635,F,Retraite,0,Lyon,Prive,0.31243837007452724,10,62.67
11636,F,Employe,0,Lille,Public,0.44343694783129967,10,69.01
11637,F,Cadre,0,Nantes,Prive,0.45566993336123457,11,80.25
11638,F,Agriculteur,1,Nantes,Public,0.4569823657051222,12,48.58
11639,F,Professions_intermediaires,0,Toulouse,Prive,0.2904288843799622,10,72.74
11640,F,Ouvrier,0,Nancy,Public,0.5075009168853326,12,68.84
11641,M,Ouvrier,0,Lille,Prive,0.8140017227452614,13,73.45
11642,M,Employe,0,Nancy,Public,0.3998217921649295,11,76.32
11643,F,Retraite,0,Nantes,Public,0.5460436824499559,12,59.86
11644,M,Ouvrier,0,Nantes,Prive,0.5444416748048958,11,62.6
11645,F,Ouvrier,1,Nantes,Prive,0.4208702880767972,10,38.34
11646,M,Agriculteur,0,Nancy,Public,0.5556528496662778,12,76.9
11647,F,Professions_intermediaires,0,Marseille,Public,0.42383204235492755,10,59.72
11648,F,Retraite,0,Marseille,Public,0.5835261113302623,11,77.17
11649,F,Employe,0,Nantes,Prive,0.4858989454863511,11,66.975
11650,F,Professions_intermediaires,0,Toulouse,Prive,0.2188477018548321,12,80.11
11651,F,Ouvrier,0,Lyon,Public,0.1401891853614814,10,54.0
11652,F,Professions_intermediaires,0,Lyon,Public,0.07240962640158793,11,64.46
11653,F,Ouvrier,1,Nancy,Prive,0.41796932601972936,10,33.74
11654,M,Retraite,0,Lille,Prive,0.6661365763864108,13,63.99
11655,M,Cadre,1,Toulouse,Prive,0.35398740081432745,12,42.52
11656,F,Employe,0,Bordeaux,Prive,0.4506188136836341,12,65.93
11657,F,Retraite,1,Marseille,Prive,0.3692334698771452,13,37.85
11658,M,Ouvrier,1,Toulouse,Public,0.3330052834437683,10,37.13
11659,M,Agriculteur,1,Toulouse,Prive,0.9405203622725151,12,51.34
11660,M,Professions_intermediaires,1,Marseille,Public,0.34038660912927987,13,53.61
11661,F,Agriculteur,0,Nantes,Public,0.22955397144722506,11,62.31
11662,M,Employe,0,Lille,Prive,0.32101044505146814,13,46.58
11663,M,Retraite,0,Marseille,Public,0.5149515424256831,13,64.72
11664,F,Cadre,0,Marseille,Prive,0.3853062774290281,13,90.34
11665,M,Cadre,0,Paris,Public,0.5571852713261332,10,93.28
11666,F,Cadre,0,Nantes,Prive,0.35394122367568914,11,74.23
11667,F,Employe,0,Bordeaux,Public,0.38240537871869007,13,52.31
11668,M,Employe,0,Nantes,Public,0.35852917770937187,11,73.67
11669,M,Ouvrier,0,Nancy,Public,0.48171987808551386,12,63.28
11670,M,Cadre,0,Lille,Prive,0.6427096493772722,10,78.38
11671,F,Cadre,0,Lyon,Public,0.6638374408477007,12,81.55
11672,F,Cadre,0,Marseille,Public,0.7815063396065896,13,91.92
11673,M,Retraite,1,Toulouse,Prive,0.23749557636404967,11,45.92
11674,M,Ouvrier,0,Nantes,Public,0.29202862640775895,12,52.37
11675,M,Retraite,0,Lyon,Prive,0.3162739276706096,10,46.49
11676,M,Retraite,0,Marseille,Public,0.4993315550160593,11,46.78
11677,M,Ouvrier,0,Paris,Prive,0.28457268591062723,10,47.86
11678,F,Agriculteur,0,Lille,Prive,0.36218740023621543,10,58.91
11679,F,Employe,0,Toulouse,Public,0.636891406040424,11,61.41
11680,F,Ouvrier,1,Paris,Prive,0.7140159031042328,13,58.88
11681,F,Retraite,1,Lyon,Prive,0.6386041713489718,10,34.4
11682,F,Ouvrier,0,Nancy,Prive,0.5641040668738163,11,56.2
11683,M,Employe,0,Toulouse,Public,0.3674778971287311,10,83.36
11684,F,Ouvrier,0,Nancy,Public,0.5042532429164552,12,54.34
11685,M,Ouvrier,0,Paris,Public,0.7281403924975283,12,64.85
11686,F,Ouvrier,0,Lille,Prive,0.6323111486823366,10,77.11
11687,M,Retraite,0,Nantes,Public,0.6769294815169135,10,66.8
11688,M,Ouvrier,1,Lyon,Public,0.6901305587668508,10,47.64
11689,F,Agriculteur,0,Marseille,Prive,0.4344062422409716,10,62.01
11690,F,Ouvrier,0,Paris,Prive,0.6267480563829566,11,56.44
11691,F,Retraite,0,Lyon,Public,0.4240469488335743,11,49.32
11692,M,Retraite,0,Nantes,Prive,0.6190334972044512,11,64.67
11693,M,Professions_intermediaires,0,Paris,Prive,0.7453439717821909,13,82.78
11694,M,Agriculteur,0,Marseille,Public,0.8107654196554142,10,92.26
11695,M,Employe,0,Lille,Public,0.6189405994206721,11,64.74
11696,F,Agriculteur,1,Marseille,Prive,0.5787821349325444,11,61.98
11697,M,Employe,0,Bordeaux,Prive,0.7775490134055183,13,81.51
11698,F,Professions_intermediaires,0,Paris,Prive,0.3270863034323608,10,65.03
11699,M,Retraite,0,Nantes,Prive,0.7891671237327583,12,70.62
11700,M,Agriculteur,0,Lille,Public,0.5261416836056177,13,68.94
11701,M,Employe,0,Lille,Prive,0.5276026528938863,13,55.13
11702,M,Agriculteur,0,Bordeaux,Public,0.40981832774085697,12,63.75
11703,M,Retraite,0,Lille,Public,0.2653581700446969,12,51.25
11704,M,Retraite,0,Bordeaux,Prive,0.794315785748918,10,68.39
11705,F,Agriculteur,0,Toulouse,Prive,0.5808017668547367,12,69.8
11706,F,Agriculteur,1,Lille,Prive,0.4261649360365445,10,47.4
11707,M,Agriculteur,0,Marseille,Public,0.5700009023975801,11,64.1
11708,F,Agriculteur,0,Nantes,Prive,0.43266668475166614,11,58.46
11709,F,Ouvrier,1,Lille,Public,0.15904074331445733,13,18.06
11710,F,Agriculteur,0,Toulouse,Public,0.4643822705493863,11,77.08
11711,M,Employe,0,Lyon,Public,0.2186073440432526,10,66.975
11712,M,Professions_intermediaires,0,Lyon,Public,0.5475679875982151,12,84.23
11713,M,Cadre,0,Nancy,Public,0.8171798417780057,12,89.54
11714,M,Employe,0,Bordeaux,Public,0.3717315297236076,13,63.97
11715,M,Employe,0,Nancy,Prive,0.6581850704997229,12,67.98
11716,M,Ouvrier,0,Bordeaux,Prive,0.3720181285719649,12,53.83
11717,F,Cadre,0,Paris,Public,0.49591542662052635,10,87.5
11718,M,Cadre,0,Paris,Public,0.32440801332543745,11,77.36
11719,M,Cadre,1,Marseille,Prive,0.6238646845627275,10,75.34
11720,F,Ouvrier,0,Lille,Public,0.7692949266108169,10,79.87
11721,F,Professions_intermediaires,1,Nancy,Prive,0.5384891359427721,13,68.03
11722,M,Employe,0,Marseille,Prive,0.6071077361665098,10,83.22
11723,M,Retraite,0,Bordeaux,Public,0.6067342994372134,11,56.01
11724,F,Ouvrier,0,Toulouse,Prive,0.4502832357274416,10,71.2
11725,F,Ouvrier,0,Lyon,Public,0.7614768138782202,11,68.03
11726,M,Employe,0,Nancy,Public,0.39646412570720135,11,65.63
11727,M,Cadre,0,Bordeaux,Prive,0.1855225430496486,12,70.6
11728,M,Retraite,0,Lille,Public,0.31572143753544557,10,56.55
11729,M,Professions_intermediaires,1,Marseille,Public,0.6231479181114419,10,36.86
11730,M,Cadre,0,Lyon,Prive,0.4226123611979524,11,87.3
11731,M,Retraite,0,Nantes,Public,0.518561594119176,10,62.57
11732,F,Employe,0,Marseille,Public,0.45229076273777713,10,62.78
11733,F,Retraite,0,Lyon,Prive,0.5361780215422336,12,78.31
11734,M,Cadre,0,Nancy,Public,0.7186704738205049,13,88.9
11735,F,Employe,0,Paris,Prive,0.805107113608553,10,66.89
11736,M,Employe,0,Lille,Public,0.30613327351468655,10,62.57
11737,F,Ouvrier,0,Nantes,Public,0.6864055877147097,13,81.01
11738,F,Agriculteur,0,Toulouse,Public,0.5393434467916455,12,69.19
11739,F,Professions_intermediaires,1,Nancy,Public,0.25536055559162363,11,57.38
11740,F,Professions_intermediaires,0,Toulouse,Prive,0.5988485625819309,13,71.18
11741,M,Professions_intermediaires,0,Toulouse,Prive,0.8696954969365538,12,86.58
11742,M,Ouvrier,0,Lille,Public,0.35238526199667497,13,58.61
11743,M,Retraite,0,Bordeaux,Prive,0.45425742796661744,11,63.01
11744,F,Professions_intermediaires,0,Bordeaux,Prive,0.17881786186182014,13,64.04
11745,M,Agriculteur,0,Lille,Prive,0.4766463640776533,11,64.94
11746,F,Ouvrier,0,Lyon,Public,0.5320377394820016,12,45.23
11747,F,Agriculteur,0,Lille,Public,0.8947634282668352,10,63.66
11748,F,Agriculteur,0,Lyon,Prive,0.31313952037237636,10,51.37
11749,F,Cadre,0,Marseille,Public,0.6927843236281526,10,76.01
11750,F,Retraite,0,Bordeaux,Prive,0.5601343863055784,11,64.26
11751,F,Professions_intermediaires,0,Lyon,Prive,0.9468161944647486,10,80.78
11752,F,Retraite,0,Toulouse,Prive,0.5350443394233643,11,56.76
11753,M,Agriculteur,0,Marseille,Public,0.48971297002665687,11,78.56
11754,M,Employe,0,Paris,Public,0.6693222891616851,12,68.26
11755,F,Retraite,0,Lyon,Public,0.5977772312989813,10,75.63
11756,F,Agriculteur,0,Toulouse,Prive,0.6871361506145831,11,60.3
11757,F,Employe,0,Paris,Prive,0.6122506391774577,13,74.71
11758,M,Agriculteur,1,Lille,Prive,0.20490645007903452,10,50.33
11759,M,Cadre,0,Toulouse,Prive,0.6044258208467463,13,89.84
11760,F,Retraite,0,Bordeaux,Public,0.5997728872868505,10,63.64
11761,F,Employe,0,Lyon,Public,0.35206521053190504,13,62.63
11762,F,Employe,1,Nancy,Public,0.5579157177227814,11,52.78
11763,F,Cadre,1,Paris,Public,0.13282582237406726,12,57.89
11764,F,Cadre,0,Lyon,Public,0.5510605783498119,13,96.4
11765,F,Professions_intermediaires,0,Bordeaux,Public,0.6369519745245802,13,69.99
11766,M,Employe,0,Marseille,Prive,0.6919006002478895,12,79.83
11767,M,Agriculteur,0,Lille,Public,0.6401505060488133,10,73.69
11768,M,Ouvrier,0,Lille,Public,0.3227528338661132,11,57.84
11769,F,Employe,0,Lyon,Prive,0.2069238987223287,13,60.38
11770,F,Professions_intermediaires,1,Bordeaux,Public,0.6882391467140835,13,69.15
11771,F,Employe,0,Nantes,Prive,0.5809830719084772,11,62.26
11772,F,Cadre,0,Marseille,Prive,0.59863480250577,12,77.27
11773,F,Professions_intermediaires,0,Nantes,Prive,0.8362543656416791,11,83.08
11774,F,Employe,0,Bordeaux,Public,0.178554630446913,13,55.18
11775,F,Retraite,0,Marseille,Prive,0.8606138033901068,13,76.03
11776,F,Retraite,0,Paris,Public,0.38756640421703653,13,80.06
11777,M,Retraite,0,Toulouse,Public,0.6649862261410783,13,68.28
11778,M,Cadre,0,Marseille,Prive,0.4973678145876291,12,85.69
11779,M,Cadre,0,Nancy,Prive,0.43086675071308606,13,96.67
11780,F,Retraite,0,Lyon,Public,0.19821647697213302,13,62.27
11781,F,Agriculteur,0,Marseille,Prive,0.3655164163838189,11,76.03
11782,M,Agriculteur,0,Lille,Public,0.5934039138295389,11,67.56
11783,M,Employe,0,Nantes,Prive,0.5710071252257791,11,68.0
11784,M,Retraite,0,Bordeaux,Public,0.6904045414306329,13,62.11
11785,F,Professions_intermediaires,0,Marseille,Prive,0.3616759979740647,13,76.49
11786,M,Agriculteur,0,Toulouse,Prive,0.6493574263498546,10,75.55
11787,M,Agriculteur,0,Marseille,Public,0.5132313046247644,11,74.65
11788,M,Ouvrier,0,Toulouse,Prive,0.6265610731365583,13,66.59
11789,M,Ouvrier,0,Nancy,Prive,0.6026346290883221,10,60.94
11790,F,Ouvrier,0,Nantes,Public,0.4057001146147581,12,64.32
11791,M,Professions_intermediaires,0,Nantes,Public,0.5504398712564966,13,88.32
11792,M,Retraite,0,Lyon,Prive,0.5921812429964737,11,67.14
11793,F,Ouvrier,0,Lille,Prive,0.6572966739908966,10,52.96
11794,F,Ouvrier,0,Paris,Prive,0.8010296789458888,12,59.21
11795,F,Cadre,0,Paris,Public,0.3731224767101443,13,84.85
11796,M,Cadre,1,Nantes,Public,0.2667229604372281,10,51.09
11797,F,Ouvrier,0,Marseille,Prive,0.7573312705727219,13,62.63
11798,M,Professions_intermediaires,0,Nantes,Prive,0.24272966305153343,12,63.56
11799,M,Retraite,0,Paris,Public,0.7067168955146912,10,72.1
11800,F,Employe,1,Lyon,Prive,0.3181636789486565,13,58.77
11801,F,Ouvrier,1,Nantes,Prive,0.3740716688163668,12,25.31
11802,M,Employe,0,Lyon,Public,0.4841852765109456,11,75.86
11803,M,Employe,0,Nancy,Prive,0.2097246573014665,11,69.43
11804,F,Cadre,0,Bordeaux,Prive,0.3059956557872363,12,83.63
11805,M,Ouvrier,0,Marseille,Prive,0.16535807089680105,11,50.76
11806,F,Cadre,0,Lyon,Prive,0.6338438815746379,12,95.3
11807,M,Ouvrier,0,Nantes,Public,0.49768133845470025,13,60.46
11808,M,Agriculteur,0,Nancy,Prive,0.5028848330575669,13,66.61
11809,M,Cadre,0,Lille,Public,0.4877816248332185,13,67.44
11810,F,Ouvrier,0,Bordeaux,Prive,0.496464392945381,13,65.56
11811,F,Ouvrier,0,Bordeaux,Public,0.4035945281974356,12,71.93
11812,M,Cadre,0,Nancy,Public,0.691272201948685,10,75.64
11813,M,Professions_intermediaires,0,Bordeaux,Public,0.14736797488416675,10,58.27
11814,M,Employe,0,Toulouse,Prive,0.21147318647996177,11,56.42
11815,F,Employe,1,Lille,Public,0.7716453563520296,11,51.95
11816,M,Professions_intermediaires,0,Nantes,Public,0.5534154328909864,10,68.71
11817,M,Cadre,0,Lyon,Prive,0.0950666613604132,13,86.49
11818,F,Ouvrier,0,Lille,Prive,0.5638826873878283,11,80.85
11819,M,Cadre,0,Lyon,Prive,0.18209317801394787,13,78.98
11820,F,Employe,0,Bordeaux,Prive,0.7600789451782419,10,68.23
11821,M,Retraite,0,Lille,Prive,0.6840135756952651,10,69.47
11822,M,Agriculteur,0,Toulouse,Public,0.9194506828124329,11,67.11
11823,M,Employe,0,Lyon,Prive,0.4402044269607688,11,63.75
11824,F,Employe,0,Lille,Prive,0.2566026386503885,13,66.975
11825,M,Ouvrier,0,Nantes,Prive,0.39188833645948506,12,63.48
11826,M,Agriculteur,0,Toulouse,Prive,0.396463839630431,12,70.71
11827,M,Retraite,0,Lille,Public,0.5771085352952181,12,61.44
11828,F,Employe,1,Paris,Prive,0.13368870418369272,12,41.59
11829,M,Professions_intermediaires,0,Nancy,Prive,0.49893046164349975,12,70.78
11830,F,Employe,0,Lyon,Public,0.29711158849339475,10,71.91
11831,M,Retraite,0,Lyon,Public,0.39740605114092853,11,65.46
11832,M,Employe,0,Marseille,Prive,0.7765974808111853,10,87.98
11833,M,Ouvrier,0,Nancy,Prive,0.7005384825876494,13,67.33
11834,M,Retraite,0,Lyon,Public,0.6459530301999428,10,59.49
11835,M,Retraite,0,Nancy,Public,0.6272897965530948,13,55.88
11836,M,Cadre,0,Nantes,Public,0.44710957329130496,10,84.24
11837,M,Retraite,0,Lyon,Public,0.49030074256756206,11,42.79
11838,M,Employe,1,Paris,Public,0.18548495605615223,13,36.4
11839,F,Employe,0,Bordeaux,Public,0.2532272415440646,11,57.79
11840,F,Professions_intermediaires,0,Toulouse,Public,0.525343531543408,13,68.8
11841,M,Professions_intermediaires,0,Lyon,Prive,0.2760384347251392,13,70.3
11842,F,Cadre,0,Lille,Prive,0.6379508001459059,13,79.17
11843,M,Agriculteur,0,Toulouse,Public,0.49006021724199494,12,53.52
11844,F,Agriculteur,1,Paris,Public,0.4404882163222673,13,52.55
11845,F,Ouvrier,0,Marseille,Prive,0.3786289465045486,11,55.48
11846,M,Retraite,0,Nancy,Public,0.5901537756651284,10,68.94
11847,M,Ouvrier,0,Marseille,Prive,0.6355640141617566,12,64.49
11848,F,Professions_intermediaires,1,Lille,Public,0.3239504739528277,11,56.34
11849,F,Cadre,0,Bordeaux,Prive,0.3951238759393011,10,85.06
11850,M,Cadre,0,Paris,Prive,0.46235588004073186,10,88.35
11851,F,Ouvrier,0,Marseille,Prive,0.5641959345837777,10,78.1
11852,F,Cadre,0,Marseille,Public,0.5616563747886557,10,89.79
11853,M,Ouvrier,0,Lyon,Prive,0.4795556487889636,13,64.53
11854,M,Retraite,1,Paris,Public,0.6416396155468103,10,48.07
11855,M,Ouvrier,0,Paris,Prive,0.4728467384375601,12,154.2269995864986
11856,M,Cadre,0,Bordeaux,Prive,0.22066720076542806,12,66.975
11857,M,Employe,0,Lyon,Public,0.7674399535583449,11,84.94
11858,M,Employe,0,Toulouse,Prive,0.6959916210554367,11,75.65
11859,F,Cadre,1,Lyon,Public,0.22458335492226178,11,55.06
11860,F,Retraite,0,Lille,Prive,0.5357028330726267,13,69.6
11861,F,Cadre,1,Lille,Public,0.760114427263775,13,61.19
11862,M,Retraite,1,Bordeaux,Public,0.43915331637717997,10,48.85
11863,M,Agriculteur,0,Marseille,Public,0.6543271623058977,12,67.0
11864,F,Cadre,0,Nancy,Public,0.7221105227503474,12,91.9
11865,M,Retraite,0,Toulouse,Prive,0.553638553307016,13,56.0
11866,F,Cadre,0,Lille,Public,0.9286089826254096,12,96.86
11867,M,Professions_intermediaires,0,Nancy,Prive,0.6299716247744611,11,55.22
11868,F,Agriculteur,0,Lyon,Prive,0.5204125045372631,12,66.04
11869,F,Professions_intermediaires,0,Paris,Public,0.4665896101556626,12,67.86
11870,F,Agriculteur,0,Nantes,Public,0.4905510311732336,11,62.71
11871,F,Ouvrier,0,Bordeaux,Public,0.38710870863309066,12,28.03
11872,M,Cadre,0,Bordeaux,Public,0.27730267996039704,10,72.87
11873,F,Professions_intermediaires,0,Marseille,Prive,0.3201689264539804,13,73.86
11874,F,Employe,0,Bordeaux,Public,0.4715006827813799,11,59.79
11875,M,Retraite,0,Marseille,Prive,0.6606616075345724,11,71.66
11876,F,Employe,0,Bordeaux,Public,0.565305344726839,10,77.98
11877,M,Employe,0,Marseille,Public,0.5338072122402397,10,70.34
11878,M,Employe,0,Paris,Public,0.9240713468648225,11,79.74
11879,M,Agriculteur,0,Nantes,Prive,0.8365714333249098,10,77.75
11880,M,Ouvrier,0,Nantes,Public,0.31749317869848737,10,66.975
11881,F,Ouvrier,0,Nantes,Prive,0.6408836674258147,12,58.47
11882,M,Agriculteur,0,Bordeaux,Public,0.26254525006421114,12,54.98
11883,M,Employe,0,Bordeaux,Public,0.553554622112323,11,60.61
11884,M,Ouvrier,0,Nantes,Public,0.22538269219595586,13,66.975
11885,M,Employe,0,Nancy,Public,0.3786061457728296,13,56.64
11886,F,Cadre,1,Lille,Public,0.6247777781695045,10,65.49
11887,F,Ouvrier,0,Nantes,Public,0.4091083855094805,12,55.54
11888,M,Retraite,0,Nancy,Prive,0.2842230174524881,11,60.73
11889,M,Ouvrier,0,Nancy,Prive,0.36249238475496015,11,66.975
11890,F,Cadre,0,Lille,Prive,0.31124680309274816,11,86.85
11891,F,Employe,0,Nancy,Prive,0.5824850237691253,13,54.1
11892,F,Employe,0,Paris,Prive,0.7405482142119767,10,76.79
11893,F,Ouvrier,0,Nantes,Public,0.46059803359398144,10,60.1
11894,F,Retraite,0,Paris,Public,0.7059016555693065,11,71.47
11895,M,Retraite,1,Lyon,Prive,0.3853474125580016,13,38.32
11896,M,Ouvrier,0,Marseille,Prive,0.4797703291079322,13,52.23
11897,M,Employe,0,Paris,Prive,0.8567840081716644,11,83.43
11898,F,Retraite,0,Lyon,Public,0.46443051507670025,11,62.76
11899,M,Cadre,0,Lyon,Prive,0.7139915064088248,11,99.57
11900,M,Ouvrier,1,Nancy,Public,0.35598830181205665,11,36.42
11901,M,Ouvrier,0,Lille,Prive,0.49597143834126906,12,59.73
11902,F,Cadre,0,Marseille,Public,0.32836190608538457,13,75.37
11903,F,Professions_intermediaires,0,Toulouse,Public,0.5132942384814356,12,75.53
11904,F,Professions_intermediaires,0,Bordeaux,Prive,0.5478924761656342,12,84.76
11905,M,Ouvrier,0,Bordeaux,Prive,0.6513298337539059,11,62.07
11906,F,Cadre,0,Lille,Public,0.38416762296811746,11,84.74
11907,M,Employe,0,Nancy,Prive,0.46655306506410604,10,80.83
11908,F,Professions_intermediaires,0,Nantes,Public,0.7377357291860652,10,69.87
11909,M,Employe,1,Nantes,Prive,0.25820725674471573,11,33.22
11910,F,Employe,1,Toulouse,Public,0.0049636177679192595,13,40.3
11911,F,Agriculteur,0,Nantes,Prive,0.3693084628638408,13,51.19
11912,M,Professions_intermediaires,1,Lille,Prive,0.6220282749077265,13,61.27
11913,M,Cadre,1,Paris,Public,0.5165779162041012,11,57.14
11914,M,Ouvrier,0,Nantes,Public,0.3087614141645719,12,51.71
11915,F,Ouvrier,1,Nancy,Prive,0.5142816176119025,12,49.42
11916,F,Agriculteur,0,Nantes,Prive,0.4266650140755092,10,56.56
11917,F,Retraite,0,Nancy,Public,0.1868865439300743,10,40.66
11918,M,Professions_intermediaires,0,Lyon,Public,0.4319310505593904,12,53.42
11919,F,Ouvrier,0,Toulouse,Public,0.6489379003678315,11,67.31
11920,F,Cadre,1,Bordeaux,Public,0.4444214254312989,11,71.83
11921,M,Employe,0,Lille,Prive,0.19740286115294392,13,50.66
11922,F,Ouvrier,0,Paris,Prive,0.8451640481169373,10,78.64
11923,F,Ouvrier,0,Lyon,Public,0.3013562400295927,10,56.5
11924,F,Cadre,1,Lyon,Public,0.5745724099473573,10,67.43
11925,M,Cadre,0,Nancy,Public,0.6670248823521856,12,95.92
11926,F,Professions_intermediaires,0,Paris,Public,0.5843456936029201,10,61.23
11927,F,Agriculteur,0,Lille,Prive,0.4535223328790912,12,74.2
11928,F,Employe,0,Bordeaux,Prive,0.13672772953728485,10,43.8
11929,M,Employe,1,Lille,Prive,0.7344747059451907,12,37.38
11930,M,Agriculteur,1,Paris,Prive,0.26668387990146347,12,29.51
11931,F,Employe,0,Marseille,Public,0.6944229399271129,13,77.83
11932,F,Ouvrier,0,Toulouse,Public,0.7221780866691074,12,71.96
11933,F,Retraite,1,Nantes,Prive,0.25573704195287306,11,47.62
11934,M,Employe,0,Bordeaux,Prive,0.25271291605601565,13,60.72
11935,F,Ouvrier,0,Toulouse,Prive,0.4213753628605175,10,55.87
11936,F,Agriculteur,0,Marseille,Public,0.6839253010479902,13,77.51
11937,F,Professions_intermediaires,0,Marseille,Public,0.38046434700674925,13,70.98
11938,M,Ouvrier,0,Marseille,Prive,0.5187759038899529,13,61.69
11939,M,Retraite,0,Bordeaux,Prive,0.3995846850999343,12,60.52
11940,M,Employe,0,Nantes,Prive,0.657136412538139,10,69.34
11941,F,Agriculteur,0,Toulouse,Public,0.37301828643444734,11,84.39
11942,F,Professions_intermediaires,0,Lille,Prive,0.3558439385712183,11,79.85
11943,F,Agriculteur,0,Marseille,Prive,0.29350886166810175,11,68.65
11944,F,Agriculteur,0,Nantes,Public,0.28733831896740275,10,60.76
11945,M,Agriculteur,0,Paris,Public,0.7128058153485887,13,72.62
11946,M,Ouvrier,1,Bordeaux,Public,0.4284377717590757,12,66.975
11947,F,Retraite,0,Lille,Public,0.30980218737605547,10,62.35
11948,M,Ouvrier,0,Marseille,Prive,0.16579059421711018,10,48.43
11949,F,Employe,0,Bordeaux,Public,0.4459062466069461,13,51.7
11950,M,Cadre,0,Paris,Prive,0.335831620423835,12,76.47
11951,M,Employe,1,Nantes,Prive,0.29787956484812994,10,48.11
11952,F,Professions_intermediaires,0,Toulouse,Prive,0.34517547428333806,11,60.15
11953,M,Ouvrier,0,Toulouse,Prive,0.524355972662862,10,73.11
11954,M,Cadre,0,Lille,Public,0.26781079705500677,12,80.51
11955,F,Cadre,0,Lille,Public,0.43876454983821367,10,96.17
11956,F,Professions_intermediaires,0,Lyon,Public,0.6771193485484867,12,78.07
11957,M,Professions_intermediaires,0,Lille,Public,0.389317026255559,11,51.14
11958,F,Agriculteur,0,Lyon,Prive,0.28718085466067667,11,60.61
11959,F,Ouvrier,1,Nantes,Public,0.7110517113278856,11,39.5
11960,M,Retraite,1,Nantes,Public,0.48237816330441163,13,35.2
11961,M,Cadre,0,Nancy,Public,0.46507246860266893,11,86.84
11962,M,Cadre,0,Nancy,Prive,0.6042160696540555,10,77.4
11963,F,Professions_intermediaires,0,Toulouse,Public,0.48271413550592746,13,61.41
11964,M,Ouvrier,0,Toulouse,Public,0.5139780024929014,10,53.85
11965,F,Agriculteur,0,Nancy,Public,0.18580342280860895,11,69.29
11966,M,Employe,0,Nantes,Prive,0.3321040106303931,12,60.11
11967,M,Retraite,0,Toulouse,Prive,0.8724885772288964,12,63.21
11968,F,Ouvrier,0,Nancy,Public,0.29194667711576217,11,52.4
11969,M,Retraite,0,Bordeaux,Prive,0.5137327726152034,11,73.25
11970,M,Cadre,0,Lille,Public,0.8483881567665773,13,95.14
11971,M,Professions_intermediaires,1,Nantes,Prive,0.6373585842360474,10,60.91
11972,F,Retraite,0,Marseille,Prive,0.558082161685092,12,70.11
11973,M,Ouvrier,1,Nantes,Public,0.3396753081754558,12,20.68
11974,F,Cadre,0,Toulouse,Prive,0.37533797971830984,11,80.72
11975,F,Retraite,0,Paris,Prive,0.43816612044628084,13,72.26
11976,F,Ouvrier,0,Paris,Public,0.5674250577818102,12,42.34
11977,M,Ouvrier,1,Lyon,Public,0.7545135020525573,11,27.14
11978,M,Professions_intermediaires,0,Marseille,Prive,0.5235111898834026,13,63.84
11979,M,Ouvrier,0,Toulouse,Public,0.3858278477931579,10,49.78
11980,F,Retraite,0,Lyon,Public,0.4806738583690491,10,64.44
11981,M,Retraite,0,Lyon,Prive,0.6041316661222992,13,53.63
11982,F,Employe,0,Paris,Prive,0.5673700050014644,10,73.51
11983,F,Employe,0,Lille,Public,0.45025123506162185,10,86.5
11984,M,Agriculteur,0,Marseille,Public,0.27594450704930684,13,56.94
11985,M,Professions_intermediaires,1,Bordeaux,Public,0.7154055493912437,10,45.06
11986,M,Agriculteur,0,Toulouse,Prive,0.4476322985759604,13,61.99
11987,F,Retraite,0,Marseille,Prive,0.5490728793072447,13,70.47
11988,M,Cadre,0,Lyon,Prive,0.36466688174774686,13,81.4
11989,M,Employe,1,Paris,Public,0.3595490473497702,10,49.56
11990,M,Professions_intermediaires,0,Paris,Public,0.5994744100550875,11,72.69
11991,F,Professions_intermediaires,0,Bordeaux,Public,0.24671610755419288,10,71.89
11992,F,Cadre,0,Toulouse,Public,0.2672997382962784,13,100.0
11993,M,Employe,0,Lille,Public,0.8017420107950656,11,69.06
11994,M,Employe,1,Lyon,Prive,0.6652343817455327,11,49.56
11995,M,Professions_intermediaires,0,Lille,Public,0.5833563786485734,12,78.91
11996,M,Cadre,1,Paris,Public,0.28549932376371023,12,80.79
11997,F,Cadre,0,Bordeaux,Prive,0.5441266667641661,11,93.2
11998,M,Ouvrier,0,Lille,Public,0.4852647788646108,10,59.65
11999,F,Retraite,0,Lyon,Prive,0.41154276624544905,11,58.43
12000,M,Agriculteur,1,Toulouse,Prive,0.48207358023068936,11,58.75
12001,M,Retraite,0,Lille,Public,0.2138190178775901,12,55.95
12002,F,Agriculteur,0,Nantes,Public,0.08612859036259751,13,73.14
12003,F,Professions_intermediaires,0,Lyon,Public,0.5593910501232076,11,73.47
12004,F,Employe,0,Lyon,Prive,0.5323182181462572,10,62.87
12005,M,Professions_intermediaires,0,Marseille,Prive,0.5503752930269407,10,61.02
12006,M,Professions_intermediaires,0,Toulouse,Prive,0.6539187955577657,10,81.03
12007,M,Retraite,0,Marseille,Prive,0.6023113665483335,13,48.97
12008,F,Employe,0,Paris,Public,0.7969554088747544,12,85.33
12009,M,Ouvrier,0,Toulouse,Public,0.7358877093468459,11,51.27
12010,F,Ouvrier,0,Toulouse,Public,0.5116929924256369,13,44.38
12011,F,Employe,0,Marseille,Prive,0.5316434297574721,13,67.8
12012,F,Professions_intermediaires,0,Nantes,Prive,0.5449139907606056,11,84.11
12013,M,Ouvrier,0,Marseille,Public,0.1932373175827285,13,51.21
12014,M,Ouvrier,0,Lille,Public,0.684000242197606,13,69.95
12015,M,Cadre,0,Paris,Public,0.6170684862876945,11,88.47
12016,M,Agriculteur,0,Nancy,Prive,0.16849209045253022,13,65.88
12017,F,Cadre,1,Lille,Public,0.8099110586414802,13,85.53
12018,M,Employe,0,Marseille,Public,0.4143740025710065,12,57.8
12019,F,Employe,1,Bordeaux,Prive,0.47515355501012757,13,48.37
12020,M,Agriculteur,0,Bordeaux,Public,0.4713221232640814,11,48.83
12021,F,Cadre,0,Marseille,Public,0.4656254050289621,12,96.09
12022,M,Cadre,1,Bordeaux,Prive,0.9789370040371077,12,70.51
12023,M,Agriculteur,1,Bordeaux,Prive,0.4477731210006892,12,46.38
12024,M,Cadre,1,Toulouse,Public,0.4351115251526334,11,58.69
12025,M,Cadre,1,Toulouse,Prive,0.503894721801401,11,57.01
12026,F,Agriculteur,1,Toulouse,Public,0.3303230295174767,10,51.59
12027,F,Employe,0,Lyon,Public,0.5583688894586261,11,73.93
12028,M,Professions_intermediaires,0,Toulouse,Prive,0.3357671376770014,10,64.44
12029,M,Professions_intermediaires,0,Marseille,Prive,0.6001582132418685,12,90.84
12030,F,Employe,0,Marseille,Public,0.29140891428028526,11,70.64
12031,M,Ouvrier,0,Lyon,Public,0.38256256908593633,10,70.96
12032,F,Retraite,0,Nancy,Public,0.29901385153585314,11,43.32
12033,M,Employe,0,Paris,Prive,0.39358881967864034,13,58.05
12034,F,Cadre,1,Paris,Public,0.14267709667388528,10,65.43
12035,F,Professions_intermediaires,0,Lyon,Prive,0.010954364926881233,10,52.78
12036,M,Ouvrier,0,Nancy,Public,0.43558557698013917,11,53.92
12037,M,Ouvrier,0,Marseille,Prive,0.19280101835202057,12,43.05
12038,M,Cadre,0,Toulouse,Public,0.846766638774197,13,94.3
12039,M,Retraite,0,Lyon,Public,0.4282007783749313,13,58.44
12040,M,Professions_intermediaires,0,Toulouse,Public,0.6417169777556574,10,67.12
12041,F,Professions_intermediaires,1,Toulouse,Prive,0.5618208534092577,11,71.58
12042,M,Professions_intermediaires,0,Marseille,Prive,0.2874640744595824,13,74.31
12043,M,Retraite,0,Paris,Public,0.4158713524342424,12,66.95
12044,M,Retraite,0,Nancy,Public,0.6481345255482605,10,68.19
12045,M,Ouvrier,0,Lyon,Prive,0.6351026815392997,11,69.83
12046,F,Professions_intermediaires,0,Toulouse,Public,0.6732748422631184,11,83.47
12047,M,Professions_intermediaires,0,Bordeaux,Public,0.36870931077510266,10,53.92
12048,M,Employe,0,Paris,Prive,0.616826284497541,13,86.36
12049,F,Retraite,1,Bordeaux,Public,0.37902401884697934,12,58.14
12050,M,Employe,0,Marseille,Prive,0.7021765902062633,10,66.9
12051,F,Retraite,0,Nancy,Public,0.6960000814629792,10,54.41
12052,M,Ouvrier,0,Paris,Public,0.22519128889977197,12,43.75
12053,M,Professions_intermediaires,0,Toulouse,Public,0.5551915860326866,12,65.3
12054,F,Agriculteur,0,Toulouse,Prive,0.2809229663997682,13,66.98
12055,M,Professions_intermediaires,0,Lyon,Public,0.6655728307650322,13,73.59
12056,F,Ouvrier,0,Nancy,Prive,0.2743508012457262,12,50.69
12057,M,Ouvrier,0,Bordeaux,Prive,0.5645155751965933,10,66.71
12058,M,Professions_intermediaires,0,Toulouse,Prive,0.6477462011288673,10,75.93
12059,F,Retraite,0,Bordeaux,Public,0.5134522531001199,10,74.11
12060,F,Professions_intermediaires,0,Marseille,Prive,0.6723263540244668,12,78.54
12061,F,Ouvrier,0,Nantes,Public,0.5586429013262505,12,77.78
12062,F,Agriculteur,0,Marseille,Prive,0.8133250903270164,10,96.34
12063,F,Cadre,0,Nantes,Prive,0.27967008459812803,11,82.58
12064,F,Ouvrier,1,Toulouse,Prive,0.42320898662646966,11,36.75
12065,F,Cadre,1,Nancy,Prive,0.11607029915965589,11,56.27
12066,F,Employe,0,Paris,Public,0.44068105796461193,10,76.54
12067,F,Retraite,0,Paris,Prive,0.2626001173200134,11,67.94
12068,F,Retraite,0,Lille,Prive,0.22262901243425826,13,42.06
12069,M,Ouvrier,0,Paris,Public,0.18891249622192396,12,57.97
12070,M,Professions_intermediaires,0,Nancy,Public,0.4053826761005687,13,68.23
12071,F,Ouvrier,0,Toulouse,Public,0.5507759782123721,13,64.92
12072,M,Cadre,1,Bordeaux,Prive,0.5956071080298707,10,65.89
12073,F,Ouvrier,0,Paris,Public,0.7003872796509982,11,62.12
12074,M,Agriculteur,0,Lyon,Prive,0.6888419115301239,12,56.95
12075,F,Ouvrier,1,Marseille,Prive,0.2742666513483102,12,22.05
12076,F,Retraite,0,Lille,Public,0.35148107780180904,13,59.52
12077,M,Employe,1,Marseille,Public,0.5385620544705266,13,46.43
12078,F,Employe,0,Nancy,Public,0.5417044323009752,11,68.64
12079,M,Retraite,0,Nancy,Prive,0.7760182667397115,12,72.24
12080,F,Retraite,0,Toulouse,Prive,0.44241197668625754,13,56.65
12081,F,Ouvrier,0,Nantes,Prive,0.6535250465936637,12,52.11
12082,F,Ouvrier,0,Bordeaux,Prive,0.47142642175403776,10,69.57
12083,M,Retraite,0,Toulouse,Prive,0.5715486020517168,13,70.42
12084,F,Retraite,0,Marseille,Prive,0.5776674624920392,10,60.71
12085,M,Cadre,0,Marseille,Prive,0.49553750629135795,12,91.56
12086,M,Ouvrier,0,Lille,Prive,0.30479862101869926,10,46.48
12087,M,Ouvrier,1,Lyon,Prive,0.5553346717106395,11,43.08
12088,M,Employe,0,Lyon,Public,0.6286399582560936,13,71.8
12089,M,Agriculteur,0,Marseille,Public,0.5214003455841867,10,62.6
12090,M,Ouvrier,0,Nantes,Prive,-0.052569176323148614,12,52.15
12091,F,Professions_intermediaires,0,Bordeaux,Prive,0.4646797677054176,11,62.89
12092,F,Agriculteur,0,Lille,Prive,0.6357060309404173,10,72.1
12093,M,Ouvrier,1,Bordeaux,Public,0.3040397015154448,12,35.33
12094,F,Retraite,0,Toulouse,Public,0.7132052501168998,11,60.11
12095,M,Retraite,0,Paris,Prive,0.37745602357667374,13,66.89
12096,F,Employe,1,Lille,Public,0.43605083529997873,11,57.09
12097,F,Ouvrier,0,Bordeaux,Public,0.5412334913241288,12,61.74
12098,F,Employe,0,Paris,Prive,0.3157410104433771,13,65.07
12099,F,Employe,1,Lille,Prive,0.6823738058789733,11,49.88
12100,M,Employe,0,Nancy,Prive,0.7528620255168732,11,71.61
12101,M,Retraite,0,Nancy,Public,0.2799799499153688,11,54.43
12102,F,Ouvrier,0,Marseille,Prive,0.4628969520874393,10,60.62
12103,F,Employe,1,Marseille,Public,0.8786609155971968,13,54.36
12104,M,Agriculteur,1,Marseille,Public,0.7198820283794664,10,67.39
12105,F,Ouvrier,0,Paris,Public,0.17729896672734224,13,66.975
12106,M,Ouvrier,0,Toulouse,Prive,0.7334064299990458,12,56.34
12107,M,Employe,0,Paris,Prive,-0.18420440032230012,10,36.14
12108,F,Retraite,0,Nancy,Public,0.6229267292054952,10,77.0
12109,F,Retraite,1,Lyon,Prive,0.328642837150604,10,54.44
12110,F,Retraite,0,Nancy,Public,0.5919883278356172,13,56.7
12111,F,Retraite,1,Marseille,Prive,0.549372675960796,10,51.81
12112,F,Ouvrier,0,Marseille,Prive,0.526770784420564,13,66.56
12113,M,Cadre,0,Lyon,Prive,0.6171362943812081,10,86.42
12114,F,Professions_intermediaires,0,Toulouse,Prive,0.40080501831966964,12,66.975
12115,M,Ouvrier,0,Paris,Prive,0.3802218206571448,12,61.62
12116,M,Retraite,0,Lyon,Prive,0.6861107470344197,12,79.66
12117,F,Professions_intermediaires,0,Toulouse,Public,0.5011416527666175,11,87.89
12118,M,Retraite,1,Bordeaux,Public,0.38608461891257034,10,45.89
12119,F,Employe,0,Toulouse,Prive,0.464384572080437,11,75.28
12120,M,Agriculteur,0,Paris,Prive,0.44704920545056126,10,50.23
12121,M,Ouvrier,0,Bordeaux,Public,0.4308291310481421,13,63.68
12122,M,Ouvrier,0,Toulouse,Prive,0.5886234148384046,10,67.28
12123,M,Professions_intermediaires,0,Bordeaux,Public,0.32594809516396744,12,67.0
12124,F,Ouvrier,0,Lille,Public,0.8041504696297135,12,68.77
12125,F,Employe,0,Paris,Public,0.5447682387069881,11,64.52
12126,F,Agriculteur,0,Lille,Prive,0.1327699815390117,10,47.24
12127,M,Cadre,0,Lille,Public,0.5550118846149287,12,90.54
12128,F,Cadre,0,Nancy,Prive,0.3139341809865893,12,98.22
12129,M,Employe,1,Paris,Public,0.49449631000669414,11,38.85
12130,F,Agriculteur,0,Lyon,Public,0.469505263257628,12,69.34
12131,M,Retraite,1,Lyon,Public,0.635556260334532,12,34.87
12132,M,Agriculteur,0,Nancy,Prive,0.6332769477101443,13,72.83
12133,F,Cadre,0,Bordeaux,Prive,0.5442737877476956,11,80.59
12134,F,Cadre,0,Toulouse,Prive,0.8819198959745018,13,92.49
12135,M,Ouvrier,0,Marseille,Prive,0.3550400204503331,11,65.6
12136,F,Ouvrier,1,Paris,Public,0.7731327390078004,12,50.03
12137,F,Employe,0,Lille,Prive,0.7786801051247871,11,73.45
12138,F,Cadre,0,Lille,Prive,0.5674676463857532,11,78.5
12139,M,Retraite,0,Paris,Prive,0.5917539508774639,12,72.17
12140,F,Retraite,0,Marseille,Public,0.6901439598305625,13,59.57
12141,F,Ouvrier,0,Lille,Prive,0.43684251998737667,11,71.99
12142,M,Employe,0,Toulouse,Public,0.3987733872625716,10,65.71
12143,F,Ouvrier,0,Nancy,Public,0.40919119843421264,11,50.17
12144,F,Ouvrier,0,Nancy,Public,0.5584851549656169,10,49.14
12145,F,Cadre,1,Bordeaux,Prive,0.4061820193219774,12,60.45
12146,F,Retraite,0,Lille,Prive,0.3555588262019289,12,59.07
12147,F,Employe,1,Toulouse,Prive,0.29283567582999825,11,48.03
12148,F,Agriculteur,0,Nantes,Public,0.30323430973536175,13,55.92
12149,F,Cadre,1,Toulouse,Public,0.372059198419742,10,69.76
12150,M,Professions_intermediaires,0,Lyon,Prive,0.37661738452149884,10,48.48
12151,F,Retraite,0,Paris,Public,0.5214555353266195,12,66.71
12152,M,Agriculteur,0,Bordeaux,Public,0.3447522183748337,13,58.07
12153,M,Agriculteur,0,Nancy,Public,0.5983362051665629,10,70.99
12154,M,Cadre,0,Nantes,Public,0.8935561466364101,11,100.0
12155,M,Ouvrier,0,Lyon,Prive,0.7499076206733201,12,73.64
12156,F,Retraite,1,Bordeaux,Prive,0.2877943834165094,12,43.83
12157,M,Retraite,0,Paris,Public,0.44016960872604194,13,74.64
12158,F,Retraite,0,Lyon,Public,0.2458667930922685,12,72.23
12159,F,Cadre,1,Nancy,Public,0.5390142083693024,13,66.975
12160,M,Employe,0,Nancy,Public,0.550600510771093,12,62.64
12161,F,Employe,0,Nancy,Prive,0.5347927059303859,10,75.97
12162,F,Cadre,0,Nantes,Public,0.29012360850120045,13,87.78
12163,F,Cadre,0,Nantes,Public,0.37009715069506854,11,82.72
12164,F,Employe,0,Lyon,Public,0.6911577847166381,11,82.0
12165,F,Retraite,0,Lyon,Prive,0.5793735727833746,12,67.57
12166,M,Professions_intermediaires,0,Nancy,Public,0.3263833713009311,12,56.77
12167,M,Employe,0,Lille,Prive,0.2432118835311768,12,72.78
12168,F,Professions_intermediaires,1,Bordeaux,Prive,0.4854498268751426,12,49.67
12169,M,Agriculteur,0,Lyon,Public,0.47548788060401015,12,51.66
12170,F,Professions_intermediaires,0,Bordeaux,Public,0.24275227864113058,13,98.55
12171,M,Retraite,0,Marseille,Prive,0.43834631053795775,10,52.91
12172,M,Retraite,0,Paris,Public,0.40308012902688345,13,67.62
12173,M,Cadre,1,Bordeaux,Prive,0.38253177793352566,12,51.88
12174,F,Cadre,0,Marseille,Public,0.414405403084664,11,79.81
12175,F,Employe,0,Nantes,Public,0.554862813225938,11,63.41
12176,F,Agriculteur,0,Nancy,Prive,0.5179115490952471,10,60.93
12177,M,Retraite,0,Toulouse,Public,0.7510439589611619,11,77.33
12178,F,Professions_intermediaires,0,Lyon,Prive,0.5395634975439421,13,96.81
12179,F,Employe,0,Marseille,Public,0.6609624363794819,13,72.09
12180,M,Professions_intermediaires,0,Marseille,Prive,0.23529368029445707,10,52.19
12181,M,Agriculteur,0,Bordeaux,Public,0.5303625335293491,12,59.26
12182,F,Ouvrier,0,Toulouse,Prive,0.4255171984128507,11,66.975
12183,F,Professions_intermediaires,0,Paris,Public,0.6447783970402277,10,79.59
12184,F,Professions_intermediaires,1,Paris,Prive,0.5508210584308211,12,52.87
12185,F,Professions_intermediaires,0,Marseille,Public,0.8150198735417007,10,100.0
12186,M,Professions_intermediaires,1,Nancy,Public,0.31362986412873806,10,49.03
12187,F,Retraite,0,Marseille,Public,0.35773930314951397,11,69.63
12188,M,Ouvrier,0,Lille,Prive,0.568244563690269,13,59.96
12189,F,Professions_intermediaires,0,Lyon,Public,0.4740463185213788,10,74.56
12190,M,Agriculteur,0,Toulouse,Public,0.31128953314762453,11,60.62
12191,M,Agriculteur,0,Toulouse,Public,0.5746529868814845,13,69.59
12192,F,Cadre,0,Marseille,Prive,0.40094617944500277,11,78.85
12193,F,Retraite,0,Lille,Public,0.5901079321479735,11,66.975
12194,F,Employe,0,Marseille,Prive,0.16002183568638545,12,56.02
12195,F,Cadre,0,Paris,Public,0.44132083188483506,10,100.0
12196,M,Agriculteur,1,Nancy,Prive,0.5313838128110039,10,52.23
12197,F,Cadre,0,Bordeaux,Public,0.5338620762738147,11,91.46
12198,M,Cadre,0,Toulouse,Public,0.6398059283708859,12,85.55
12199,F,Professions_intermediaires,1,Toulouse,Prive,0.451106100454734,10,41.15
12200,F,Professions_intermediaires,0,Nantes,Prive,0.5895283761205099,10,65.32
12201,M,Retraite,0,Marseille,Prive,0.48610797870483835,10,62.13
12202,M,Professions_intermediaires,0,Bordeaux,Prive,0.6466586208462839,12,75.36
12203,M,Employe,0,Nantes,Prive,0.19245172626665852,12,63.75
12204,F,Ouvrier,0,Toulouse,Public,-0.020862537032591,11,51.71
12205,M,Retraite,1,Nancy,Prive,0.7507327974120528,10,45.28
12206,M,Cadre,0,Toulouse,Public,0.3862918044077885,13,100.0
12207,F,Employe,0,Nancy,Prive,0.1593253318589158,12,64.13
12208,M,Employe,0,Nancy,Prive,0.4678465410263766,10,62.32
12209,M,Ouvrier,0,Nantes,Prive,0.39628272102965023,12,54.34
12210,F,Employe,0,Marseille,Public,0.5738146903187079,13,76.62
12211,M,Agriculteur,0,Lyon,Public,0.59844910957657,12,68.15
12212,M,Professions_intermediaires,0,Toulouse,Public,0.41651058243490546,11,80.74
12213,F,Professions_intermediaires,0,Nancy,Public,0.6857940826509448,10,78.81
12214,M,Ouvrier,0,Marseille,Prive,0.257814795722615,11,51.2
12215,F,Agriculteur,1,Lille,Public,0.02989784653442218,11,26.22
12216,F,Retraite,0,Nancy,Prive,0.5295226687061494,10,75.5
12217,F,Retraite,0,Nantes,Public,0.44840899382786586,13,54.59
12218,F,Cadre,0,Nancy,Public,0.12109377235454788,10,83.92
12219,M,Professions_intermediaires,0,Toulouse,Public,0.6218647428624906,11,71.3
12220,M,Employe,0,Nantes,Prive,0.16032837727228383,10,66.975
12221,M,Retraite,0,Lyon,Prive,0.4775065716436016,12,75.05
12222,F,Retraite,0,Marseille,Prive,0.6533881154919567,10,62.1
12223,M,Employe,0,Nantes,Prive,0.5513602403981865,13,60.57
12224,F,Cadre,0,Lille,Prive,0.5400925646669392,12,100.0
12225,F,Employe,0,Marseille,Prive,0.40515914022848964,12,70.54
12226,F,Professions_intermediaires,0,Nancy,Prive,0.5336992929770731,12,82.74
12227,F,Employe,0,Toulouse,Prive,0.6017088825438609,13,58.56
12228,M,Agriculteur,0,Bordeaux,Prive,0.3710815682394415,10,56.0
12229,M,Retraite,0,Toulouse,Public,0.2738306439299485,12,60.93
12230,F,Retraite,0,Nancy,Prive,0.6576598976982184,10,65.55
12231,F,Employe,0,Bordeaux,Public,0.8703411318847696,10,67.61
12232,M,Ouvrier,0,Nantes,Public,0.7989437873061767,10,69.09
12233,F,Agriculteur,1,Lyon,Public,-0.02528108707400878,11,153.7901549811922
12234,F,Ouvrier,0,Bordeaux,Public,0.7502780358620476,11,69.74
12235,M,Cadre,0,Lyon,Prive,0.3731379756697521,10,73.1
12236,F,Retraite,0,Paris,Public,0.8601321863898531,10,79.8
12237,M,Cadre,0,Bordeaux,Prive,0.2922913489960292,13,80.34
12238,M,Ouvrier,0,Toulouse,Public,0.27434493349562955,10,59.79
12239,F,Retraite,0,Bordeaux,Prive,0.48998825698266607,10,77.34
12240,F,Agriculteur,0,Lille,Public,0.4196604912688875,11,61.72
12241,F,Employe,0,Lyon,Prive,0.42959134950831435,12,58.14
12242,F,Professions_intermediaires,0,Toulouse,Public,0.6886233056228532,12,90.46
12243,M,Professions_intermediaires,0,Paris,Public,0.747318702990028,12,94.68
12244,F,Professions_intermediaires,0,Nantes,Public,0.31122573014474797,10,82.88
12245,F,Retraite,0,Lille,Public,0.8280638141013421,11,51.74
12246,M,Agriculteur,0,Nantes,Public,0.25387454222263595,13,68.0
12247,F,Employe,0,Lille,Prive,0.3791181697954917,11,57.43
12248,F,Retraite,0,Marseille,Prive,1.0066876229231048,12,84.71
12249,M,Retraite,0,Marseille,Prive,0.5739378946609078,10,63.35
12250,F,Ouvrier,0,Nantes,Public,0.3685909467123494,13,55.58
12251,F,Employe,0,Bordeaux,Prive,0.5527859895170786,13,66.13
12252,F,Professions_intermediaires,0,Toulouse,Prive,0.6411139767543164,11,73.21
12253,M,Retraite,0,Lyon,Public,0.5674710942224787,10,53.97
12254,F,Agriculteur,1,Paris,Prive,0.7560863886292795,11,51.69
12255,M,Professions_intermediaires,0,Paris,Public,0.32695694994449487,13,71.37
12256,F,Employe,0,Bordeaux,Prive,0.36923578019339853,13,79.08
12257,M,Ouvrier,0,Marseille,Public,0.32196196686643075,12,60.69
12258,M,Retraite,0,Nantes,Public,0.33386705109639125,12,57.74
12259,F,Professions_intermediaires,0,Nantes,Prive,0.508486249556946,12,72.41
12260,F,Cadre,1,Toulouse,Public,0.2872520178907587,10,33.94
12261,F,Retraite,0,Marseille,Prive,0.558129477669485,10,63.25
12262,F,Ouvrier,0,Lyon,Prive,0.6265499582943193,12,65.49
12263,F,Employe,0,Marseille,Prive,0.25547704638234525,11,57.62
12264,M,Retraite,0,Nancy,Prive,0.37399313399618384,12,56.49
12265,F,Employe,0,Nantes,Prive,0.3979084780915571,11,43.92
12266,M,Retraite,0,Bordeaux,Prive,0.45613893951443923,13,50.52
12267,F,Retraite,0,Lille,Prive,0.4670744664058955,13,54.87
12268,F,Ouvrier,0,Bordeaux,Public,0.6810680389027707,12,58.98
12269,F,Cadre,1,Nancy,Prive,0.6959432192109523,13,42.45
12270,F,Agriculteur,0,Marseille,Public,0.33831521720298247,12,64.23
12271,M,Cadre,0,Marseille,Prive,0.6383370446656413,10,86.23
12272,F,Employe,0,Marseille,Public,0.7749858394570353,11,78.25
12273,F,Ouvrier,0,Lille,Public,0.741907476531918,10,62.95
12274,M,Ouvrier,0,Nancy,Prive,0.540974121746598,12,68.32
12275,M,Employe,0,Lyon,Public,0.48913155144155673,12,82.82
12276,F,Employe,0,Lyon,Public,0.21927636484480129,10,49.66
12277,M,Employe,0,Paris,Public,0.4173802910397282,11,53.95
12278,F,Retraite,0,Nantes,Public,0.20120638425480414,13,61.94
12279,F,Professions_intermediaires,0,Lyon,Prive,0.7280236664506644,13,85.79
12280,F,Ouvrier,0,Paris,Prive,0.44725008847152126,12,49.37
12281,M,Ouvrier,0,Marseille,Prive,0.48271472914429003,11,74.8
12282,F,Ouvrier,0,Toulouse,Public,0.37650951147199163,12,50.3
12283,M,Employe,0,Lille,Public,0.21794159090988868,10,58.59
12284,F,Agriculteur,0,Nantes,Public,0.6425068758037853,12,78.64
12285,M,Ouvrier,0,Lyon,Public,0.6004033880730919,13,75.12
12286,F,Cadre,0,Nancy,Public,0.6867178822738966,10,80.65
12287,F,Cadre,0,Nantes,Prive,0.1495552289965451,12,84.46
12288,M,Ouvrier,0,Nantes,Prive,0.7637552938912535,10,64.81
12289,F,Ouvrier,0,Toulouse,Public,0.47487640254718877,12,151.45376344996455
12290,M,Employe,0,Lyon,Prive,0.6554699945289566,12,64.91
12291,M,Ouvrier,0,Nantes,Prive,-0.027114211524764453,13,37.56
12292,M,Agriculteur,0,Toulouse,Public,0.5820417452061482,12,75.94
12293,F,Retraite,0,Lyon,Public,0.48529769236898496,10,52.36
12294,M,Professions_intermediaires,0,Bordeaux,Public,0.45586666450119706,13,76.95
12295,M,Agriculteur,0,Lille,Public,0.48034375007044733,11,67.42
12296,F,Agriculteur,0,Lille,Prive,0.38077904696713627,12,69.86
12297,M,Retraite,0,Lille,Prive,0.2175436098754373,13,57.73
12298,M,Ouvrier,0,Bordeaux,Public,0.24713054495699022,11,46.49
12299,M,Retraite,0,Nantes,Public,0.5053638779039259,10,67.5
12300,M,Cadre,0,Lyon,Public,0.7622815765835393,12,90.88
12301,M,Professions_intermediaires,0,Marseille,Prive,0.7213715366950728,11,149.33655504725849
12302,M,Agriculteur,0,Lyon,Prive,0.5460656933344361,12,92.02
12303,F,Cadre,0,Paris,Public,0.402256967046485,13,72.65
12304,M,Employe,0,Nantes,Prive,0.9126123240379322,12,80.58
12305,F,Ouvrier,0,Toulouse,Prive,0.6361795047909576,10,69.78
12306,F,Employe,0,Nancy,Prive,0.6189285543414135,13,68.48
12307,M,Ouvrier,0,Paris,Prive,0.2335067928659198,11,56.33
12308,F,Cadre,0,Lyon,Prive,0.5511068418351587,12,90.6
12309,M,Agriculteur,0,Paris,Public,0.252432173697409,11,61.85
12310,F,Cadre,0,Toulouse,Prive,0.9163296975089362,13,89.59
12311,F,Professions_intermediaires,0,Nancy,Prive,0.3318024144321591,11,71.04
12312,F,Employe,0,Lyon,Prive,0.3786437091911028,11,60.34
12313,M,Professions_intermediaires,1,Bordeaux,Public,0.3701455445935976,13,63.45
12314,F,Retraite,1,Paris,Public,0.4259669974898672,13,51.71
12315,M,Employe,1,Nantes,Prive,0.6340813355253604,10,50.6
12316,F,Cadre,0,Lille,Prive,0.5006060662237495,10,78.78
12317,F,Retraite,0,Bordeaux,Prive,0.50846641863415,13,62.8
12318,F,Professions_intermediaires,1,Nancy,Prive,0.6438218629993653,13,53.32
12319,F,Cadre,0,Bordeaux,Prive,0.19652636585655237,11,77.9
12320,M,Ouvrier,0,Lyon,Public,0.6496287684838828,11,48.8
12321,F,Retraite,1,Lille,Prive,0.5269305165381831,12,41.03
12322,M,Professions_intermediaires,0,Lille,Public,0.3594437169776943,12,60.99
12323,F,Ouvrier,0,Bordeaux,Public,0.5263537023887901,11,55.71
12324,M,Professions_intermediaires,1,Lille,Public,0.5226614220030549,12,70.91
12325,M,Retraite,1,Marseille,Public,-0.024776963737294877,11,29.5
12326,F,Retraite,0,Lille,Public,0.7749609243624535,11,73.25
12327,F,Employe,0,Paris,Prive,0.741748547120412,11,71.75
12328,M,Cadre,0,Bordeaux,Public,0.23878485996950677,10,83.87
12329,F,Retraite,0,Marseille,Public,0.3488383838343907,13,58.63
12330,M,Agriculteur,0,Lille,Public,0.7707228647714155,13,68.97
12331,M,Professions_intermediaires,0,Nancy,Public,0.6328939434505922,12,70.72
12332,M,Employe,0,Lyon,Prive,0.5777652440188167,11,62.0
12333,M,Agriculteur,0,Marseille,Public,0.5871747364512142,12,83.43
12334,M,Professions_intermediaires,1,Lille,Prive,0.5747960764796085,11,59.07
12335,M,Professions_intermediaires,1,Nantes,Prive,0.2870353931270579,10,43.76
12336,F,Retraite,0,Marseille,Public,0.38707226210750234,12,70.56
12337,M,Cadre,0,Marseille,Public,0.6994772647765882,10,98.72
12338,F,Professions_intermediaires,0,Paris,Public,0.6312511366465284,12,71.96
12339,F,Ouvrier,0,Paris,Prive,0.5568000818514032,12,60.1
12340,M,Agriculteur,0,Paris,Prive,0.37041136294496,10,65.22
12341,M,Professions_intermediaires,0,Marseille,Prive,0.6978451311046698,10,71.42
12342,M,Retraite,0,Lyon,Prive,0.3066752774522865,12,55.29
12343,F,Employe,0,Paris,Prive,0.796168573855208,10,70.57
12344,F,Retraite,1,Nantes,Public,0.3549280434440364,13,40.98
12345,M,Professions_intermediaires,1,Lille,Prive,0.32569119830427007,12,77.7
12346,F,Employe,0,Lille,Prive,0.5060372863559947,11,60.51
12347,M,Ouvrier,1,Nantes,Prive,0.5425238618958413,11,27.69
12348,F,Employe,0,Lyon,Public,0.5194106676453594,11,77.73
12349,M,Employe,1,Lyon,Prive,0.2354398784342291,12,42.83
12350,F,Professions_intermediaires,1,Nantes,Public,0.5843094727807518,12,54.59
12351,F,Retraite,0,Paris,Public,0.6958702987393732,10,77.6
12352,M,Retraite,0,Nantes,Public,0.48378317230953927,10,52.63
12353,M,Agriculteur,0,Lyon,Public,0.19076893995362043,13,64.03
12354,M,Cadre,0,Paris,Prive,0.45773848877596984,13,81.38
12355,M,Professions_intermediaires,0,Nantes,Public,0.27342604151736116,13,69.33
12356,F,Employe,0,Bordeaux,Prive,0.11366071637139141,10,60.45
12357,M,Employe,0,Paris,Prive,0.39035761651390743,13,86.04
12358,F,Professions_intermediaires,0,Paris,Prive,0.8248263717123419,12,78.11
12359,M,Agriculteur,0,Lille,Public,0.48349150954155246,10,60.05
12360,F,Ouvrier,0,Marseille,Public,0.4453900875991389,12,65.12
12361,F,Ouvrier,0,Lille,Prive,0.6420030377740044,13,73.82
12362,F,Employe,0,Nancy,Public,0.6222210233204334,12,59.03
12363,M,Employe,1,Lille,Public,0.20683654668482165,13,44.06
12364,M,Ouvrier,1,Lille,Public,0.8738147913532022,13,37.72
12365,F,Ouvrier,0,Nancy,Public,0.5395553036783826,12,50.18
12366,M,Ouvrier,0,Paris,Public,0.6813355249890005,12,61.99
12367,M,Cadre,1,Lille,Public,0.3809941592253321,12,55.41
12368,M,Agriculteur,1,Marseille,Prive,0.10896079678384996,13,27.79
12369,M,Ouvrier,0,Marseille,Prive,0.47662406179076405,11,51.83
12370,F,Employe,1,Nancy,Prive,0.27953909318130776,12,38.97
12371,F,Retraite,0,Marseille,Prive,0.7342273514309603,11,76.24
12372,M,Employe,0,Bordeaux,Public,0.21660051179612105,13,51.93
12373,F,Retraite,0,Marseille,Prive,0.5053124518514378,13,66.27
12374,M,Professions_intermediaires,0,Lille,Prive,0.6198789676480286,10,60.04
12375,F,Agriculteur,1,Paris,Public,0.5850316379959816,10,49.39
12376,F,Employe,0,Toulouse,Public,0.3998082287018571,13,72.9
12377,M,Employe,0,Lille,Prive,0.14398320814124133,12,54.86
12378,M,Cadre,0,Nantes,Public,0.198599346878434,12,82.18
12379,M,Ouvrier,1,Nantes,Prive,0.3485525299535771,10,19.41
12380,M,Employe,0,Nancy,Public,0.21797307792281395,13,50.75
12381,F,Retraite,0,Nancy,Prive,0.484908692582076,13,70.23
12382,M,Ouvrier,1,Lyon,Prive,0.3474952496227349,11,42.33
12383,F,Professions_intermediaires,0,Marseille,Prive,0.24144145550075408,13,86.63
12384,F,Agriculteur,1,Nancy,Public,0.2154652235647791,12,49.59
12385,M,Ouvrier,1,Marseille,Prive,0.18161114649306853,13,43.43
12386,F,Ouvrier,0,Marseille,Public,0.4887153200162858,12,52.62
12387,M,Professions_intermediaires,1,Bordeaux,Prive,0.3532218925238979,11,50.73
12388,F,Employe,0,Bordeaux,Public,0.5051475486326938,13,56.19
12389,M,Retraite,1,Toulouse,Prive,0.48452455148063606,10,53.43
12390,F,Employe,0,Marseille,Prive,0.4593377991359939,12,64.99
12391,F,Ouvrier,0,Lyon,Public,0.629458248177464,13,68.71
12392,F,Employe,0,Marseille,Public,0.2053365824642573,13,41.34
12393,F,Employe,0,Marseille,Prive,0.6305376191041044,11,48.71
12394,M,Ouvrier,1,Lille,Prive,0.5785115874532525,11,57.59
12395,M,Professions_intermediaires,0,Marseille,Prive,0.4604446725520295,10,100.0
12396,F,Cadre,0,Lille,Prive,0.3384044783105127,12,85.12
12397,M,Professions_intermediaires,1,Nancy,Public,0.50790481511864,12,66.975
12398,F,Employe,0,Toulouse,Prive,0.5897208457261296,13,63.85
12399,M,Ouvrier,0,Marseille,Public,0.21998322865236913,13,39.66
12400,M,Ouvrier,1,Nantes,Public,0.6219671768988704,12,57.54
12401,F,Ouvrier,0,Nantes,Public,0.8477641240476113,11,67.94
12402,M,Retraite,0,Lille,Public,0.48700421425552065,11,61.8
12403,F,Employe,0,Nantes,Prive,0.7606473345689596,11,89.21
12404,F,Employe,0,Paris,Public,0.5949907314118067,11,67.48
12405,F,Professions_intermediaires,0,Lille,Prive,0.552697884888725,11,66.06
12406,M,Ouvrier,0,Nancy,Prive,0.359856344198486,13,44.43
12407,F,Professions_intermediaires,0,Nancy,Public,0.43179175103005263,12,73.97
12408,F,Professions_intermediaires,0,Marseille,Prive,0.30383612055899356,13,79.03
12409,F,Agriculteur,0,Nancy,Public,0.688649301206868,10,71.06
12410,F,Ouvrier,1,Nantes,Public,0.35109141455745996,10,37.21
12411,M,Ouvrier,0,Nancy,Prive,0.8524044443096426,10,60.75
12412,M,Agriculteur,0,Paris,Public,0.5876690094529607,10,65.27
12413,F,Cadre,1,Nantes,Public,0.578809522442255,10,81.37
12414,F,Ouvrier,0,Nantes,Public,0.23529333119234863,10,54.43
12415,F,Professions_intermediaires,1,Bordeaux,Prive,0.6330970859150037,12,51.45
12416,F,Cadre,1,Lyon,Public,0.45593481564960137,10,79.32
12417,M,Retraite,0,Marseille,Public,0.38718227632952595,12,58.98
12418,F,Retraite,0,Toulouse,Public,0.3688161139469709,10,61.02
12419,F,Professions_intermediaires,0,Nantes,Public,0.25175886544056336,12,67.7
12420,M,Ouvrier,0,Nantes,Prive,0.501978479810867,13,45.36
12421,M,Agriculteur,0,Paris,Public,0.4666053309076228,13,63.42
12422,F,Employe,0,Paris,Public,0.23727939687548555,11,64.5
12423,F,Retraite,0,Paris,Prive,0.6029521783690046,11,63.84
12424,M,Professions_intermediaires,0,Lille,Public,0.9256965992672158,11,92.12
12425,F,Cadre,0,Nantes,Prive,0.21519632721364723,13,66.975
12426,F,Retraite,0,Lyon,Prive,0.47735242040880305,13,67.45
12427,M,Professions_intermediaires,0,Lille,Prive,0.8316632426751925,12,76.52
12428,M,Cadre,0,Nancy,Prive,0.34452518979569824,13,88.88
12429,M,Employe,0,Marseille,Public,0.5879353461791087,11,82.58
12430,F,Professions_intermediaires,0,Bordeaux,Public,0.5785009347806299,12,88.1
12431,F,Employe,0,Paris,Public,0.6316507247996423,10,71.93
12432,F,Ouvrier,0,Paris,Prive,0.8665276560222098,10,69.12
12433,M,Ouvrier,0,Marseille,Public,0.14203024750897147,12,51.07
12434,M,Professions_intermediaires,1,Nancy,Public,0.5381757407402277,11,45.02
12435,F,Retraite,0,Nantes,Public,0.3998027245666677,12,71.26
12436,M,Employe,0,Nancy,Prive,0.4920454536424,13,47.56
12437,F,Employe,0,Toulouse,Prive,0.5090074898840147,11,64.98
12438,F,Professions_intermediaires,0,Nancy,Prive,0.4411721779603399,13,88.6
12439,M,Ouvrier,0,Paris,Prive,0.28254244976342924,12,40.37
12440,F,Ouvrier,0,Bordeaux,Prive,0.2961649499617187,11,61.18
12441,F,Professions_intermediaires,0,Nantes,Prive,0.9251223728791469,10,91.54
12442,F,Professions_intermediaires,0,Toulouse,Prive,0.22368550959444555,13,64.13
12443,M,Ouvrier,0,Bordeaux,Prive,0.7453286428691577,13,55.82
12444,F,Employe,1,Marseille,Public,0.2929928500158513,11,28.64
12445,F,Employe,0,Lille,Public,0.5190767172863813,12,64.51
12446,M,Agriculteur,1,Lyon,Prive,0.8936357843477776,13,49.41
12447,F,Professions_intermediaires,0,Lyon,Prive,0.6589669146989575,10,65.8
12448,F,Agriculteur,0,Lille,Public,0.21237700331094161,13,71.91
12449,M,Ouvrier,0,Nancy,Public,0.43259466028871296,10,50.52
12450,M,Retraite,0,Toulouse,Public,0.49482635452808005,10,67.78
12451,M,Employe,0,Nantes,Prive,0.7061139995292436,11,63.53
12452,F,Retraite,0,Marseille,Public,0.5094519841898577,11,70.32
12453,M,Retraite,0,Marseille,Prive,0.46822622863945856,11,64.97
12454,F,Cadre,0,Paris,Prive,0.8439939799957799,12,100.0
12455,F,Agriculteur,0,Nancy,Prive,0.8160671424321231,11,61.88
12456,F,Agriculteur,1,Nantes,Prive,0.6397328089655971,11,45.49
12457,F,Agriculteur,0,Lille,Public,0.3747771266642418,12,74.84
12458,F,Ouvrier,1,Nancy,Prive,-0.030252672469815445,13,23.79
12459,F,Ouvrier,0,Paris,Prive,0.24418711128498127,12,52.16
12460,F,Retraite,0,Lyon,Public,0.19123884917821882,11,63.43
12461,F,Agriculteur,0,Marseille,Prive,0.4877628164176162,12,66.35
12462,M,Professions_intermediaires,0,Lille,Public,0.6875834598667179,13,78.92
12463,M,Employe,0,Nancy,Prive,0.895164011832,10,74.41
12464,F,Cadre,0,Lille,Prive,0.7547219571227588,10,87.87
12465,M,Cadre,1,Nantes,Public,0.35805898703888794,13,48.29
12466,M,Cadre,0,Lille,Public,0.5507924334669262,13,80.72
12467,M,Professions_intermediaires,0,Marseille,Public,0.5804638218343304,12,80.44
12468,F,Agriculteur,0,Nancy,Public,0.1881058847135817,12,59.57
12469,F,Cadre,0,Paris,Public,0.3252733917266568,13,66.975
12470,F,Retraite,0,Marseille,Prive,0.4138516341590509,10,60.46
12471,F,Ouvrier,0,Marseille,Prive,0.9259886658122201,12,75.04
12472,F,Agriculteur,0,Lyon,Prive,0.5772908629046297,10,153.421980669075
12473,M,Agriculteur,0,Paris,Public,0.23708129249072685,13,51.52
12474,F,Professions_intermediaires,0,Toulouse,Public,0.4150325702952174,10,81.24
12475,M,Cadre,0,Paris,Prive,0.5897602703221597,10,75.89
12476,M,Cadre,0,Nancy,Prive,0.4497740492786416,12,76.46
12477,F,Cadre,0,Marseille,Public,0.4287682892347999,11,83.82
12478,M,Retraite,0,Lyon,Prive,0.646398862892686,13,50.8
12479,F,Ouvrier,0,Paris,Public,0.7802954645584594,11,62.31
12480,M,Professions_intermediaires,0,Toulouse,Public,0.743231730259375,13,73.23
12481,M,Retraite,1,Lyon,Prive,0.43995152117624803,11,40.04
12482,M,Professions_intermediaires,0,Nancy,Prive,0.46698736864847085,12,70.92
12483,F,Professions_intermediaires,0,Lille,Prive,0.43817432861428296,13,69.67
12484,F,Professions_intermediaires,0,Bordeaux,Public,0.7111984225472415,12,78.38
12485,F,Professions_intermediaires,0,Paris,Public,0.4222179114748421,10,86.73
12486,F,Professions_intermediaires,1,Paris,Public,0.11531176200421883,13,67.95
12487,F,Retraite,0,Lille,Prive,0.596498993452814,13,71.94
12488,M,Agriculteur,0,Nantes,Public,0.6058620275357998,11,67.2
12489,F,Retraite,0,Marseille,Prive,0.4189364388589699,11,55.38
12490,F,Professions_intermediaires,1,Toulouse,Public,0.8706339397474961,13,56.8
12491,M,Agriculteur,0,Toulouse,Public,0.39155144320281327,12,63.27
12492,F,Retraite,0,Nancy,Public,0.7835384163101873,10,81.71
12493,F,Employe,0,Lyon,Public,0.23219586623961896,11,53.14
12494,M,Retraite,0,Lille,Public,0.5552747955559749,10,68.22
12495,M,Agriculteur,0,Toulouse,Prive,0.3382684343616257,11,59.51
12496,M,Cadre,0,Lyon,Prive,0.4853853061661944,10,92.09
12497,F,Agriculteur,0,Marseille,Public,0.6523081957826867,13,69.23
12498,M,Employe,0,Lille,Prive,0.3860558794456374,13,57.42
12499,F,Agriculteur,0,Marseille,Prive,0.36041950185940763,10,59.95
12500,F,Professions_intermediaires,0,Nantes,Public,0.45548301217385034,13,89.89
12501,F,Retraite,0,Nantes,Prive,1.251922962720055,13,81.35
12502,M,Professions_intermediaires,0,Lille,Public,0.5404528915390423,13,84.44
12503,F,Professions_intermediaires,0,Lyon,Public,0.5286201980151914,13,78.98
12504,F,Professions_intermediaires,0,Toulouse,Public,0.586973649308889,11,82.59
12505,F,Professions_intermediaires,0,Nantes,Public,0.15678681783926862,11,66.975
12506,F,Retraite,1,Lyon,Prive,0.6841746597231586,10,48.24
12507,F,Agriculteur,0,Paris,Public,0.6422699797097609,13,62.8
12508,F,Ouvrier,0,Paris,Prive,0.14322544138987436,10,147.2293777825513
12509,F,Professions_intermediaires,0,Paris,Prive,0.9808823989443123,12,83.64
12510,M,Employe,0,Nantes,Public,0.5006075784247065,11,63.64
12511,M,Ouvrier,1,Marseille,Public,0.2766450179967591,11,33.46
12512,M,Retraite,0,Lyon,Prive,0.5627237981999901,13,72.0
12513,M,Retraite,1,Bordeaux,Prive,0.31823019986020973,11,56.37
12514,M,Retraite,0,Marseille,Public,0.1779237809906481,10,47.67
12515,M,Cadre,0,Lyon,Prive,0.4454899713059367,13,85.88
12516,F,Cadre,0,Lille,Prive,0.45449049553367593,13,78.85
12517,M,Agriculteur,0,Nancy,Public,0.1850881870889851,11,45.81
12518,F,Employe,0,Toulouse,Prive,0.34394228608955335,11,85.96
12519,M,Ouvrier,1,Lille,Prive,0.2933880386794244,12,34.45
12520,F,Cadre,1,Lyon,Public,0.4285298368779138,10,60.15
12521,F,Professions_intermediaires,0,Nancy,Public,0.6295374498859586,12,86.01
12522,M,Cadre,0,Nantes,Public,0.5282721104769498,10,100.0
12523,F,Employe,0,Paris,Public,0.4934638261289183,10,70.76
12524,F,Professions_intermediaires,0,Marseille,Public,0.13497437833054865,10,89.97
12525,M,Retraite,1,Paris,Prive,0.49438309390809654,12,43.4
12526,F,Employe,0,Nancy,Prive,0.282418520631831,12,72.56
12527,F,Cadre,0,Bordeaux,Public,0.15642705973178644,11,70.35
12528,M,Employe,1,Lyon,Prive,0.6755195955137724,13,43.38
12529,M,Employe,0,Lyon,Prive,0.23380608193262448,10,63.64
12530,F,Professions_intermediaires,1,Toulouse,Prive,0.5188217652435214,13,67.57
12531,F,Cadre,0,Toulouse,Public,0.40256302396230903,13,78.62
12532,M,Professions_intermediaires,0,Paris,Prive,0.30929365586679664,10,77.97
12533,F,Ouvrier,0,Bordeaux,Prive,0.74397451846034,11,70.07
12534,F,Professions_intermediaires,0,Nantes,Prive,0.37990852476593,12,70.21
12535,F,Ouvrier,0,Toulouse,Public,0.3934937819298917,12,65.53
12536,M,Cadre,0,Marseille,Public,0.3529982681319635,11,73.51
12537,F,Retraite,0,Lyon,Public,0.5351779849652037,11,75.43
12538,F,Cadre,0,Marseille,Prive,0.4680973916513339,11,82.65
12539,F,Agriculteur,0,Nancy,Prive,0.3596397637470271,12,72.89
12540,F,Cadre,0,Lille,Public,0.31547508985107897,12,83.3
12541,M,Retraite,1,Lyon,Public,0.49173234378997366,11,44.62
12542,F,Retraite,0,Nantes,Prive,0.36991915692952326,10,32.15
12543,F,Retraite,0,Nancy,Prive,0.844902398043679,12,67.97
12544,F,Cadre,0,Nancy,Prive,0.39492345810368035,10,74.23
12545,M,Employe,0,Marseille,Public,0.5668358145533522,11,73.43
12546,M,Professions_intermediaires,1,Lille,Prive,0.48180719794813975,13,51.52
12547,M,Agriculteur,0,Paris,Prive,0.4421809389891672,12,51.68
12548,F,Professions_intermediaires,0,Lyon,Prive,0.6798631277785603,12,84.54
12549,F,Agriculteur,0,Marseille,Public,0.6160379228161187,10,70.56
12550,F,Retraite,0,Nancy,Prive,0.6121924940094605,13,67.43
12551,F,Agriculteur,0,Toulouse,Prive,0.6099799637838119,12,76.06
12552,M,Cadre,0,Lille,Public,0.17712499578726748,12,79.17
12553,M,Employe,0,Lyon,Public,0.588136005095005,11,87.06
12554,F,Cadre,0,Nancy,Public,0.4505179260651703,11,92.61
12555,M,Professions_intermediaires,0,Toulouse,Prive,0.39741962753879434,11,72.38
12556,M,Retraite,0,Marseille,Prive,1.1920651181010262,11,82.2
12557,F,Employe,0,Paris,Prive,0.20527203064474536,13,60.07
12558,M,Ouvrier,0,Nantes,Prive,0.48188784741278384,10,55.23
12559,F,Employe,0,Lyon,Prive,0.4657445708928771,12,75.69
12560,F,Professions_intermediaires,0,Lyon,Prive,0.48362487241741303,13,89.68
12561,F,Employe,0,Nancy,Public,0.29719890473104693,10,62.55
12562,M,Cadre,0,Lyon,Public,0.5450041886623461,12,89.9
12563,M,Employe,0,Bordeaux,Prive,0.2752501157830105,10,53.89
12564,F,Retraite,0,Bordeaux,Public,0.5567056871424565,12,72.58
12565,M,Professions_intermediaires,0,Lyon,Prive,0.5313250691343151,11,66.36
12566,F,Agriculteur,0,Paris,Prive,0.4511657335636549,12,70.27
12567,F,Professions_intermediaires,0,Paris,Public,0.48546750949201706,13,79.19
12568,F,Ouvrier,0,Paris,Prive,0.8168266494395832,13,80.36
12569,M,Employe,0,Toulouse,Prive,0.6156282388910774,10,51.04
12570,M,Retraite,0,Toulouse,Prive,0.5346003382460035,11,66.975
12571,F,Professions_intermediaires,1,Nantes,Public,0.584910401478858,12,68.31
12572,M,Agriculteur,0,Toulouse,Public,0.508043339170232,13,72.96
12573,M,Agriculteur,0,Bordeaux,Prive,0.6104323664947362,11,67.68
12574,M,Professions_intermediaires,0,Toulouse,Public,0.3788224398196284,10,80.96
12575,F,Professions_intermediaires,0,Toulouse,Prive,0.9421372646446172,10,100.0
12576,M,Employe,0,Bordeaux,Public,0.5375761048968207,10,65.45
12577,F,Employe,0,Nancy,Prive,1.0652661490088544,10,94.07
12578,F,Ouvrier,0,Nancy,Public,0.9433556068994792,13,80.19
12579,F,Employe,0,Toulouse,Public,0.39923985122435574,13,77.57
12580,M,Professions_intermediaires,0,Bordeaux,Public,0.5479041244450837,10,82.15
12581,M,Retraite,1,Marseille,Public,0.5731147843766009,13,45.84
12582,M,Cadre,0,Paris,Public,0.6867512841595496,12,77.54
12583,M,Professions_intermediaires,0,Toulouse,Public,0.5262515013934982,12,70.29
12584,M,Retraite,0,Marseille,Public,0.7413801829978158,11,75.54
12585,M,Agriculteur,1,Lille,Prive,0.14817470113029296,11,38.54
12586,M,Employe,0,Lille,Public,0.3780039924636003,11,47.23
12587,M,Employe,0,Lyon,Public,0.46182083463709306,13,60.9
12588,M,Professions_intermediaires,0,Toulouse,Prive,0.36667177249943955,13,61.14
12589,M,Employe,0,Toulouse,Public,0.1536089010691326,12,61.76
12590,F,Employe,0,Lyon,Prive,0.6767723752333381,11,80.22
12591,F,Professions_intermediaires,0,Paris,Prive,0.2786048565752587,11,72.68
12592,M,Professions_intermediaires,0,Lille,Prive,0.3651368319340057,10,57.75
12593,F,Employe,0,Bordeaux,Prive,0.6509706571993412,11,68.46
12594,M,Ouvrier,1,Toulouse,Prive,0.7448755036733419,10,36.06
12595,M,Agriculteur,1,Lyon,Prive,0.386894194483223,13,44.35
12596,M,Cadre,0,Toulouse,Public,0.2926533062302915,13,86.41
12597,M,Professions_intermediaires,0,Marseille,Public,0.33734488795274054,12,71.43
12598,F,Employe,1,Lyon,Prive,0.7229378096425866,13,53.83
12599,F,Employe,0,Lille,Prive,0.7342604399491082,12,88.0
12600,M,Professions_intermediaires,1,Bordeaux,Public,0.5673009958921311,11,47.58
12601,M,Ouvrier,0,Marseille,Prive,0.549404829625022,12,71.32
12602,F,Employe,0,Lyon,Public,0.2362593180140461,12,60.18
12603,M,Agriculteur,0,Nantes,Prive,0.5930169612704931,11,147.56736311866857
12604,F,Agriculteur,0,Nancy,Public,0.657143994396193,12,75.63
12605,M,Cadre,0,Nantes,Public,0.5330892907913687,13,68.67
12606,M,Ouvrier,0,Nantes,Prive,0.540375041273488,13,57.64
12607,M,Ouvrier,0,Toulouse,Prive,0.293651656852819,13,44.16
12608,F,Professions_intermediaires,0,Bordeaux,Prive,0.7336898045571362,12,99.98
12609,F,Agriculteur,0,Toulouse,Prive,0.22815807144318045,12,57.23
12610,M,Professions_intermediaires,0,Paris,Public,0.4966816339782412,13,85.3
12611,M,Cadre,0,Paris,Public,0.5915064171340336,11,94.7
12612,F,Ouvrier,0,Paris,Prive,0.728200340078204,10,56.14
12613,F,Employe,0,Lille,Public,0.7107313486644107,10,59.54
12614,M,Ouvrier,0,Nantes,Public,0.7278391328662328,11,73.99
12615,F,Cadre,1,Toulouse,Prive,0.43957510017822465,10,61.17
12616,M,Employe,0,Lille,Prive,0.9647853886028988,13,77.4
12617,F,Ouvrier,0,Bordeaux,Prive,0.7175635420123769,10,67.82
12618,F,Professions_intermediaires,0,Lyon,Public,0.42943371291453786,10,47.7
12619,F,Cadre,0,Lyon,Public,0.44232387521333016,11,83.61
12620,M,Retraite,0,Toulouse,Prive,0.652084133273744,11,77.68
12621,M,Cadre,0,Nantes,Prive,0.4065150611049785,12,66.12
12622,F,Ouvrier,0,Bordeaux,Public,0.24451253235974602,13,63.24
12623,F,Agriculteur,0,Toulouse,Prive,0.5165124740164195,12,67.91
12624,M,Agriculteur,0,Nantes,Prive,0.045528110518037845,13,47.77
12625,F,Retraite,0,Marseille,Prive,0.5716688003936612,12,70.19
12626,M,Agriculteur,1,Lille,Public,0.6275927403686551,10,50.65
12627,M,Cadre,0,Bordeaux,Public,0.44679673684933885,10,95.1
12628,F,Agriculteur,0,Bordeaux,Prive,0.7299936871098471,11,69.54
12629,F,Agriculteur,0,Paris,Prive,0.6704078832039735,11,84.85
12630,M,Professions_intermediaires,0,Lyon,Public,0.2962145946863707,11,69.18
12631,F,Agriculteur,0,Lille,Prive,0.5088484148799024,10,73.59
12632,M,Retraite,0,Nantes,Prive,0.3961245708034407,10,58.55
12633,F,Agriculteur,0,Marseille,Prive,0.43538097342436444,11,59.43
12634,M,Professions_intermediaires,1,Nantes,Public,0.7292601798573324,11,67.54
12635,F,Cadre,0,Marseille,Prive,0.6250832057160477,12,147.09584417314096
12636,M,Retraite,1,Marseille,Public,0.3564903058624618,10,37.88
12637,M,Retraite,0,Marseille,Prive,0.5448368478078662,12,73.94
12638,F,Employe,0,Toulouse,Prive,0.34885983138067916,13,78.66
12639,M,Ouvrier,0,Nantes,Public,0.40305028073936894,11,53.08
12640,M,Agriculteur,1,Lyon,Public,0.8078363618043434,12,69.56
12641,M,Employe,0,Lille,Prive,1.0093802873599358,10,71.17
12642,F,Retraite,0,Marseille,Public,0.8558037460323702,10,75.24
12643,F,Ouvrier,0,Lille,Prive,0.5554781579849567,10,70.48
12644,F,Retraite,1,Nantes,Public,0.5367916761528542,11,15.34
12645,M,Agriculteur,0,Nancy,Prive,0.7038784758418808,11,63.69
12646,M,Employe,0,Paris,Prive,0.5203034340107657,10,63.58
12647,F,Ouvrier,0,Nancy,Public,0.2148284248398316,11,57.62
12648,F,Retraite,0,Nantes,Public,0.8637893305237412,13,73.5
12649,M,Ouvrier,1,Lille,Public,0.2624490041878056,13,12.53
12650,M,Ouvrier,0,Paris,Public,0.7415669361936763,12,61.76
12651,F,Agriculteur,0,Bordeaux,Prive,0.6519607777113199,13,58.71
12652,F,Agriculteur,1,Marseille,Public,0.8719612068960738,12,52.07
12653,M,Ouvrier,0,Bordeaux,Prive,0.6725045224431234,11,60.62
12654,M,Cadre,0,Nancy,Prive,0.3824311127075528,12,83.25
12655,M,Professions_intermediaires,0,Nantes,Prive,0.7170670624363756,13,74.64
12656,M,Professions_intermediaires,0,Paris,Prive,0.42732963073185487,11,72.59
12657,F,Cadre,0,Nancy,Public,0.30450445392612324,11,76.22
12658,F,Cadre,0,Bordeaux,Public,0.13369959220831273,11,66.975
12659,F,Ouvrier,1,Toulouse,Prive,0.4752682708206276,12,29.1
12660,F,Ouvrier,0,Marseille,Public,0.1622749240714937,10,53.34
12661,F,Retraite,1,Marseille,Prive,0.7873127273712437,12,41.42
12662,F,Employe,0,Bordeaux,Prive,0.1858171381358628,10,57.85
12663,F,Retraite,1,Lyon,Prive,0.42398667542142043,11,45.57
12664,M,Ouvrier,0,Lille,Public,0.4325397590799215,10,50.3
12665,F,Retraite,0,Lyon,Public,0.5343418592516062,13,64.96
12666,M,Cadre,1,Toulouse,Public,0.3265395821675886,10,56.84
12667,F,Agriculteur,0,Lille,Public,0.7269529966487236,10,92.84
12668,F,Retraite,1,Paris,Public,0.5326184660342581,12,49.23
12669,M,Cadre,0,Marseille,Public,0.4964638151717012,11,88.25
12670,M,Agriculteur,0,Nantes,Prive,0.36994391370138613,10,57.09
12671,M,Cadre,0,Marseille,Public,0.6099329377454523,12,63.67
12672,F,Agriculteur,1,Marseille,Prive,0.7794577819908023,10,49.98
12673,F,Retraite,0,Paris,Prive,1.0389948164343021,11,62.53
12674,F,Agriculteur,0,Lyon,Public,0.31177591171191416,10,67.13
12675,M,Agriculteur,0,Lyon,Prive,0.4727012887600729,12,69.63
12676,F,Cadre,0,Lille,Public,0.11858469868340527,11,78.73
12677,F,Ouvrier,1,Nancy,Prive,0.635967009577833,12,43.58
12678,F,Professions_intermediaires,1,Lyon,Public,0.2269490262279028,10,41.25
12679,M,Ouvrier,0,Nantes,Public,0.5550891265830724,10,54.38
12680,M,Professions_intermediaires,0,Nancy,Public,0.7469761373785837,10,82.9
12681,M,Retraite,0,Marseille,Prive,0.4176072921272473,13,79.85
12682,M,Ouvrier,0,Marseille,Prive,0.313572632283036,13,57.84
12683,M,Retraite,1,Lyon,Public,0.763622115938164,10,52.85
12684,M,Professions_intermediaires,0,Bordeaux,Public,0.6421383785297202,10,93.99
12685,F,Ouvrier,0,Bordeaux,Public,0.2740425633873442,10,56.14
12686,M,Agriculteur,0,Bordeaux,Prive,0.527946036013066,12,59.93
12687,F,Ouvrier,0,Toulouse,Prive,0.32925810244885356,13,60.91
12688,F,Professions_intermediaires,0,Nancy,Prive,0.7121133746761344,13,94.85
12689,F,Professions_intermediaires,1,Lille,Public,0.5245903933638729,10,63.92
12690,F,Agriculteur,0,Nancy,Public,0.8055382848687977,13,77.98
12691,M,Cadre,0,Nancy,Public,0.3136885723356016,11,62.54
12692,M,Ouvrier,1,Lyon,Public,0.545418636762073,11,27.06
12693,M,Cadre,0,Toulouse,Public,0.4975501796620473,13,86.94
12694,M,Agriculteur,1,Paris,Public,0.5509394213067597,11,45.94
12695,F,Retraite,0,Toulouse,Public,0.38673470101038865,12,62.14
12696,M,Employe,1,Nantes,Prive,0.04980013138908096,11,45.86
12697,M,Cadre,0,Bordeaux,Public,0.6358145969062843,13,75.67
12698,F,Retraite,0,Lille,Public,0.5107238574910467,12,60.11
12699,M,Employe,1,Marseille,Prive,0.3337434291895329,13,54.15
12700,M,Employe,1,Nantes,Public,0.39963841880194406,11,33.51
12701,M,Agriculteur,1,Bordeaux,Prive,0.2661449560789887,11,53.31
12702,M,Cadre,0,Bordeaux,Public,0.1283331634222381,11,79.0
12703,M,Professions_intermediaires,0,Nantes,Public,0.7077440954594012,12,77.44
12704,M,Cadre,0,Toulouse,Public,0.6143160699478023,13,87.84
12705,F,Professions_intermediaires,0,Marseille,Public,0.2297376106470571,10,72.87
12706,M,Employe,0,Nancy,Public,1.004945585956193,11,84.02
12707,F,Agriculteur,0,Toulouse,Public,0.27463722800392887,10,46.21
12708,F,Cadre,0,Bordeaux,Public,0.642916054699955,10,100.0
12709,M,Professions_intermediaires,0,Nantes,Prive,0.5007477556827526,12,76.22
12710,F,Employe,0,Paris,Prive,0.24740845768863357,13,73.31
12711,M,Ouvrier,1,Nancy,Public,0.5699356036495871,13,45.56
12712,F,Professions_intermediaires,0,Toulouse,Prive,0.46311145424333516,12,94.34
12713,F,Ouvrier,1,Paris,Public,0.3726060172316962,10,32.28
12714,F,Retraite,1,Lyon,Prive,0.7638302051097471,13,65.86
12715,F,Retraite,0,Nantes,Prive,0.624778180687855,12,60.49
12716,M,Employe,0,Marseille,Public,0.6438405397492524,11,75.07
12717,F,Employe,1,Paris,Prive,0.456945926697598,13,57.11
12718,M,Professions_intermediaires,0,Bordeaux,Public,0.5704301632808136,10,75.72
12719,M,Employe,0,Lyon,Prive,0.49462422517507987,12,66.975
12720,F,Retraite,0,Marseille,Public,0.5998418623154054,10,68.9
12721,M,Ouvrier,0,Lyon,Public,0.3056937068837092,12,51.49
12722,F,Cadre,0,Bordeaux,Public,0.02516545761251665,13,83.18
12723,F,Employe,0,Lille,Prive,0.771226698990388,12,66.47
12724,M,Agriculteur,0,Lille,Prive,0.49704994590031,13,63.03
12725,M,Ouvrier,0,Paris,Prive,0.6143459776548268,13,56.46
12726,M,Cadre,0,Lille,Prive,0.3631097980830224,13,78.18
12727,F,Retraite,1,Bordeaux,Prive,0.4552487808735883,13,45.28
12728,F,Cadre,0,Nantes,Public,0.8040621827825556,12,97.33
12729,M,Employe,1,Paris,Public,0.5727728637130782,11,53.04
12730,M,Ouvrier,0,Nantes,Prive,0.9409415823572981,12,66.975
12731,M,Professions_intermediaires,1,Marseille,Prive,0.6783175579280837,10,50.13
12732,F,Ouvrier,1,Toulouse,Public,0.36636993198444673,11,33.28
12733,M,Cadre,0,Lille,Public,0.5883262190108618,11,82.79
12734,F,Professions_intermediaires,0,Bordeaux,Prive,0.8364612254662169,11,75.11
12735,F,Cadre,1,Nancy,Prive,0.5440543777374638,11,59.72
12736,F,Agriculteur,0,Bordeaux,Public,0.6290834901286926,10,66.975
12737,F,Agriculteur,0,Marseille,Prive,0.782555417709857,13,78.49
12738,M,Ouvrier,0,Lille,Prive,0.030911765522119827,12,66.975
12739,F,Agriculteur,1,Paris,Prive,0.6402588723343862,11,56.18
12740,M,Retraite,0,Nancy,Prive,0.769362593463204,13,66.22
12741,F,Employe,0,Paris,Prive,0.3464911233193446,13,81.75
12742,M,Cadre,0,Toulouse,Public,0.7090582823686956,12,82.92
12743,F,Cadre,0,Nancy,Prive,0.4989610141314985,11,81.03
12744,F,Cadre,0,Nantes,Prive,0.16158026478573262,11,75.39
12745,F,Cadre,1,Lille,Public,0.658123472984986,11,59.04
12746,M,Retraite,0,Bordeaux,Public,0.49808967939887283,11,68.13
12747,F,Professions_intermediaires,0,Lille,Prive,0.48512858804022047,13,75.59
12748,M,Retraite,0,Paris,Prive,0.6292223852490432,11,69.9
12749,M,Cadre,0,Nancy,Public,0.31016227115803746,11,80.08
12750,F,Professions_intermediaires,1,Nancy,Public,0.654361250792952,11,60.55
12751,M,Ouvrier,0,Paris,Prive,0.31754831653626325,11,70.59
12752,F,Employe,0,Nancy,Prive,0.8025769608016597,13,80.1
12753,F,Professions_intermediaires,0,Paris,Public,0.7278090326620872,13,64.35
12754,F,Employe,0,Bordeaux,Prive,0.8075579223872414,12,78.08
12755,M,Retraite,0,Lyon,Prive,0.5928488972911026,12,76.54
12756,M,Employe,0,Lille,Public,0.41525760881700324,11,44.28
12757,F,Ouvrier,0,Marseille,Public,0.35582634027176463,10,47.86
12758,F,Agriculteur,1,Nancy,Public,0.343884217157015,11,51.47
12759,M,Ouvrier,0,Nancy,Public,0.4654813210942952,12,67.98
12760,F,Employe,0,Nantes,Prive,0.36273665076703354,10,67.04
12761,M,Employe,0,Marseille,Public,0.564971851416859,10,72.36
12762,M,Agriculteur,0,Marseille,Public,0.3389238025542537,10,76.79
12763,F,Retraite,1,Bordeaux,Public,0.3755634068574057,10,38.14
12764,M,Employe,0,Paris,Public,0.4238228029054124,11,56.85
12765,F,Cadre,0,Nancy,Public,0.3447670801000183,12,79.82
12766,M,Cadre,0,Toulouse,Prive,0.4315603141476932,11,84.07
12767,F,Agriculteur,0,Lille,Prive,0.6167666743440136,10,74.9
12768,M,Cadre,0,Nancy,Prive,0.3232194996610173,10,87.06
12769,M,Professions_intermediaires,0,Nantes,Prive,0.25924797334820154,12,83.69
12770,F,Professions_intermediaires,0,Nantes,Prive,0.46435491475799207,11,76.38
12771,F,Ouvrier,0,Lyon,Prive,0.27216153848314706,10,45.22
12772,M,Professions_intermediaires,0,Bordeaux,Public,0.767321782471565,11,72.94
12773,M,Professions_intermediaires,0,Bordeaux,Public,0.36026775846956993,11,72.16
12774,F,Retraite,0,Toulouse,Public,0.5096187728348469,11,78.8
12775,F,Professions_intermediaires,0,Lyon,Prive,0.5907977403765602,10,83.39
12776,F,Retraite,1,Toulouse,Public,0.2475786152214131,11,31.94
12777,M,Cadre,1,Paris,Prive,0.3310568493010772,10,54.43
12778,M,Agriculteur,0,Lille,Prive,0.37399758267981204,12,62.59
12779,F,Retraite,0,Paris,Prive,0.6564973434385497,11,69.61
12780,F,Ouvrier,1,Lyon,Public,0.8663088208327481,12,47.11
12781,F,Professions_intermediaires,0,Lyon,Prive,0.8711865186285994,13,75.8
12782,F,Retraite,0,Lyon,Public,0.7546614283285642,11,64.33
12783,M,Professions_intermediaires,0,Lyon,Prive,0.2519995233546929,13,67.88
12784,M,Retraite,0,Bordeaux,Prive,0.32471227117035417,13,62.03
12785,M,Cadre,0,Paris,Prive,0.7774926047264488,11,81.35
12786,F,Retraite,0,Bordeaux,Prive,0.8051107035489788,12,75.1
12787,F,Professions_intermediaires,0,Toulouse,Prive,0.6591430499192835,11,95.34
12788,F,Cadre,0,Toulouse,Public,0.6611596892704428,12,90.91
12789,F,Employe,0,Nancy,Public,0.41418752553660904,10,69.07
12790,M,Employe,0,Paris,Prive,0.843227477626222,11,62.21
12791,F,Employe,1,Nancy,Prive,0.3537913811175526,11,51.92
12792,M,Agriculteur,0,Nancy,Public,0.1778931118125437,13,55.7
12793,F,Cadre,0,Bordeaux,Public,0.6602591617162565,13,98.66
12794,M,Cadre,0,Lyon,Prive,0.38344394678581223,12,97.65
12795,F,Cadre,0,Paris,Prive,0.24028682058266393,12,73.69
12796,F,Cadre,1,Paris,Public,0.6756007903589889,12,63.55
12797,F,Agriculteur,1,Lille,Public,0.13434378233133282,10,46.25
12798,M,Cadre,0,Marseille,Public,0.5908654004468449,12,74.57
12799,M,Cadre,0,Lyon,Public,0.4106763059580746,11,82.93
12800,M,Professions_intermediaires,0,Lyon,Prive,0.8202724472407299,13,78.44
12801,M,Professions_intermediaires,0,Marseille,Public,0.5914587169852448,12,75.29
12802,F,Cadre,0,Toulouse,Prive,0.7147675321288169,13,72.04
12803,F,Ouvrier,0,Lille,Public,0.2831245087066303,10,61.29
12804,F,Agriculteur,0,Nantes,Public,0.16118693636816062,13,84.17
12805,F,Professions_intermediaires,0,Nantes,Prive,0.42754216915675425,12,70.18
12806,F,Professions_intermediaires,0,Paris,Prive,0.6223447073806301,10,65.24
12807,F,Professions_intermediaires,0,Nancy,Public,0.5142563582011354,12,83.01
12808,M,Professions_intermediaires,0,Toulouse,Public,0.7301533812990926,12,71.25
12809,F,Retraite,0,Lyon,Public,0.6092849674528003,10,68.18
12810,F,Ouvrier,0,Toulouse,Public,0.29011446928372936,12,50.5
12811,F,Ouvrier,0,Nancy,Prive,0.5929287808213849,13,50.68
12812,M,Retraite,0,Paris,Public,0.5343881789844089,11,67.55
12813,M,Retraite,0,Lille,Public,0.7541648192076693,11,63.38
12814,M,Cadre,0,Bordeaux,Prive,0.3147939140390751,11,65.54
12815,F,Professions_intermediaires,0,Lille,Prive,0.3673509245945223,12,75.21
12816,F,Cadre,0,Paris,Prive,0.5793812397546575,13,100.0
12817,F,Retraite,0,Paris,Prive,0.7827572978691069,13,80.88
12818,M,Cadre,0,Lille,Public,0.46013186172588316,11,82.78
12819,F,Agriculteur,0,Lille,Public,0.6193062687393216,11,99.42
12820,F,Cadre,0,Bordeaux,Prive,0.5070444882037088,12,69.83
12821,F,Cadre,0,Lyon,Public,0.49151158083436114,12,90.49
12822,F,Agriculteur,1,Marseille,Prive,0.7303773029093065,11,71.06
12823,F,Cadre,1,Nantes,Public,0.5219723078716886,12,66.975
12824,M,Ouvrier,1,Lille,Public,0.41148812666501927,12,40.77
12825,M,Employe,1,Bordeaux,Prive,0.3996627390546982,10,39.12
12826,F,Retraite,0,Toulouse,Public,0.43858272740361187,13,61.09
12827,F,Cadre,0,Nantes,Prive,0.3615915409002435,11,86.15
12828,M,Ouvrier,0,Marseille,Public,0.45241613701892,13,43.07
12829,M,Retraite,0,Lyon,Public,0.5117689142221566,11,55.2
12830,M,Retraite,1,Toulouse,Prive,0.5573490475623678,12,45.6
12831,M,Cadre,1,Toulouse,Prive,0.3029576827906755,13,43.87
12832,F,Professions_intermediaires,0,Nancy,Prive,0.4158868937262885,10,70.34
12833,F,Agriculteur,1,Bordeaux,Prive,0.4256693210489558,10,34.17
12834,F,Ouvrier,0,Bordeaux,Public,0.3473316060027464,10,44.96
12835,F,Employe,0,Lyon,Public,0.38411799118290313,13,74.24
12836,F,Professions_intermediaires,0,Bordeaux,Public,0.6801463685042989,10,80.36
12837,F,Professions_intermediaires,1,Paris,Prive,0.7727972844915298,12,59.54
12838,M,Employe,0,Lille,Prive,0.4373960499860238,11,61.66
12839,M,Ouvrier,0,Toulouse,Public,0.35779889714670277,10,59.7
12840,M,Retraite,0,Lille,Public,0.48374669595293807,10,59.34
12841,F,Professions_intermediaires,0,Nantes,Public,0.5168589259556443,13,69.09
12842,F,Agriculteur,0,Lyon,Prive,0.638414790108228,11,81.96
12843,M,Cadre,0,Paris,Prive,0.4207245447591413,12,76.71
12844,M,Professions_intermediaires,1,Lille,Public,0.3915943403141644,11,63.68
12845,M,Cadre,0,Toulouse,Public,0.9903204171839146,12,89.79
12846,M,Cadre,1,Paris,Public,0.24128417212905995,10,65.06
12847,F,Agriculteur,0,Nancy,Prive,0.6802245399941993,13,75.77
12848,M,Retraite,0,Lille,Public,0.7979428217409112,13,75.61
12849,F,Agriculteur,1,Nancy,Prive,0.4492360767957701,12,50.99
12850,F,Agriculteur,1,Marseille,Prive,0.5879848305424877,13,57.86
12851,M,Ouvrier,0,Marseille,Prive,0.1646355399694226,13,66.975
12852,F,Professions_intermediaires,1,Marseille,Public,0.5049750478669085,11,47.68
12853,F,Retraite,0,Nancy,Prive,0.7319006323611464,13,84.0
12854,F,Cadre,0,Toulouse,Public,0.5240983573556405,11,83.35
12855,F,Professions_intermediaires,0,Marseille,Public,0.5076443506486686,13,59.36
12856,F,Employe,0,Lyon,Public,0.8468493675651503,10,82.29
12857,F,Employe,0,Paris,Prive,0.6638169471272454,11,79.57
12858,F,Agriculteur,0,Nantes,Prive,0.6416498942465191,10,77.14
12859,M,Employe,0,Nantes,Prive,0.3378857788931665,13,60.38
12860,F,Professions_intermediaires,0,Paris,Prive,0.011024871313367934,12,56.29
12861,M,Professions_intermediaires,0,Lyon,Prive,0.5746108178267226,10,70.88
12862,F,Retraite,0,Toulouse,Prive,0.5011075137577331,12,67.02
12863,M,Retraite,0,Nancy,Prive,0.6525068992454198,10,64.88
12864,F,Professions_intermediaires,0,Lille,Prive,0.524935410563943,13,66.65
12865,F,Ouvrier,0,Bordeaux,Public,0.5088760834831493,10,59.36
12866,F,Professions_intermediaires,0,Bordeaux,Public,0.5061334970721365,12,68.15
12867,M,Retraite,0,Bordeaux,Prive,0.27805949353543813,12,53.07
12868,M,Cadre,1,Nancy,Public,0.13099357484156138,10,62.43
12869,M,Professions_intermediaires,1,Lille,Public,0.3228747119526847,10,66.975
12870,M,Agriculteur,0,Lille,Public,0.2794735507645506,13,66.11
12871,M,Cadre,0,Toulouse,Prive,0.49084015374028966,10,78.93
12872,F,Cadre,0,Paris,Public,0.17339523976595023,13,66.975
12873,F,Cadre,0,Lille,Public,0.40482091558819194,10,75.07
12874,M,Retraite,0,Marseille,Prive,0.8858913228724912,13,70.5
12875,M,Cadre,0,Marseille,Public,0.48508526450409123,12,75.92
12876,F,Employe,0,Lyon,Prive,0.5096149259022718,13,71.32
12877,M,Professions_intermediaires,0,Nantes,Prive,0.5031003429824247,11,57.61
12878,M,Agriculteur,1,Lyon,Prive,0.5423887761951783,13,48.05
12879,F,Retraite,0,Lille,Prive,0.39471121900032496,11,51.25
12880,M,Retraite,0,Lyon,Prive,0.4669709270366427,11,57.32
12881,M,Agriculteur,1,Paris,Public,0.39160418375913214,13,42.52
12882,F,Agriculteur,0,Bordeaux,Prive,0.20141393727856471,13,69.28
12883,M,Cadre,0,Lyon,Public,0.734597290248058,10,73.87
12884,M,Cadre,0,Marseille,Prive,0.3235671837561761,12,63.17
12885,M,Professions_intermediaires,0,Paris,Prive,0.820119882043469,13,91.03
12886,M,Agriculteur,0,Bordeaux,Public,0.3470459214716722,11,61.42
12887,M,Professions_intermediaires,0,Lyon,Prive,0.2282872076595116,12,52.22
12888,M,Employe,0,Bordeaux,Public,0.8871793520472592,11,71.61
12889,M,Ouvrier,0,Marseille,Prive,0.20407059022530222,13,49.07
12890,F,Ouvrier,0,Toulouse,Prive,0.04707559112825216,12,46.21
12891,F,Cadre,0,Toulouse,Prive,0.21072333340131533,13,81.04
12892,F,Agriculteur,0,Nancy,Prive,0.47242544723976015,10,53.48
12893,F,Agriculteur,0,Nantes,Prive,0.2324458293702789,10,63.83
12894,M,Agriculteur,0,Lyon,Prive,0.3874784824256069,12,61.13
12895,M,Agriculteur,0,Lyon,Public,0.09331297344685169,10,58.29
12896,F,Ouvrier,0,Nantes,Prive,0.7174938907205085,11,74.1
12897,F,Retraite,0,Nantes,Prive,0.5839743547089276,13,76.2
12898,M,Retraite,0,Toulouse,Prive,0.24682906455644155,11,72.47
12899,F,Retraite,0,Paris,Prive,0.036895665987253745,10,37.9
12900,M,Cadre,0,Nantes,Public,0.31924611315037466,11,83.0
12901,F,Employe,0,Nancy,Prive,0.6300356957689829,10,78.05
12902,F,Retraite,0,Nancy,Prive,0.7153437494313087,13,64.69
12903,F,Employe,0,Toulouse,Prive,0.4528796631442418,12,66.93
12904,F,Agriculteur,1,Bordeaux,Public,0.39971036255038217,13,58.97
12905,M,Retraite,0,Marseille,Public,0.38428480021964984,11,59.3
12906,F,Retraite,0,Marseille,Public,0.5608701339046498,13,78.21
12907,F,Professions_intermediaires,1,Nantes,Public,0.6763037329325174,13,58.59
12908,F,Retraite,0,Marseille,Public,0.47137114471207875,12,68.67
12909,F,Agriculteur,0,Lille,Prive,0.4252255639246603,11,75.87
12910,M,Retraite,0,Toulouse,Prive,0.6561486317831734,13,57.3
12911,M,Cadre,0,Nancy,Public,0.7988739901688976,13,94.12
12912,M,Professions_intermediaires,0,Bordeaux,Public,0.4426763566325734,10,68.1
12913,M,Agriculteur,1,Bordeaux,Public,0.5169843965989385,13,59.01
12914,F,Employe,0,Nancy,Public,0.3497109599483651,12,62.15
12915,F,Employe,0,Marseille,Public,0.5160607729741286,11,66.975
12916,M,Cadre,0,Nantes,Prive,0.31469167864811187,11,72.15
12917,M,Cadre,1,Bordeaux,Public,0.7843726874376616,10,69.63
12918,M,Agriculteur,0,Paris,Public,0.6772270433265721,10,76.68
12919,F,Retraite,0,Bordeaux,Prive,0.8474050369276804,10,73.66
12920,M,Ouvrier,0,Lille,Public,0.3879987430008194,12,77.37
12921,M,Employe,0,Nancy,Public,0.9140730327800832,11,72.02
12922,F,Retraite,0,Lille,Prive,0.5489123973301389,10,58.7
12923,F,Professions_intermediaires,0,Toulouse,Public,0.4732413958650773,10,73.72
12924,M,Employe,1,Lyon,Prive,0.7516192322116739,13,55.6
12925,F,Professions_intermediaires,0,Toulouse,Public,0.29589592871341236,11,59.52
12926,M,Retraite,0,Paris,Prive,0.5067001198284716,13,75.93
12927,M,Cadre,0,Paris,Public,0.46872260600068466,11,81.0
12928,F,Cadre,0,Nancy,Public,0.5835120692932592,11,100.0
12929,F,Professions_intermediaires,0,Paris,Prive,0.41126372218571616,11,85.55
12930,M,Retraite,0,Paris,Prive,0.392118041232175,10,67.58
12931,F,Professions_intermediaires,0,Toulouse,Public,0.4238556668098754,10,73.63
12932,M,Retraite,0,Lyon,Prive,0.44190351649695303,13,53.62
12933,F,Agriculteur,0,Lyon,Public,0.5157311780762848,11,64.17
12934,F,Cadre,0,Nancy,Public,0.7576007036009214,13,81.48
12935,M,Cadre,0,Marseille,Prive,0.06870143065398232,11,64.44
12936,M,Agriculteur,0,Nancy,Public,0.6532813858814406,13,73.96
12937,M,Ouvrier,0,Toulouse,Public,0.40555773171202114,10,60.86
12938,M,Employe,0,Lyon,Public,0.4642200781499321,12,52.21
12939,M,Employe,0,Bordeaux,Prive,0.28265644678055313,10,57.83
12940,M,Agriculteur,0,Lille,Prive,0.5092309830578865,13,60.91
12941,M,Agriculteur,1,Bordeaux,Prive,0.42172464447442126,11,59.39
12942,F,Agriculteur,0,Lyon,Prive,0.45501109143158297,13,49.64
12943,F,Ouvrier,0,Nancy,Prive,0.6166250491900798,12,81.33
12944,M,Employe,0,Lyon,Public,0.6270725575246456,10,75.02
12945,M,Employe,0,Paris,Public,0.783995087490879,12,50.2
12946,M,Ouvrier,1,Lyon,Public,0.3815437053663096,13,31.62
12947,M,Employe,0,Nantes,Public,0.6364704762043153,10,74.02
12948,M,Cadre,0,Lille,Public,0.6267003838020565,13,80.66
12949,M,Retraite,0,Nancy,Prive,0.5175536265618623,11,61.93
12950,F,Employe,0,Lille,Prive,0.8370874708492637,12,96.4
12951,F,Retraite,0,Toulouse,Public,0.3723444921807081,10,58.89
12952,F,Agriculteur,0,Paris,Prive,0.530186814157626,11,60.43
12953,M,Ouvrier,1,Lille,Public,0.5609891844806163,12,49.59
12954,M,Employe,0,Bordeaux,Prive,0.260425660164195,13,49.11
12955,F,Cadre,0,Bordeaux,Prive,0.7529887572054377,11,97.39
12956,F,Retraite,0,Paris,Prive,0.4786800026511905,10,70.29
12957,F,Agriculteur,0,Lille,Prive,0.5874536232393323,12,87.86
12958,F,Retraite,0,Paris,Public,0.8159468620076555,13,76.18
12959,F,Employe,0,Paris,Public,0.5430024391712013,11,67.34
12960,F,Retraite,0,Paris,Prive,0.5080715495446996,10,65.41
12961,M,Retraite,0,Lille,Prive,0.5132820049621535,10,83.54
12962,M,Professions_intermediaires,1,Nantes,Prive,0.29901426575406465,12,50.14
12963,F,Ouvrier,0,Paris,Prive,0.42388498810953423,10,57.9
12964,F,Employe,0,Toulouse,Prive,0.46971287869480227,11,67.25
12965,M,Ouvrier,0,Nancy,Prive,0.5196393931948798,11,154.99694984069643
12966,M,Agriculteur,0,Nancy,Prive,0.7757281463342851,10,70.68
12967,M,Employe,0,Lyon,Public,0.6858267705893895,10,61.79
12968,M,Agriculteur,0,Paris,Public,0.3824740322295274,10,59.37
12969,F,Employe,0,Paris,Prive,0.49530504430192474,12,60.43
12970,M,Retraite,0,Lille,Public,0.7801551493622307,11,68.78
12971,M,Agriculteur,0,Nancy,Prive,0.15520388016252057,11,54.89
12972,M,Cadre,0,Lille,Public,0.4545028103446761,11,81.38
12973,M,Cadre,1,Nantes,Public,0.23876910482510377,10,56.89
12974,F,Ouvrier,0,Lyon,Prive,0.9886898627405662,10,74.62
12975,F,Ouvrier,0,Paris,Public,0.6544588394260246,13,56.23
12976,M,Retraite,0,Bordeaux,Public,0.4007502047578126,11,77.14
12977,F,Agriculteur,0,Lyon,Prive,0.49284410306407356,12,80.55
12978,F,Retraite,0,Bordeaux,Prive,0.33564723410330966,12,66.74
12979,F,Professions_intermediaires,0,Lille,Prive,0.8982719902410794,10,90.89
12980,M,Employe,1,Lille,Public,0.04135480799539443,12,26.69
12981,F,Ouvrier,0,Marseille,Prive,0.5654898028920412,11,57.69
12982,F,Agriculteur,0,Toulouse,Prive,0.4857649492736438,11,64.93
12983,M,Employe,0,Bordeaux,Public,0.2942479768118256,10,49.68
12984,M,Ouvrier,1,Lyon,Prive,0.449742479662488,12,35.49
12985,F,Ouvrier,0,Nancy,Public,0.17585483408094466,12,74.82
12986,M,Professions_intermediaires,1,Marseille,Public,0.8139643769264466,12,61.87
12987,M,Retraite,0,Nancy,Prive,0.5051239921851762,12,77.89
12988,F,Cadre,0,Bordeaux,Public,0.6830109550894363,12,100.0
12989,F,Retraite,0,Lille,Public,0.40308138168212104,13,54.88
12990,M,Cadre,0,Toulouse,Prive,0.7689174197053485,13,90.24
12991,F,Agriculteur,0,Marseille,Prive,0.506953982566545,13,66.08
12992,F,Employe,0,Paris,Prive,0.7145850983405806,13,81.61
12993,M,Professions_intermediaires,0,Bordeaux,Prive,0.6134860774619527,13,80.73
12994,F,Employe,1,Nantes,Public,0.4932738948248353,13,63.34
12995,F,Agriculteur,1,Toulouse,Prive,0.6999366963729033,11,55.76
12996,F,Cadre,0,Nantes,Public,1.3370784752294202,12,100.0
12997,F,Ouvrier,0,Toulouse,Prive,0.2737651434990155,12,50.73
12998,F,Employe,0,Toulouse,Prive,0.4758244275482258,11,54.78
12999,F,Cadre,0,Paris,Prive,0.24126565250270332,10,85.85
13000,M,Cadre,0,Nancy,Public,0.5829427098840589,10,87.16
13001,M,Employe,0,Nancy,Public,0.5451551944114206,13,72.98
13002,M,Professions_intermediaires,1,Toulouse,Public,0.888530134603033,12,75.29
13003,F,Retraite,0,Nancy,Public,0.4486756383286776,13,67.4
13004,F,Agriculteur,0,Nancy,Prive,0.6903706859562908,12,81.15
13005,F,Employe,1,Bordeaux,Public,0.08406614922940026,10,48.54
13006,M,Agriculteur,1,Paris,Prive,0.5303556206130376,12,47.34
13007,M,Retraite,0,Nancy,Public,0.3260382610038627,13,54.77
13008,M,Employe,0,Toulouse,Public,0.618454745717781,12,87.41
13009,M,Employe,0,Marseille,Prive,0.7302645903329605,11,75.54
13010,M,Ouvrier,0,Toulouse,Prive,0.3800112521104651,12,59.94
13011,F,Retraite,0,Bordeaux,Prive,0.6081144959186229,12,59.03
13012,F,Agriculteur,0,Lille,Prive,0.4286169207955311,10,70.15
13013,M,Cadre,0,Lyon,Prive,0.509461878130906,11,87.11
13014,M,Retraite,0,Paris,Public,0.5822666413925225,13,57.38
13015,F,Professions_intermediaires,1,Marseille,Prive,0.29920282959078726,12,66.975
13016,F,Retraite,1,Marseille,Public,0.30018460228141275,13,38.8
13017,M,Retraite,0,Paris,Public,0.6734525042800441,12,47.92
13018,M,Retraite,0,Toulouse,Prive,0.3645266862608818,10,56.31
13019,M,Cadre,0,Nancy,Public,0.7559377188641129,12,98.35
13020,M,Professions_intermediaires,0,Nantes,Prive,0.14498384237637874,12,58.11
13021,M,Employe,0,Bordeaux,Public,0.6870690947378894,12,92.88
13022,M,Retraite,0,Toulouse,Prive,0.5016485718236858,13,68.34
13023,F,Employe,0,Bordeaux,Public,0.4812859443334686,11,88.22
13024,F,Cadre,0,Marseille,Public,0.5294739773144136,12,76.23
13025,M,Professions_intermediaires,0,Lyon,Public,0.2108218696467271,13,56.75
13026,F,Agriculteur,0,Nancy,Public,0.7244145790944301,12,72.28
13027,F,Agriculteur,0,Toulouse,Prive,0.41394169119215374,10,56.19
13028,M,Retraite,0,Marseille,Prive,0.33314774273162195,13,56.22
13029,F,Agriculteur,0,Lille,Prive,0.9329094718244093,10,93.32
13030,F,Agriculteur,1,Nancy,Public,0.4302242840575207,13,45.19
13031,F,Professions_intermediaires,0,Nancy,Public,0.327272188625301,12,57.38
13032,F,Cadre,0,Bordeaux,Prive,0.6625827554628692,12,91.79
13033,M,Retraite,0,Marseille,Public,0.5526955101424472,13,77.06
13034,M,Cadre,1,Nancy,Public,0.701984466840587,11,51.61
13035,M,Professions_intermediaires,0,Lille,Prive,0.5166829953234343,10,62.21
13036,M,Employe,0,Nancy,Public,0.6910269245643259,13,71.71
13037,M,Cadre,0,Nantes,Public,0.910491632978061,12,82.25
13038,F,Cadre,0,Paris,Public,0.34842852839872585,13,80.66
13039,F,Employe,1,Bordeaux,Public,0.4082244687182508,11,59.45
13040,F,Agriculteur,0,Bordeaux,Prive,0.17947621824608123,10,59.05
13041,F,Agriculteur,0,Lille,Public,0.5759971972704512,10,75.29
13042,M,Agriculteur,1,Lille,Public,0.5250256543482116,12,53.31
13043,F,Ouvrier,0,Lyon,Prive,0.7525513108852279,10,59.92
13044,F,Employe,0,Toulouse,Public,0.4942776883272268,12,58.88
13045,F,Employe,0,Lille,Prive,0.4831576362682691,10,77.08
13046,F,Agriculteur,0,Nantes,Prive,0.539146738590284,10,70.8
13047,M,Retraite,1,Paris,Prive,0.45316683726461116,11,44.85
13048,F,Cadre,0,Nancy,Prive,0.5736073733983006,13,86.8
13049,F,Employe,0,Marseille,Prive,0.5452904114263354,10,68.34
13050,F,Professions_intermediaires,1,Bordeaux,Prive,0.6077892381242638,13,59.62
13051,F,Retraite,0,Nancy,Prive,0.45442584923758694,13,54.44
13052,M,Cadre,0,Marseille,Public,0.6100154958412641,10,89.93
13053,F,Employe,0,Toulouse,Public,0.6234223483494493,11,62.2
13054,F,Professions_intermediaires,0,Lille,Public,0.4347299350824929,12,95.0
13055,F,Retraite,0,Marseille,Prive,0.48366578442148145,11,70.65
13056,F,Agriculteur,0,Lyon,Prive,0.46481727304621695,10,71.27
13057,F,Professions_intermediaires,0,Paris,Public,0.25459690944367186,12,60.51
13058,M,Agriculteur,0,Lyon,Public,0.4028397232596636,10,75.8
13059,F,Ouvrier,0,Paris,Public,0.6521264360519193,10,60.58
13060,F,Agriculteur,0,Paris,Prive,0.6692339860532878,10,66.975
13061,F,Ouvrier,0,Nancy,Prive,0.5677103514093363,13,56.97
13062,F,Cadre,0,Nancy,Public,0.2973534579566621,12,63.81
13063,F,Cadre,0,Nantes,Prive,0.6957494757875038,13,100.0
13064,M,Agriculteur,0,Nancy,Prive,0.8704008279561859,13,81.36
13065,F,Employe,1,Lyon,Prive,0.6186764833966083,10,47.58
13066,M,Employe,1,Bordeaux,Prive,0.49944503766187487,12,64.68
13067,M,Retraite,0,Toulouse,Public,0.32721426709207524,11,60.03
13068,F,Cadre,1,Lyon,Public,0.4972096732194694,11,76.32
13069,M,Agriculteur,0,Bordeaux,Public,0.4010296326269358,11,51.12
13070,F,Professions_intermediaires,1,Bordeaux,Public,0.46018279537904977,10,51.67
13071,M,Professions_intermediaires,1,Toulouse,Prive,0.7578396458074576,12,57.05
13072,F,Agriculteur,0,Lyon,Public,0.6766264039881198,10,64.5
13073,F,Agriculteur,0,Paris,Prive,0.4314126191152413,10,60.03
13074,F,Retraite,0,Nantes,Public,0.5175695880271896,10,67.22
13075,M,Agriculteur,0,Lyon,Prive,0.49903001466744695,12,66.41
13076,M,Employe,0,Marseille,Public,0.4133358717473137,12,66.975
13077,F,Employe,0,Bordeaux,Public,0.23130218489222187,13,57.99
13078,M,Retraite,0,Toulouse,Public,0.6656053641024301,13,76.83
13079,M,Cadre,1,Nantes,Prive,0.736380736120207,10,58.0
13080,M,Employe,1,Marseille,Prive,0.3785156338499932,13,44.81
13081,F,Ouvrier,0,Lille,Public,0.36937658282481944,11,54.57
13082,M,Professions_intermediaires,0,Marseille,Public,0.6815562014758081,10,73.22
13083,F,Professions_intermediaires,0,Paris,Prive,0.36681253288516025,13,52.96
13084,F,Agriculteur,0,Bordeaux,Public,0.22266503956172295,10,63.04
13085,F,Agriculteur,1,Bordeaux,Prive,0.41119542896420913,11,42.02
13086,M,Agriculteur,0,Lille,Prive,0.7711998660182713,12,76.46
13087,M,Professions_intermediaires,0,Paris,Prive,0.39532209367573,13,99.36
13088,M,Retraite,0,Nancy,Public,0.3703382232358512,12,62.7
13089,M,Retraite,0,Bordeaux,Prive,0.40580456531573955,10,66.11
13090,F,Agriculteur,0,Toulouse,Prive,0.2698355447575558,10,57.39
13091,F,Cadre,0,Marseille,Prive,0.23648926075872706,12,81.27
13092,M,Employe,0,Marseille,Prive,0.4475322126358985,13,64.83
13093,M,Ouvrier,0,Paris,Prive,0.2194470762396437,10,46.39
13094,F,Retraite,0,Nancy,Public,0.42031482748156834,12,55.55
13095,F,Agriculteur,0,Nantes,Public,0.552695881753544,13,74.93
13096,M,Retraite,0,Toulouse,Prive,0.5753584495694415,12,59.6
13097,F,Agriculteur,0,Paris,Public,0.47186804398547105,11,60.4
13098,M,Cadre,0,Nantes,Prive,0.26033541030516183,13,90.59
13099,M,Ouvrier,0,Lille,Public,0.4177335141153148,10,71.95
13100,F,Ouvrier,1,Nancy,Prive,0.5690489716387038,11,34.66
13101,F,Agriculteur,0,Paris,Prive,0.624135785358379,10,81.75
13102,M,Employe,0,Toulouse,Public,0.4454038139515313,12,51.04
13103,F,Cadre,1,Nancy,Prive,0.3592207095364252,13,53.83
13104,F,Retraite,0,Lille,Public,0.5166181166999557,13,54.93
13105,F,Cadre,0,Toulouse,Prive,0.4292546244267795,10,79.43
13106,M,Retraite,0,Paris,Public,0.2963128084880219,13,59.5
13107,M,Professions_intermediaires,0,Bordeaux,Prive,0.561394013063926,12,64.04
13108,F,Agriculteur,0,Bordeaux,Public,0.5036883096386138,10,65.64
13109,M,Ouvrier,0,Lyon,Public,0.27848820891125836,10,46.59
13110,F,Cadre,0,Toulouse,Public,0.3737519310585867,10,84.81
13111,F,Employe,0,Paris,Prive,0.462061412201926,11,68.71
13112,F,Ouvrier,0,Paris,Prive,0.19519511317406807,12,67.28
13113,F,Retraite,0,Marseille,Prive,0.35461577591979204,11,46.54
13114,M,Professions_intermediaires,0,Paris,Prive,0.6263602617311881,10,86.95
13115,M,Cadre,0,Marseille,Public,0.4020224796040203,11,92.06
13116,F,Cadre,0,Bordeaux,Prive,0.3403085163536309,12,77.11
13117,M,Employe,0,Toulouse,Prive,0.7165427927498285,11,66.975
13118,M,Ouvrier,0,Lyon,Prive,0.5699038982945493,13,64.47
13119,M,Retraite,0,Nancy,Public,0.6390751028154802,13,76.09
13120,F,Ouvrier,0,Nantes,Public,0.3429430256233936,10,39.54
13121,F,Cadre,0,Nancy,Prive,0.44311843963339054,12,80.06
13122,F,Ouvrier,0,Marseille,Public,0.49784090264237496,10,65.34
13123,F,Retraite,0,Nantes,Public,0.5453625634417171,10,67.09
13124,F,Employe,0,Marseille,Prive,0.9571540022077119,12,78.76
13125,F,Cadre,0,Paris,Public,0.5168257327010335,13,71.18
13126,F,Agriculteur,0,Bordeaux,Public,0.7167634633724147,13,69.76
13127,M,Professions_intermediaires,0,Bordeaux,Prive,0.9576607349408413,13,147.50897971926884
13128,M,Cadre,0,Lyon,Public,0.8432226409541995,12,83.52
13129,M,Professions_intermediaires,0,Toulouse,Prive,0.5314814094126261,12,84.66
13130,F,Cadre,0,Paris,Public,0.7295224569514273,13,87.17
13131,M,Employe,0,Toulouse,Prive,0.5255098681158624,13,59.84
13132,M,Professions_intermediaires,0,Toulouse,Public,0.49220775549435697,12,91.46
13133,M,Cadre,0,Marseille,Prive,0.6682099853927217,10,91.72
13134,M,Retraite,0,Nancy,Public,0.6767211173240302,11,69.33
13135,M,Cadre,1,Bordeaux,Prive,0.601424960068327,11,65.04
13136,M,Agriculteur,1,Toulouse,Public,0.46649361931623734,10,41.19
13137,M,Employe,0,Nantes,Prive,0.4034142712491682,13,57.32
13138,M,Professions_intermediaires,0,Toulouse,Prive,0.2586414900716784,12,58.13
13139,M,Professions_intermediaires,0,Toulouse,Public,0.5324614379442867,11,71.7
13140,M,Agriculteur,0,Bordeaux,Prive,0.5473060442719658,11,55.4
13141,F,Cadre,0,Lyon,Prive,0.6660841919727094,13,97.25
13142,M,Agriculteur,0,Nantes,Prive,0.20816369231797222,10,55.51
13143,F,Ouvrier,0,Nancy,Prive,0.5208259138007723,12,69.67
13144,M,Agriculteur,0,Marseille,Prive,0.45950031609433734,11,59.59
13145,M,Agriculteur,0,Lyon,Public,0.4884992061633613,10,71.22
13146,M,Cadre,0,Nantes,Prive,0.7490485632676802,12,76.83
13147,F,Ouvrier,0,Paris,Public,0.7563259604319441,10,61.38
13148,M,Professions_intermediaires,0,Paris,Public,0.7031305664815155,13,73.77
13149,F,Agriculteur,0,Nancy,Public,0.518751225177178,10,72.16
13150,F,Cadre,0,Toulouse,Public,0.4621188429132239,13,73.35
13151,F,Ouvrier,0,Lyon,Prive,0.7408001587985422,12,79.85
13152,M,Cadre,0,Toulouse,Public,0.8420485751635185,12,157.4049646678481
13153,F,Retraite,1,Nantes,Public,0.8197620982757636,10,51.94
13154,F,Employe,0,Toulouse,Prive,0.597835647392214,10,66.975
13155,M,Professions_intermediaires,0,Nancy,Public,0.5079915006038409,10,76.91
13156,M,Cadre,1,Paris,Prive,0.6383375671848208,11,76.89
13157,F,Agriculteur,0,Bordeaux,Public,0.6510331317124943,11,64.42
13158,M,Cadre,1,Lyon,Prive,0.41997916806739,10,56.79
13159,F,Cadre,0,Lyon,Prive,0.4615362966730873,11,82.28
13160,M,Professions_intermediaires,0,Marseille,Public,1.1094807134942775,12,84.5
13161,F,Professions_intermediaires,0,Toulouse,Prive,0.4199162115352038,12,65.13
13162,M,Cadre,0,Marseille,Public,0.6703850384446886,12,91.31
13163,M,Employe,1,Nantes,Public,0.39712117659293283,13,55.28
13164,M,Ouvrier,1,Toulouse,Public,0.47512957268519174,11,38.79
13165,M,Agriculteur,0,Paris,Public,0.3156198927901037,13,55.8
13166,M,Cadre,0,Toulouse,Public,0.31610810851675714,10,69.88
13167,F,Professions_intermediaires,0,Paris,Prive,0.6234852335839322,12,100.0
13168,F,Cadre,0,Lyon,Prive,0.5996585886968739,13,83.72
13169,F,Retraite,0,Nancy,Public,0.868079143057544,10,78.11
13170,F,Agriculteur,0,Nancy,Public,0.5052049772047815,10,54.62
13171,M,Cadre,0,Bordeaux,Prive,0.5311029648556614,12,77.87
13172,F,Employe,0,Toulouse,Prive,0.4914241087376056,12,78.0
13173,M,Agriculteur,0,Nantes,Prive,0.30545764184190527,10,55.78
13174,F,Ouvrier,0,Paris,Prive,0.6178651992060926,12,56.64
13175,F,Ouvrier,0,Toulouse,Prive,0.4661637852591726,10,63.97
13176,M,Ouvrier,0,Lyon,Public,0.21288217961639916,12,47.73
13177,M,Cadre,0,Paris,Prive,0.7214632961469473,10,93.75
13178,M,Cadre,0,Nancy,Public,0.3851025103967874,10,75.5
13179,F,Employe,0,Paris,Public,0.5661186897593276,13,69.02
13180,M,Employe,1,Nancy,Public,0.5732230112386741,13,54.44
13181,M,Employe,0,Nantes,Public,0.5420388321217382,11,63.77
13182,F,Cadre,0,Nantes,Prive,0.2991330791860204,12,69.76
13183,M,Employe,0,Bordeaux,Public,0.7792360176006237,13,69.2
13184,M,Professions_intermediaires,1,Lyon,Prive,0.354265955185481,12,41.83
13185,F,Cadre,0,Bordeaux,Public,0.008763040015630663,12,70.22
13186,F,Retraite,0,Nancy,Public,0.6697069014920979,12,69.28
13187,F,Retraite,0,Toulouse,Public,0.6631584888595704,12,66.975
13188,M,Professions_intermediaires,0,Toulouse,Public,0.2610331055404532,10,76.87
13189,M,Professions_intermediaires,0,Lyon,Prive,0.4988762068984727,10,66.92
13190,M,Ouvrier,0,Nantes,Public,0.7160066533574326,11,64.56
13191,M,Professions_intermediaires,0,Nantes,Prive,0.7823870513905229,12,92.52
13192,F,Cadre,0,Bordeaux,Public,0.6224965683606151,13,91.11
13193,M,Employe,0,Nancy,Prive,0.6653789803381633,10,79.13
13194,F,Agriculteur,0,Lyon,Prive,0.6433729788301323,11,72.14
13195,M,Ouvrier,1,Bordeaux,Prive,0.4725663750530727,11,46.63
13196,F,Employe,0,Lille,Prive,0.2822043739206944,12,62.05
13197,F,Agriculteur,0,Lyon,Public,0.44775974508212707,12,55.66
13198,F,Retraite,1,Marseille,Public,0.7248492281684817,11,56.25
13199,F,Professions_intermediaires,1,Lille,Public,0.7229609658363365,12,63.72
13200,F,Professions_intermediaires,0,Lille,Prive,0.5406862455504913,13,76.74
13201,M,Retraite,0,Toulouse,Prive,0.4333140150057988,12,54.0
13202,F,Ouvrier,0,Marseille,Public,0.8469401960818262,13,83.13
13203,M,Cadre,0,Marseille,Public,0.5248020553137545,12,91.69
13204,F,Employe,0,Toulouse,Prive,0.6274753846636477,13,65.59
13205,M,Cadre,0,Marseille,Public,0.25869279689544533,12,91.49
13206,F,Retraite,0,Nancy,Prive,0.48879161779111197,12,77.56
13207,F,Professions_intermediaires,1,Paris,Public,0.7172412380886428,11,58.45
13208,F,Retraite,1,Paris,Prive,0.22611069310826865,12,31.77
13209,M,Professions_intermediaires,1,Paris,Public,0.4922627340625387,12,58.07
13210,M,Retraite,0,Bordeaux,Public,0.5817858221280561,13,64.04
13211,F,Employe,0,Lille,Public,0.7856994046992354,12,99.01
13212,F,Employe,0,Paris,Prive,0.6952019955911382,11,63.51
13213,M,Employe,0,Lille,Prive,0.8386303823563238,10,88.53
13214,M,Agriculteur,0,Lyon,Prive,0.6663654126562476,13,67.99
13215,F,Professions_intermediaires,0,Paris,Prive,0.6779245254202102,11,77.31
13216,F,Employe,0,Marseille,Public,0.3089336523100903,13,56.72
13217,M,Employe,1,Marseille,Public,0.30317438038360034,10,43.74
13218,F,Cadre,0,Lille,Public,0.8361223743985464,11,85.03
13219,F,Ouvrier,0,Paris,Public,0.4093045958569435,10,57.42
13220,F,Agriculteur,0,Lille,Prive,0.3916308424362201,11,55.75
13221,F,Retraite,0,Nantes,Public,0.0384837565079425,10,37.37
13222,M,Retraite,0,Toulouse,Public,0.7120460071295911,13,66.61
13223,F,Employe,0,Bordeaux,Public,0.27619512967802706,11,75.3
13224,F,Cadre,0,Nancy,Prive,0.3359416608036405,11,84.09
13225,F,Professions_intermediaires,0,Lille,Prive,0.7188628302086171,11,78.73
13226,M,Cadre,0,Lyon,Public,0.05824512822736644,10,97.75
13227,F,Cadre,1,Lille,Prive,0.7717466063090009,10,66.975
13228,F,Employe,0,Toulouse,Public,0.3341515024170941,10,67.33
13229,F,Ouvrier,0,Lille,Prive,0.4706185703009215,10,52.88
13230,M,Cadre,0,Lille,Prive,0.344830663430835,13,80.91
13231,M,Ouvrier,0,Nantes,Prive,0.23401544428344173,12,47.02
13232,F,Ouvrier,1,Nantes,Public,0.3482243316695629,11,32.03
13233,F,Professions_intermediaires,0,Toulouse,Prive,0.3345422131203495,11,74.24
13234,F,Retraite,1,Bordeaux,Public,0.2538051068081695,10,38.33
13235,F,Professions_intermediaires,1,Lyon,Public,0.8084981802926172,11,55.64
13236,M,Ouvrier,0,Marseille,Public,0.3060934382178716,11,43.56
13237,M,Retraite,0,Bordeaux,Public,0.12259022208208376,13,62.48
13238,F,Agriculteur,1,Nantes,Prive,0.08711178651598378,12,38.19
13239,F,Employe,1,Marseille,Prive,0.5871299902943812,10,39.24
13240,F,Employe,0,Lille,Public,0.1531878480124908,11,45.49
13241,M,Retraite,0,Bordeaux,Public,0.464363671783189,10,65.59
13242,M,Cadre,0,Lille,Prive,0.8939131498457853,10,89.76
13243,F,Ouvrier,0,Toulouse,Prive,0.5363827629946981,12,63.72
13244,F,Employe,0,Nancy,Prive,0.5648175168007818,11,92.65
13245,F,Employe,0,Bordeaux,Public,0.39406847701729725,10,73.34
13246,F,Cadre,0,Lyon,Public,0.497322789381655,12,85.02
13247,F,Cadre,0,Marseille,Prive,0.45684159424683757,11,66.975
13248,F,Professions_intermediaires,0,Lille,Public,0.5617442858085859,11,91.41
13249,M,Employe,1,Bordeaux,Public,0.8314290396355342,10,54.88
13250,F,Professions_intermediaires,0,Nancy,Public,0.4145923854836422,12,95.56
13251,F,Cadre,0,Paris,Public,0.3424190896682586,11,74.64
13252,M,Retraite,0,Paris,Public,0.48489360661985037,12,51.99
13253,M,Agriculteur,0,Nancy,Public,0.6920289530750927,11,85.08
13254,M,Employe,0,Paris,Prive,0.432317252720702,12,67.69
13255,M,Ouvrier,1,Lyon,Prive,0.5533087458837609,12,52.33
13256,M,Professions_intermediaires,1,Nancy,Prive,0.6022713187308225,10,45.2
13257,F,Cadre,0,Lille,Prive,0.9305214265828592,10,83.81
13258,F,Retraite,0,Nantes,Prive,0.6845042825290145,11,66.975
13259,F,Cadre,0,Toulouse,Public,0.3254558389073263,11,66.975
13260,M,Employe,0,Lille,Prive,0.06175753918767296,13,52.65
13261,M,Cadre,0,Nancy,Prive,0.5300758361196436,10,67.8
13262,M,Retraite,1,Lille,Public,0.3589705437992129,10,41.57
13263,M,Ouvrier,0,Lyon,Prive,0.4028427054630123,11,56.99
13264,F,Retraite,0,Nancy,Prive,0.3008013959790652,13,53.05
13265,M,Employe,0,Lille,Prive,0.39894733619630596,11,69.37
13266,M,Retraite,0,Lille,Public,0.3949550027082609,11,63.12
13267,M,Professions_intermediaires,0,Nantes,Prive,0.4768605142811966,13,85.45
13268,M,Professions_intermediaires,0,Lyon,Prive,0.36544782092747163,12,87.66
13269,F,Employe,0,Nancy,Prive,0.3565760202481528,13,66.54
13270,M,Agriculteur,1,Paris,Prive,0.6060035704573096,11,54.22
13271,F,Professions_intermediaires,0,Toulouse,Public,0.49948975500675497,10,80.74
13272,F,Cadre,0,Paris,Public,0.500894357454356,12,100.0
13273,F,Cadre,0,Nantes,Public,0.49012236654564845,11,72.6
13274,F,Professions_intermediaires,0,Nantes,Prive,0.3209910506076552,10,66.44
13275,M,Cadre,0,Paris,Public,0.7873613956262899,12,77.91
13276,M,Retraite,0,Lille,Public,0.9064631333536749,13,67.28
13277,F,Ouvrier,0,Nantes,Prive,0.747701503669687,13,63.47
13278,M,Employe,1,Nantes,Prive,0.1471562011581985,10,31.34
13279,F,Retraite,1,Toulouse,Public,0.36767414501446183,13,46.34
13280,F,Agriculteur,1,Lille,Public,0.6415993002651676,10,57.14
13281,M,Cadre,0,Lille,Public,0.34997804789133746,12,80.63
13282,F,Professions_intermediaires,0,Nancy,Public,0.3597881106226122,10,75.32
13283,M,Ouvrier,0,Toulouse,Prive,0.22573422977876906,12,69.94
13284,M,Employe,0,Nantes,Prive,0.42753743001530337,13,68.64
13285,M,Retraite,0,Paris,Public,0.335688885779017,10,48.39
13286,F,Professions_intermediaires,0,Marseille,Public,0.021801468294152526,13,57.84
13287,M,Ouvrier,0,Paris,Public,0.730289155859791,10,66.975
13288,F,Agriculteur,0,Nantes,Public,0.5833387243590183,11,84.07
13289,M,Cadre,0,Paris,Prive,0.23287507412413821,10,73.58
13290,M,Professions_intermediaires,1,Nantes,Prive,0.6735854384973982,10,66.975
13291,F,Retraite,0,Nancy,Prive,0.5253782028087074,11,55.77
13292,F,Retraite,0,Toulouse,Prive,0.7318500913300572,13,66.975
13293,F,Ouvrier,0,Bordeaux,Public,0.6468532041043515,13,59.19
13294,F,Cadre,0,Paris,Public,0.34493554911417723,10,75.21
13295,F,Employe,0,Nantes,Prive,0.6337789995837995,12,79.31
13296,F,Retraite,1,Marseille,Public,0.642244262694035,10,45.99
13297,M,Agriculteur,0,Nantes,Public,0.71110810650417,13,71.92
13298,M,Professions_intermediaires,0,Lille,Public,0.6994870901579778,10,85.12
13299,F,Ouvrier,1,Nancy,Prive,0.9156592282892462,13,58.05
13300,F,Agriculteur,0,Nancy,Public,0.6905199881501545,11,68.19
13301,M,Professions_intermediaires,0,Lille,Public,0.34309586914261997,10,81.4
13302,M,Employe,0,Toulouse,Prive,0.5354599938660135,13,67.57
13303,M,Cadre,0,Toulouse,Public,0.29018923338331004,10,74.07
13304,M,Cadre,0,Lille,Prive,0.7418778790523874,12,97.52
13305,M,Employe,0,Toulouse,Public,0.3287438325639431,12,66.76
13306,M,Retraite,0,Marseille,Prive,0.9462299010229183,11,76.46
13307,M,Retraite,1,Paris,Prive,0.44151562849012765,12,39.45
13308,M,Ouvrier,0,Marseille,Public,0.49121374245987715,13,59.79
13309,F,Retraite,0,Lyon,Prive,0.40706264721219687,12,56.88
13310,M,Cadre,1,Nantes,Prive,0.3566174122905596,13,58.94
13311,M,Agriculteur,0,Nancy,Public,0.39393080271826475,11,61.88
13312,F,Agriculteur,0,Marseille,Public,0.5463349043528462,10,72.71
13313,F,Professions_intermediaires,0,Lille,Public,0.5035293861488376,11,89.42
13314,M,Agriculteur,0,Toulouse,Prive,0.4146033679775596,10,64.54
13315,M,Agriculteur,1,Toulouse,Public,0.5612980624067809,10,56.41
13316,M,Retraite,0,Bordeaux,Prive,0.3914327764483541,10,62.81
13317,M,Cadre,0,Marseille,Public,0.49900274633828107,10,94.31
13318,M,Agriculteur,0,Toulouse,Prive,0.8531624688805952,11,91.1
13319,F,Retraite,0,Bordeaux,Prive,0.3853842243034662,11,58.37
13320,F,Retraite,0,Marseille,Public,0.43932358591209203,10,152.3389839117282
13321,F,Ouvrier,0,Toulouse,Prive,0.26903403597779824,12,45.2
13322,F,Cadre,0,Paris,Public,0.43233152006487224,11,92.88
13323,M,Professions_intermediaires,0,Nantes,Public,0.5749160457449065,11,78.51
13324,M,Professions_intermediaires,0,Nantes,Prive,0.39427923132366055,10,62.88
13325,F,Professions_intermediaires,0,Bordeaux,Prive,0.2731613496115694,11,84.93
13326,F,Retraite,0,Nancy,Public,0.5722983455616252,13,64.23
13327,M,Professions_intermediaires,1,Lille,Prive,0.5934562016066178,10,52.83
13328,M,Agriculteur,1,Nantes,Public,0.6227962762917872,11,48.07
13329,M,Retraite,1,Toulouse,Public,0.2521783588592631,11,49.94
13330,F,Ouvrier,0,Nancy,Prive,0.7741078565262447,12,60.64
13331,M,Professions_intermediaires,0,Lille,Public,0.4024247998544921,13,83.38
13332,M,Cadre,0,Lyon,Prive,0.29846006202201236,12,84.63
13333,M,Retraite,1,Nantes,Prive,0.704908072914732,12,60.8
13334,M,Professions_intermediaires,1,Marseille,Public,0.7670547828214171,13,66.77
13335,M,Professions_intermediaires,0,Paris,Public,0.43693337627512724,12,75.78
13336,F,Agriculteur,0,Toulouse,Public,0.33345597494396384,11,72.1
13337,F,Employe,0,Nancy,Prive,0.5884611258308742,12,71.29
13338,F,Professions_intermediaires,0,Bordeaux,Prive,0.23350816415869463,11,63.29
13339,M,Agriculteur,0,Lyon,Public,1.0103154994013677,13,85.18
13340,M,Agriculteur,0,Nancy,Public,0.2935750961903122,11,62.81
13341,F,Employe,0,Bordeaux,Prive,0.571232087958985,12,81.43
13342,F,Retraite,0,Bordeaux,Prive,0.46785221005247046,10,75.84
13343,F,Ouvrier,0,Nantes,Prive,0.31604972732989156,12,62.71
13344,F,Employe,0,Nantes,Prive,0.31284080684792825,10,73.31
13345,M,Retraite,0,Toulouse,Public,0.7255459842963566,12,73.4
13346,M,Professions_intermediaires,0,Marseille,Prive,0.5734517216870199,10,80.14
13347,F,Professions_intermediaires,0,Lille,Public,0.360777664204161,10,66.74
13348,F,Professions_intermediaires,0,Lille,Prive,0.3880140127474692,12,75.32
13349,M,Retraite,0,Lyon,Prive,0.3372700086521556,12,64.43
13350,M,Employe,0,Toulouse,Prive,0.6762079916688422,13,74.19
13351,F,Employe,0,Nantes,Prive,0.6844635350486163,13,75.01
13352,F,Cadre,0,Bordeaux,Prive,0.6054681744535082,11,89.72
13353,F,Retraite,0,Nantes,Prive,0.5507503711497957,13,85.35
13354,F,Professions_intermediaires,0,Lyon,Public,0.6253278221897831,13,79.48
13355,M,Agriculteur,0,Lille,Prive,0.17020716763097754,10,67.44
13356,M,Agriculteur,0,Lyon,Prive,0.5550295506080476,11,69.5
13357,M,Retraite,0,Paris,Public,0.7136896103541541,12,71.78
13358,F,Cadre,0,Bordeaux,Public,0.5461988007714496,12,78.93
13359,F,Cadre,0,Lille,Prive,0.5105929605910716,13,80.61
13360,F,Ouvrier,1,Marseille,Prive,0.3728009419807644,12,34.45
13361,M,Ouvrier,0,Lyon,Prive,0.3861186568546553,11,45.07
13362,M,Cadre,0,Lille,Public,0.3953416449578563,10,82.97
13363,F,Agriculteur,0,Paris,Public,0.5446029922668605,13,62.62
13364,M,Retraite,0,Bordeaux,Public,0.4029827271167376,11,52.36
13365,F,Cadre,1,Lyon,Public,0.135319949097143,13,77.05
13366,M,Professions_intermediaires,0,Bordeaux,Prive,0.6595487409710248,13,88.11
13367,F,Agriculteur,0,Paris,Public,0.6044430771465132,12,90.53
13368,M,Employe,1,Toulouse,Public,0.5710529820024002,10,48.26
13369,M,Ouvrier,0,Toulouse,Prive,0.31263060962494815,12,53.52
13370,F,Retraite,0,Lille,Public,0.4015460760873004,11,67.31
13371,F,Professions_intermediaires,0,Bordeaux,Public,0.6037978671031196,12,81.67
13372,F,Ouvrier,0,Lille,Prive,0.505286692554834,11,59.03
13373,F,Employe,0,Nancy,Public,0.36041193389953585,10,59.11
13374,M,Employe,0,Marseille,Prive,0.7599280453168881,12,78.61
13375,M,Employe,0,Toulouse,Public,0.33057772560290094,13,49.56
13376,M,Cadre,0,Nancy,Prive,-0.0970101403089959,10,76.65
13377,F,Agriculteur,0,Nancy,Prive,0.5174629952766042,10,67.73
13378,M,Agriculteur,0,Lille,Prive,0.5259805847979662,11,76.12
13379,F,Retraite,0,Lille,Public,0.5115950202294539,12,75.96
13380,F,Retraite,0,Paris,Public,0.5803612937322464,11,72.97
13381,M,Employe,0,Nantes,Public,0.3886038975413419,12,54.58
13382,F,Ouvrier,1,Marseille,Prive,0.7052223932315954,11,33.02
13383,M,Ouvrier,0,Nancy,Public,0.226764075738198,11,40.29
13384,F,Agriculteur,0,Lille,Public,0.4957169102632376,11,65.38
13385,F,Cadre,0,Lille,Prive,0.37483907096532343,11,69.86
13386,M,Agriculteur,0,Toulouse,Public,0.7013500762601304,11,72.28
13387,M,Cadre,0,Paris,Public,0.3410990512289639,10,72.69
13388,M,Retraite,0,Lille,Public,0.5141883322730404,12,59.38
13389,F,Professions_intermediaires,0,Lille,Prive,0.517027239012913,13,75.98
13390,F,Retraite,0,Toulouse,Prive,0.5391638348722584,11,70.04
13391,F,Employe,1,Lyon,Prive,0.3540216813626379,11,38.23
13392,F,Agriculteur,0,Nancy,Public,0.5731365394028735,13,67.38
13393,M,Professions_intermediaires,0,Nantes,Public,0.5057223240863011,11,77.41
13394,F,Employe,0,Toulouse,Public,0.568679918807632,11,68.99
13395,F,Employe,0,Paris,Prive,0.8148825453625597,11,74.14
13396,F,Employe,0,Toulouse,Prive,0.5232073271876932,10,75.23
13397,F,Ouvrier,0,Nancy,Prive,0.30098435522690425,11,49.12
13398,M,Retraite,1,Lille,Prive,0.8922053375837654,11,60.15
13399,M,Employe,0,Nantes,Public,0.695820407336339,11,91.92
13400,M,Professions_intermediaires,0,Bordeaux,Prive,0.6308057456101803,13,79.46
13401,M,Professions_intermediaires,0,Toulouse,Prive,0.46347063761262647,13,69.22
13402,F,Professions_intermediaires,0,Lille,Public,0.6479395437223336,10,65.77
13403,F,Professions_intermediaires,0,Lyon,Public,0.08852300092095822,10,62.02
13404,M,Retraite,0,Marseille,Public,0.8092491860457791,11,74.1
13405,F,Retraite,0,Nantes,Public,0.6792656284805048,12,68.42
13406,M,Retraite,0,Lille,Prive,0.4645869912347631,13,62.76
13407,F,Cadre,0,Nantes,Public,0.6741874605445469,13,88.36
13408,F,Agriculteur,1,Bordeaux,Prive,0.6237669207286155,10,47.77
13409,F,Employe,1,Lille,Public,0.2981255108460408,12,43.55
13410,F,Retraite,0,Lyon,Public,0.5357844256024962,13,59.02
13411,M,Employe,0,Bordeaux,Prive,0.5750046686340992,10,69.54
13412,F,Ouvrier,0,Toulouse,Prive,0.4732303818788577,11,62.32
13413,F,Agriculteur,0,Nancy,Public,0.456152241383905,11,81.12
13414,F,Agriculteur,0,Lyon,Public,0.6802502359267804,10,66.55
13415,F,Ouvrier,0,Toulouse,Public,0.5351991063555149,11,68.88
13416,M,Retraite,0,Lyon,Public,0.8755651099706667,13,79.89
13417,M,Ouvrier,0,Bordeaux,Prive,0.3693597294359372,10,54.87
13418,M,Ouvrier,0,Lille,Public,0.5818912841536574,11,55.8
13419,F,Retraite,0,Paris,Prive,0.3159076439530773,13,73.48
13420,F,Employe,0,Lille,Prive,0.635497557050573,10,66.975
13421,F,Employe,1,Bordeaux,Public,0.27712833134325754,13,36.28
13422,F,Agriculteur,0,Paris,Prive,0.5576409676363427,12,61.12
13423,M,Professions_intermediaires,0,Nancy,Public,0.7361252757012581,10,73.11
13424,M,Professions_intermediaires,0,Lyon,Public,0.5103952454448196,13,72.11
13425,M,Retraite,0,Nantes,Prive,0.30186709906273523,10,72.99
13426,F,Ouvrier,0,Marseille,Prive,0.6890159857549649,11,61.87
13427,F,Retraite,0,Paris,Public,0.5720398958791155,13,86.02
13428,M,Employe,1,Nantes,Public,0.4829555981899393,12,54.73
13429,F,Professions_intermediaires,0,Nancy,Prive,0.30644636630923605,11,66.71
13430,M,Employe,0,Nancy,Public,0.17792688126986117,10,55.48
13431,F,Employe,0,Nantes,Prive,0.9503196402921144,10,80.17
13432,M,Employe,0,Nancy,Prive,0.38536263010628535,10,65.16
13433,M,Professions_intermediaires,0,Nantes,Prive,0.3014113918660451,10,59.15
13434,M,Retraite,1,Nancy,Public,0.5629323711826055,10,38.81
13435,F,Ouvrier,0,Paris,Prive,0.29638042675347304,12,43.1
13436,M,Professions_intermediaires,0,Lille,Prive,0.5996294311681667,13,92.02
13437,M,Retraite,1,Lille,Prive,0.7702122741640263,13,51.2
13438,M,Agriculteur,0,Marseille,Prive,0.2884256292253675,10,60.54
13439,F,Retraite,1,Bordeaux,Public,0.440250302152791,13,38.16
13440,F,Ouvrier,0,Paris,Prive,0.5861688677790426,13,58.38
13441,M,Cadre,0,Marseille,Prive,0.25637445749538257,12,65.44
13442,F,Cadre,0,Nancy,Prive,0.31782391276738486,11,82.96
13443,F,Professions_intermediaires,1,Marseille,Prive,0.47664890002560567,11,61.97
13444,F,Employe,1,Lille,Prive,0.8921495156454233,11,71.23
13445,F,Employe,0,Paris,Prive,0.3294409812634254,10,71.88
13446,F,Retraite,0,Bordeaux,Public,0.4434402793796397,12,70.99
13447,F,Employe,0,Nancy,Public,0.9959153032771941,12,89.91
13448,F,Retraite,0,Lille,Prive,0.6590300595106571,10,67.6
13449,F,Ouvrier,0,Nantes,Prive,0.16114810730205564,10,41.97
13450,F,Cadre,0,Lille,Public,0.4532926019646013,10,91.47
13451,F,Professions_intermediaires,0,Nantes,Public,0.6169930476174798,11,71.65
13452,F,Retraite,0,Lyon,Prive,0.7893357353945389,11,71.06
13453,F,Agriculteur,0,Toulouse,Public,0.778573081950872,12,66.53
13454,F,Ouvrier,0,Bordeaux,Prive,0.6120148220256935,11,74.35
13455,F,Agriculteur,0,Lille,Prive,0.6433844797196467,11,80.3
13456,F,Employe,0,Nantes,Public,0.24019309782909676,11,50.16
13457,F,Retraite,1,Bordeaux,Prive,0.3614880172087078,12,43.37
13458,M,Agriculteur,0,Paris,Public,0.2405428612828135,10,71.66
13459,F,Employe,1,Toulouse,Public,0.7061003786736579,11,51.89
13460,M,Cadre,0,Bordeaux,Prive,0.5753243511875843,11,85.52
13461,M,Agriculteur,0,Nantes,Prive,0.5212620576648368,13,77.17
13462,M,Retraite,0,Marseille,Prive,0.80870757127979,13,68.41
13463,M,Professions_intermediaires,0,Toulouse,Prive,0.6076342256023615,13,75.6
13464,M,Employe,0,Nantes,Prive,0.727622510758818,12,79.08
13465,M,Cadre,0,Nantes,Prive,0.6512679836831062,13,78.27
13466,M,Agriculteur,0,Lyon,Public,0.670771116842835,13,65.61
13467,F,Professions_intermediaires,0,Marseille,Prive,0.2914696592417496,13,55.52
13468,M,Employe,0,Marseille,Prive,0.6948470350945812,11,89.36
13469,F,Employe,0,Bordeaux,Prive,0.5946284765503593,11,66.975
13470,F,Employe,0,Bordeaux,Prive,0.41822017834456204,11,76.15
13471,M,Cadre,0,Nantes,Prive,0.6368955923222781,12,76.28
13472,M,Cadre,0,Nancy,Prive,0.7571687748610638,11,100.0
13473,F,Professions_intermediaires,1,Lille,Prive,0.48036430066712815,12,52.42
13474,F,Retraite,0,Paris,Public,0.3500868702632214,10,74.59
13475,M,Professions_intermediaires,0,Nancy,Prive,0.35931542510532255,10,69.09
13476,M,Professions_intermediaires,0,Lyon,Public,0.22095201348875765,11,58.1
13477,F,Cadre,1,Nancy,Prive,0.46627795562070984,13,74.54
13478,M,Professions_intermediaires,0,Lille,Public,0.6180428875303748,11,77.13
13479,F,Retraite,0,Lille,Prive,0.846742916440167,11,62.58
13480,F,Ouvrier,0,Lille,Prive,0.33884395248131427,12,43.15
13481,F,Cadre,0,Toulouse,Prive,0.5718485287200173,13,90.82
13482,M,Ouvrier,0,Bordeaux,Public,0.5045297986059758,10,59.85
13483,F,Employe,0,Toulouse,Prive,0.498279627498569,11,70.32
13484,F,Ouvrier,0,Paris,Prive,0.19403987046722643,13,56.87
13485,F,Professions_intermediaires,0,Marseille,Public,0.2978306926589507,13,69.77
13486,F,Agriculteur,0,Bordeaux,Prive,0.8629281926568244,13,80.9
13487,M,Retraite,0,Paris,Prive,0.701853367706466,11,74.93
13488,F,Employe,0,Bordeaux,Prive,0.556572035564422,12,68.41
13489,M,Agriculteur,0,Toulouse,Prive,0.5923717653584362,13,74.71
13490,F,Employe,0,Toulouse,Public,0.6486880149928917,11,76.92
13491,F,Employe,0,Bordeaux,Public,0.41035306138379896,13,76.16
13492,F,Professions_intermediaires,0,Lyon,Public,0.4185785977382004,12,53.62
13493,F,Agriculteur,0,Marseille,Public,0.37682952395224656,10,62.92
13494,M,Professions_intermediaires,0,Lyon,Prive,0.5337781132975,10,79.7
13495,F,Ouvrier,0,Paris,Prive,0.2698793712426403,12,75.3
13496,M,Cadre,0,Paris,Public,0.3671984324098362,12,91.71
13497,M,Employe,0,Paris,Prive,0.6012114482167706,13,80.05
13498,F,Ouvrier,0,Bordeaux,Public,0.42941326001296615,11,83.86
13499,F,Ouvrier,0,Marseille,Public,0.14988399271034214,12,53.03
13500,M,Cadre,0,Marseille,Public,0.4241563072730865,13,100.0
13501,F,Ouvrier,0,Nantes,Public,0.6090981968311326,12,70.05
13502,F,Agriculteur,0,Nancy,Prive,0.5232013420020925,11,61.19
13503,F,Ouvrier,0,Paris,Public,0.16204673097697192,13,38.67
13504,F,Employe,0,Nancy,Prive,0.7064597063832543,12,71.0
13505,F,Retraite,0,Bordeaux,Prive,0.45070382390553915,11,70.37
13506,M,Agriculteur,0,Nancy,Public,0.5678105345306993,13,67.1
13507,M,Professions_intermediaires,0,Nantes,Public,0.708943843966961,10,79.66
13508,M,Ouvrier,0,Nancy,Prive,0.47524211605741273,13,76.71
13509,F,Ouvrier,1,Nantes,Public,0.11818719160077962,10,33.51
13510,F,Retraite,0,Nancy,Public,0.8511048132275867,10,90.9
13511,M,Agriculteur,0,Bordeaux,Public,0.05846574406188365,10,65.25
13512,F,Retraite,0,Lyon,Public,0.43348903252527116,12,73.63
13513,F,Agriculteur,0,Lille,Prive,0.7591345679002997,10,73.17
13514,M,Ouvrier,0,Paris,Prive,0.36054465215348297,13,56.27
13515,F,Agriculteur,0,Lille,Prive,0.3723736715659065,10,66.85
13516,M,Cadre,0,Nancy,Public,0.4566553592372383,11,82.26
13517,F,Agriculteur,1,Marseille,Public,0.463869135156014,11,54.56
13518,F,Cadre,0,Toulouse,Prive,0.3279457969168047,10,93.33
13519,M,Agriculteur,1,Paris,Public,0.3728272937678039,13,67.37
13520,F,Retraite,0,Toulouse,Public,0.7149460564217843,13,63.94
13521,M,Retraite,1,Paris,Public,0.39376067515476265,13,41.65
13522,F,Professions_intermediaires,0,Toulouse,Public,0.6004958099664873,13,86.66
13523,F,Employe,0,Lyon,Public,0.3174339581028444,10,65.04
13524,M,Professions_intermediaires,0,Paris,Prive,0.7768891280146255,10,68.43
13525,M,Cadre,0,Bordeaux,Public,0.6875271559078735,13,95.28
13526,M,Employe,0,Lyon,Prive,0.4820774257375239,10,59.38
13527,M,Agriculteur,0,Marseille,Public,0.6282678567226834,12,72.59
13528,M,Ouvrier,0,Bordeaux,Prive,0.804375708738587,10,82.18
13529,M,Cadre,0,Nancy,Public,0.2996347713328926,12,85.94
13530,F,Agriculteur,0,Nancy,Prive,0.28881942229498836,13,70.53
13531,M,Retraite,1,Toulouse,Public,0.5747881819443966,10,59.08
13532,M,Professions_intermediaires,0,Nancy,Prive,0.24144161483005805,13,67.19
13533,F,Retraite,0,Bordeaux,Prive,0.18955649296069987,11,61.75
13534,M,Agriculteur,0,Lyon,Public,0.17935588747932463,11,59.34
13535,F,Employe,1,Lille,Public,0.5296900196878546,13,56.23
13536,F,Retraite,0,Nantes,Prive,0.09290400725994424,13,44.56
13537,F,Cadre,0,Toulouse,Public,0.4193246245160555,12,75.74
13538,M,Professions_intermediaires,1,Marseille,Prive,-0.1860632210722699,10,39.2
13539,F,Employe,0,Bordeaux,Prive,0.5875731686726233,11,75.86
13540,F,Professions_intermediaires,0,Nancy,Prive,0.6009766818163796,11,94.86
13541,F,Agriculteur,0,Nantes,Prive,0.4575123459872185,13,60.52
13542,F,Retraite,0,Toulouse,Public,0.7363284278039937,10,70.12
13543,F,Retraite,1,Toulouse,Prive,0.6590994859470478,13,51.3
13544,M,Agriculteur,1,Toulouse,Prive,0.34172208820028127,13,34.17
13545,M,Professions_intermediaires,0,Marseille,Prive,0.3245120051185629,10,63.4
13546,F,Retraite,0,Nantes,Public,0.6767272241703393,10,53.23
13547,M,Ouvrier,1,Nantes,Public,0.6369530028044553,13,48.0
13548,M,Retraite,0,Paris,Prive,0.44618929457171674,13,55.57
13549,F,Employe,0,Paris,Prive,0.14809334004838526,11,71.8
13550,M,Cadre,1,Paris,Public,0.6858534106979044,13,71.86
13551,M,Retraite,0,Marseille,Prive,0.5133506323586898,13,62.56
13552,F,Agriculteur,0,Paris,Prive,0.4884105901042783,13,62.49
13553,M,Retraite,0,Nancy,Public,-0.06783257357220307,11,54.96
13554,F,Agriculteur,0,Lille,Public,0.6065620342433715,12,69.55
13555,F,Professions_intermediaires,0,Bordeaux,Prive,0.48779275680359707,10,80.09
13556,M,Employe,0,Lille,Public,0.39196793081034703,12,75.02
13557,F,Retraite,0,Lyon,Prive,0.3326946186502012,10,54.99
13558,F,Professions_intermediaires,0,Bordeaux,Public,0.5221695805374774,10,72.09
13559,M,Agriculteur,1,Bordeaux,Prive,0.5935931704561108,11,61.57
13560,M,Cadre,1,Toulouse,Prive,0.423573196374912,10,74.83
13561,F,Retraite,0,Bordeaux,Public,0.6118621064321392,11,59.27
13562,F,Cadre,0,Paris,Public,0.26954050849546407,12,72.88
13563,F,Employe,0,Nancy,Public,0.3695321824591278,13,57.98
13564,F,Employe,0,Nantes,Prive,0.6372550286781344,11,73.66
13565,M,Agriculteur,0,Toulouse,Public,0.4191074942259337,12,53.7
13566,M,Agriculteur,0,Lyon,Prive,0.8433608841646001,11,75.86
13567,F,Employe,1,Paris,Public,0.5553883619027665,12,49.36
13568,F,Agriculteur,1,Marseille,Prive,0.26639660575146207,10,38.83
13569,M,Retraite,0,Nantes,Public,0.18619596674883548,12,57.91
13570,M,Professions_intermediaires,1,Nantes,Public,0.6568797616423157,12,58.25
13571,F,Retraite,0,Nancy,Public,0.3785696847278665,12,59.61
13572,M,Ouvrier,0,Marseille,Public,0.6833525873780909,10,79.16
13573,F,Cadre,0,Marseille,Prive,0.3919449766758939,13,79.45
13574,F,Professions_intermediaires,1,Nantes,Prive,0.5483958054512813,10,56.94
13575,M,Cadre,0,Nancy,Public,0.43291462480073106,10,77.1
13576,M,Ouvrier,0,Nantes,Prive,0.5510954681100132,10,69.85
13577,M,Cadre,0,Marseille,Public,0.6458702140299915,12,77.0
13578,M,Cadre,0,Nantes,Public,0.5038264412354818,10,85.42
13579,F,Employe,0,Toulouse,Public,0.6322005896199627,13,63.25
13580,M,Cadre,0,Bordeaux,Public,0.16027604502966253,12,61.09
13581,F,Cadre,1,Nantes,Public,0.5831242978089164,11,61.31
13582,F,Retraite,0,Marseille,Public,0.5046026214113315,10,59.89
13583,M,Cadre,0,Nantes,Prive,0.4475772482881287,10,66.975
13584,F,Cadre,0,Bordeaux,Public,0.021779922242312344,12,67.37
13585,F,Cadre,0,Toulouse,Prive,0.16627487831981913,11,59.48
13586,M,Professions_intermediaires,0,Nantes,Prive,0.5454705443617139,12,57.11
13587,M,Employe,0,Toulouse,Prive,0.5707019454269929,11,70.02
13588,M,Retraite,0,Bordeaux,Public,0.5818704114851763,10,70.01
13589,F,Cadre,0,Paris,Public,0.4985537541722012,13,87.05
13590,M,Cadre,1,Nantes,Prive,0.2602861272043159,11,54.9
13591,F,Ouvrier,0,Lille,Prive,0.2943913830881141,13,59.82
13592,M,Retraite,0,Lille,Public,0.0781720121753759,10,38.09
13593,M,Cadre,0,Nantes,Prive,0.5249235063110125,12,66.43
13594,M,Ouvrier,0,Bordeaux,Public,0.8811358744645726,11,55.27
13595,M,Employe,0,Bordeaux,Public,0.481620589855488,11,64.97
13596,F,Cadre,0,Lille,Prive,0.347953648879995,13,89.19
13597,F,Agriculteur,0,Bordeaux,Prive,0.5051234463140021,10,60.55
13598,M,Ouvrier,0,Marseille,Prive,0.47286502019233273,12,51.36
13599,M,Ouvrier,0,Lyon,Public,0.15274012884707133,11,58.04
13600,F,Professions_intermediaires,0,Lille,Public,0.5508326335376937,13,72.86
13601,F,Cadre,0,Lyon,Prive,0.4782788530090851,10,86.65
13602,F,Retraite,0,Lille,Public,0.46588498785603744,13,65.64
13603,F,Agriculteur,0,Lille,Prive,0.8976587864648172,13,67.03
13604,M,Professions_intermediaires,0,Paris,Public,0.47974529424768764,10,89.7
13605,F,Cadre,0,Nantes,Prive,0.8645182385459462,12,85.57
13606,F,Professions_intermediaires,0,Nancy,Prive,0.33457361823801035,13,88.94
13607,M,Professions_intermediaires,0,Toulouse,Public,0.19797904694534124,13,72.27
13608,F,Employe,0,Nancy,Prive,0.338032280270548,11,67.39
13609,F,Cadre,0,Toulouse,Public,0.7346556776721456,11,77.25
13610,M,Retraite,1,Nantes,Prive,0.34828551997782103,11,43.74
13611,F,Professions_intermediaires,0,Toulouse,Prive,0.21478317384097229,11,68.5
13612,M,Cadre,0,Lyon,Prive,0.5680551266509937,12,83.45
13613,M,Agriculteur,0,Toulouse,Public,0.4233029364618516,13,54.59
13614,M,Employe,0,Nancy,Prive,0.6148918463434119,12,77.41
13615,F,Employe,1,Toulouse,Prive,0.3656784303872771,13,66.975
13616,M,Retraite,1,Nancy,Public,0.31533702734249414,13,24.53
13617,M,Agriculteur,0,Lille,Prive,0.8318768479010595,13,69.9
13618,F,Cadre,0,Toulouse,Public,0.33346877583224743,13,79.25
13619,M,Retraite,1,Nantes,Public,0.3329053913756611,11,43.38
13620,M,Cadre,0,Lille,Prive,0.5923350076371158,11,87.32
13621,M,Agriculteur,1,Nantes,Public,-0.05732250067485911,11,35.09
13622,F,Ouvrier,0,Nancy,Prive,0.6465579722896477,13,69.1
13623,M,Agriculteur,0,Lille,Public,0.8576941039860235,12,92.67
13624,F,Employe,0,Toulouse,Prive,0.6730497655349588,13,69.65
13625,F,Employe,0,Marseille,Prive,0.29178182551747534,13,73.21
13626,F,Agriculteur,0,Nantes,Prive,0.35534176641213444,12,82.1
13627,F,Employe,0,Lille,Public,0.5128686347156352,13,82.53
13628,F,Cadre,1,Lyon,Prive,0.5730317184636643,12,73.03
13629,M,Retraite,0,Marseille,Public,0.8227936975288354,10,76.99
13630,M,Retraite,0,Marseille,Prive,0.813780196604171,12,74.77
13631,F,Cadre,0,Nantes,Public,0.4569516224027032,12,99.78
13632,F,Ouvrier,0,Marseille,Prive,0.3937407249773671,12,55.68
13633,M,Employe,0,Bordeaux,Prive,0.3436760123455918,11,60.19
13634,M,Professions_intermediaires,0,Lille,Prive,0.6288949363913834,10,70.9
13635,M,Cadre,0,Lille,Prive,0.7159807073363145,11,100.0
13636,F,Agriculteur,1,Lille,Public,0.5136551649303135,10,63.61
13637,F,Retraite,1,Nancy,Prive,0.49975640477141153,13,40.06
13638,F,Professions_intermediaires,0,Nancy,Prive,0.922613063158666,11,73.96
13639,F,Professions_intermediaires,0,Bordeaux,Prive,0.6359984684236354,13,76.71
13640,M,Professions_intermediaires,0,Marseille,Public,0.08941982924705216,13,65.6
13641,F,Employe,0,Nancy,Prive,0.49314515994092195,13,70.64
13642,M,Professions_intermediaires,0,Toulouse,Prive,0.5402938082343962,11,61.04
13643,M,Retraite,0,Nantes,Public,0.4461122175816239,11,66.975
13644,M,Agriculteur,1,Nancy,Prive,0.7523510002197812,10,64.49
13645,F,Agriculteur,0,Toulouse,Public,0.4340443288966225,10,73.56
13646,F,Retraite,0,Nancy,Public,0.30306582148114525,11,54.88
13647,F,Cadre,0,Lyon,Prive,0.3579645921745548,11,91.08
13648,F,Cadre,0,Marseille,Public,0.6348998047885276,11,97.27
13649,M,Retraite,0,Nantes,Public,0.2290213051634054,12,78.05
13650,M,Cadre,0,Lyon,Public,0.4014074641717479,13,79.89
13651,F,Agriculteur,1,Bordeaux,Public,0.669438974791137,10,47.16
13652,M,Professions_intermediaires,0,Lille,Public,0.22792972919785776,11,66.67
13653,M,Ouvrier,0,Bordeaux,Public,0.29254587973706936,10,63.77
13654,F,Employe,0,Bordeaux,Public,0.16098094364006466,12,49.76
13655,M,Employe,0,Bordeaux,Public,0.3208894020499391,10,63.1
13656,M,Employe,0,Lyon,Prive,0.3955092469006585,13,65.05
13657,M,Agriculteur,1,Lyon,Prive,0.4525477206444124,12,58.91
13658,M,Retraite,0,Lille,Prive,0.31665431490634377,13,55.13
13659,F,Retraite,1,Toulouse,Prive,0.42355899737767644,12,42.5
13660,M,Employe,0,Toulouse,Prive,0.6959348507914607,13,76.01
13661,M,Cadre,1,Lyon,Prive,0.5667847662078445,11,59.93
13662,F,Employe,0,Bordeaux,Public,0.9268825227811877,13,70.72
13663,M,Ouvrier,0,Paris,Prive,0.3653980013670307,11,73.89
13664,M,Professions_intermediaires,0,Lyon,Public,0.4101612302942347,11,77.04
13665,F,Retraite,0,Lyon,Public,0.5308346021240188,11,77.12
13666,F,Ouvrier,0,Lille,Prive,0.3971055424137889,13,65.77
13667,M,Professions_intermediaires,0,Lille,Prive,0.4946822620291083,13,72.83
13668,M,Ouvrier,0,Paris,Prive,0.11646361814691364,12,46.11
13669,F,Retraite,0,Lyon,Prive,0.4258608807569794,11,58.79
13670,F,Ouvrier,0,Lille,Public,0.6755449699519018,11,58.75
13671,M,Cadre,0,Bordeaux,Public,0.8807346147303914,12,85.81
13672,F,Ouvrier,0,Bordeaux,Prive,0.7897578052076651,12,60.85
13673,F,Cadre,0,Nancy,Public,0.5251758727603211,11,93.08
13674,F,Cadre,1,Lyon,Public,0.5962375267232009,13,66.975
13675,F,Professions_intermediaires,0,Bordeaux,Prive,0.5661000653031912,10,89.49
13676,M,Agriculteur,1,Lyon,Public,0.3891405550424064,10,52.35
13677,F,Retraite,1,Paris,Prive,0.308168823576589,10,47.34
13678,M,Cadre,0,Nantes,Prive,0.5496560532576971,13,87.24
13679,M,Retraite,0,Toulouse,Prive,0.4779759810159713,10,67.27
13680,M,Cadre,0,Paris,Prive,0.6678577831432753,12,66.975
13681,M,Ouvrier,1,Toulouse,Public,0.023886267859783095,13,21.94
13682,M,Professions_intermediaires,0,Paris,Prive,0.4652931070758964,11,69.23
13683,M,Agriculteur,0,Toulouse,Public,0.7418445582215627,13,61.52
13684,M,Employe,0,Bordeaux,Public,0.6152787891779307,11,73.66
13685,F,Professions_intermediaires,0,Marseille,Prive,0.3033969387947373,11,62.19
13686,M,Cadre,0,Paris,Public,0.23819271854317958,11,84.11
13687,F,Ouvrier,0,Lille,Prive,0.490771361749719,11,67.42
13688,F,Cadre,1,Nancy,Public,0.657036811836246,11,71.29
13689,F,Cadre,0,Paris,Prive,0.6032583517440971,10,83.21
13690,M,Cadre,0,Nancy,Public,0.5230928526609813,10,76.9
13691,M,Retraite,0,Lille,Public,0.6284103255787168,11,60.29
13692,F,Cadre,0,Paris,Public,0.5514920366274664,10,78.32
13693,M,Professions_intermediaires,0,Nantes,Public,0.6198696239019156,11,76.53
13694,F,Ouvrier,0,Toulouse,Prive,0.6874826416048514,11,64.64
13695,F,Employe,1,Bordeaux,Prive,0.4110256893103318,12,63.7
13696,F,Retraite,0,Paris,Prive,0.3228371543648204,10,78.32
13697,M,Retraite,0,Lille,Prive,0.6457811754766509,12,80.95
13698,F,Retraite,1,Lille,Prive,0.3978486245830747,10,41.46
13699,F,Ouvrier,0,Nancy,Prive,0.11071410295888384,10,40.2
13700,M,Retraite,0,Lyon,Prive,0.7854776922446819,13,71.94
13701,F,Employe,0,Lyon,Public,0.5508094728370799,13,67.39
13702,M,Ouvrier,0,Bordeaux,Public,0.5418847403124595,12,61.27
13703,M,Ouvrier,0,Nantes,Prive,0.4630202339260068,10,63.07
13704,F,Agriculteur,0,Bordeaux,Prive,0.667440927477875,13,79.52
13705,M,Professions_intermediaires,0,Toulouse,Public,0.2433561473805464,13,52.35
13706,M,Professions_intermediaires,0,Nantes,Prive,0.5007096766353752,12,85.68
13707,F,Retraite,0,Bordeaux,Public,0.5564555239394153,11,75.36
13708,F,Ouvrier,0,Marseille,Public,0.6102008290990846,11,58.76
13709,F,Ouvrier,0,Nantes,Prive,0.1582985031999895,10,61.99
13710,F,Retraite,0,Lyon,Public,0.6187699003128845,13,65.85
13711,F,Professions_intermediaires,0,Nantes,Public,0.41626648435542174,13,73.97
13712,F,Agriculteur,0,Nancy,Public,0.369690258370049,12,65.31
13713,M,Professions_intermediaires,0,Bordeaux,Public,0.18769270186079506,12,60.61
13714,F,Ouvrier,0,Bordeaux,Prive,0.9465163908160503,12,60.03
13715,F,Professions_intermediaires,0,Paris,Public,0.4743701290359284,11,99.54
13716,F,Retraite,0,Nantes,Prive,0.5491328315254402,10,72.24
13717,M,Ouvrier,0,Nantes,Public,0.2896351513039809,11,56.62
13718,F,Ouvrier,0,Paris,Public,0.1941229680065485,10,71.08
13719,F,Cadre,0,Lyon,Prive,0.6629256579225398,13,73.95
13720,F,Cadre,0,Nantes,Prive,0.2300049193990143,10,77.35
13721,F,Professions_intermediaires,0,Marseille,Public,0.7607167139757651,13,75.69
13722,F,Ouvrier,0,Paris,Prive,0.8601061735480762,10,64.98
13723,M,Retraite,0,Nantes,Public,0.3449092398065823,12,60.87
13724,M,Ouvrier,1,Nancy,Prive,0.4077567555801252,13,34.03
13725,F,Employe,0,Toulouse,Prive,-0.008632001881458407,11,41.29
13726,F,Retraite,0,Nancy,Public,0.1513961740222179,13,153.12617832881273
13727,F,Cadre,0,Toulouse,Public,0.6263778479759903,10,80.0
13728,F,Professions_intermediaires,0,Lyon,Prive,0.7509030775845624,10,77.02
13729,F,Cadre,0,Nancy,Prive,0.34364478813982297,13,73.48
13730,M,Employe,0,Lille,Prive,0.37390256801117916,10,62.63
13731,F,Professions_intermediaires,0,Lille,Prive,0.1837632251996686,12,67.22
13732,F,Agriculteur,0,Bordeaux,Prive,0.2739619051401292,11,66.975
13733,F,Ouvrier,0,Lyon,Prive,0.7657284572477168,10,57.69
13734,M,Retraite,0,Lyon,Public,0.562007169471781,11,67.31
13735,M,Employe,0,Marseille,Prive,0.14097334431860742,12,58.1
13736,F,Retraite,0,Paris,Public,0.6132982635693371,12,52.17
13737,F,Retraite,0,Lyon,Prive,0.9742368838331865,13,83.18
13738,M,Retraite,0,Nantes,Prive,0.4211960477889839,10,67.73
13739,M,Professions_intermediaires,1,Toulouse,Prive,0.36673208593018736,11,72.04
13740,M,Retraite,0,Nantes,Prive,0.6163218798822917,11,82.43
13741,M,Retraite,0,Paris,Public,0.7012855966727976,10,60.75
13742,M,Professions_intermediaires,0,Paris,Public,0.6643195523703009,13,76.47
13743,F,Retraite,0,Bordeaux,Public,0.43657988782586316,11,64.39
13744,M,Cadre,0,Marseille,Public,0.4158966000172743,11,93.63
13745,F,Retraite,0,Lyon,Public,0.15514389578472065,12,55.34
13746,F,Retraite,0,Bordeaux,Public,0.2540459783054645,13,72.2
13747,F,Professions_intermediaires,1,Lille,Public,0.5721419545259459,10,59.64
13748,F,Ouvrier,0,Toulouse,Prive,0.39308798691832847,12,51.96
13749,F,Employe,1,Nantes,Public,0.5492839756931096,10,38.97
13750,F,Employe,0,Marseille,Public,0.45227570317339527,11,76.61
13751,F,Professions_intermediaires,0,Nantes,Prive,0.5123545894539884,13,84.48
13752,M,Cadre,0,Toulouse,Public,0.5038780377742752,12,93.93
13753,M,Agriculteur,0,Lyon,Public,0.6492225912700855,13,48.05
13754,F,Employe,0,Nancy,Prive,0.6697391267480426,12,71.06
13755,M,Ouvrier,0,Marseille,Public,0.49656661313091666,11,71.21
13756,F,Professions_intermediaires,0,Lyon,Public,0.45914566692185343,13,61.73
13757,M,Ouvrier,1,Lyon,Prive,0.49282361428282845,12,44.96
13758,M,Retraite,0,Toulouse,Prive,0.3431958498805934,10,55.57
13759,M,Ouvrier,0,Paris,Prive,0.7172522796448848,13,56.31
13760,F,Cadre,0,Paris,Public,0.3875858960241601,12,76.48
13761,M,Retraite,0,Nancy,Public,0.468028581016729,13,77.52
13762,F,Professions_intermediaires,0,Paris,Public,0.5352425934573848,12,84.34
13763,M,Agriculteur,0,Nantes,Prive,0.562005361476828,10,68.31
13764,M,Cadre,1,Lille,Prive,0.553782199871968,11,84.99
13765,F,Agriculteur,0,Lyon,Public,0.47266727779575174,13,52.77
13766,F,Agriculteur,0,Paris,Public,0.8289641231416085,12,70.98
13767,F,Professions_intermediaires,0,Lyon,Public,0.5150556334686389,10,90.23
13768,M,Ouvrier,0,Paris,Public,0.4497444850758628,10,57.28
13769,M,Retraite,0,Marseille,Public,0.859510959270148,11,70.04
13770,M,Ouvrier,0,Lille,Public,0.3444546461578636,11,55.49
13771,M,Cadre,0,Nantes,Public,0.8589704257059967,12,87.78
13772,M,Professions_intermediaires,1,Lille,Prive,0.10092032866687284,11,53.58
13773,M,Agriculteur,1,Nantes,Prive,0.41965652148919225,11,38.8
13774,F,Professions_intermediaires,0,Nantes,Prive,0.1660561735331904,11,92.35
13775,M,Cadre,0,Nancy,Prive,0.22757517936902105,10,65.28
13776,F,Cadre,0,Lyon,Prive,0.5905705437544732,12,100.0
13777,M,Retraite,0,Nantes,Prive,0.5571044438392521,10,66.975
13778,M,Cadre,0,Bordeaux,Prive,0.3783357892453551,13,75.18
13779,F,Retraite,0,Lille,Prive,0.8267404695669442,13,75.0
13780,M,Ouvrier,0,Bordeaux,Public,0.7268723245076156,10,72.59
13781,F,Professions_intermediaires,0,Nancy,Prive,0.4896831053901882,12,80.91
13782,M,Agriculteur,0,Nantes,Public,0.13828298001328798,11,42.93
13783,F,Agriculteur,0,Bordeaux,Public,0.6917721833150156,12,77.2
13784,F,Cadre,0,Paris,Prive,0.4034628246506148,11,70.88
13785,M,Agriculteur,0,Nancy,Prive,0.5584435646911049,11,78.72
13786,F,Cadre,0,Toulouse,Prive,0.6595408503457194,13,98.64
13787,M,Professions_intermediaires,0,Lyon,Public,0.4197503355963723,10,59.91
13788,F,Retraite,0,Marseille,Public,0.755755587498349,12,146.81920354730696
13789,F,Agriculteur,0,Nantes,Public,0.4240987909823034,12,65.09
13790,F,Agriculteur,0,Bordeaux,Public,0.6077616120831719,13,69.7
13791,F,Retraite,0,Paris,Public,0.651033155183047,11,68.89
13792,F,Employe,0,Marseille,Public,0.6824623341941853,12,76.31
13793,M,Professions_intermediaires,0,Bordeaux,Prive,0.8488422426939339,13,80.28
13794,M,Professions_intermediaires,1,Nancy,Prive,0.3355636705483993,12,66.975
13795,M,Agriculteur,0,Nantes,Prive,0.2734333390029561,11,55.51
13796,F,Ouvrier,0,Bordeaux,Public,0.4357209370625277,13,50.84
13797,M,Agriculteur,0,Paris,Prive,1.108726108535261,13,86.82
13798,M,Employe,0,Nantes,Prive,0.7701149689657811,10,77.62
13799,M,Cadre,0,Nancy,Public,0.3899786808717324,10,78.36
13800,M,Agriculteur,1,Lille,Public,0.43045894350538044,13,37.0
13801,F,Employe,0,Lyon,Prive,0.4969764614583948,13,82.4
13802,F,Ouvrier,0,Bordeaux,Prive,0.5545990025463785,11,78.1
13803,M,Agriculteur,0,Paris,Public,0.6282344304060067,11,81.07
13804,M,Employe,1,Lyon,Public,0.6365779945207223,13,55.7
13805,M,Agriculteur,0,Lille,Prive,0.7393380362599069,10,63.46
13806,M,Retraite,1,Lille,Prive,0.9005728817807258,10,64.34
13807,M,Cadre,0,Lille,Prive,0.47329165916383414,12,88.62
13808,F,Agriculteur,0,Lyon,Public,0.45725640859467703,10,59.34
13809,F,Employe,0,Lille,Prive,0.42714658475464945,10,73.25
13810,F,Retraite,0,Paris,Public,0.44463263580590495,10,59.69
13811,M,Employe,0,Toulouse,Public,0.5737861573621741,13,76.08
13812,M,Retraite,0,Toulouse,Public,0.6271179468359217,10,77.1
13813,F,Agriculteur,0,Nantes,Prive,0.8452362794712449,13,81.77
13814,M,Employe,0,Bordeaux,Prive,0.35820301528455123,10,56.37
13815,M,Agriculteur,0,Marseille,Prive,0.5717239004337751,13,75.14
13816,M,Professions_intermediaires,0,Lyon,Prive,0.33186744710022187,11,75.35
13817,M,Agriculteur,0,Marseille,Prive,0.5809745206584447,11,63.47
13818,M,Cadre,0,Marseille,Public,1.034518688422362,10,92.69
13819,M,Employe,0,Bordeaux,Public,0.4726405375266809,11,83.54
13820,F,Agriculteur,1,Paris,Public,0.9904960570230406,10,75.2
13821,F,Ouvrier,0,Toulouse,Public,0.33260960563018166,10,52.89
13822,M,Cadre,0,Nancy,Public,0.4079426860982275,11,63.78
13823,F,Ouvrier,1,Bordeaux,Prive,0.43147534171675683,11,53.33
13824,M,Ouvrier,1,Bordeaux,Public,0.5349714409943611,12,59.85
13825,M,Ouvrier,1,Marseille,Public,0.4691755039044716,13,53.49
13826,M,Ouvrier,0,Nancy,Prive,0.6527933866441559,10,60.17
13827,F,Retraite,0,Paris,Prive,-0.049540057083444444,11,59.45
13828,M,Agriculteur,1,Toulouse,Public,0.3040295257793896,12,35.37
13829,F,Retraite,0,Lille,Prive,0.8788941991651797,11,83.57
13830,M,Ouvrier,0,Nantes,Prive,0.21847767839044058,12,48.57
13831,M,Retraite,1,Nancy,Prive,0.42867477890972594,11,36.71
13832,M,Professions_intermediaires,1,Toulouse,Prive,0.6224998021037094,11,55.93
13833,M,Agriculteur,0,Lille,Prive,0.49090368048001914,12,62.76
13834,F,Retraite,0,Toulouse,Prive,0.3300268412807984,10,68.37
13835,F,Employe,1,Nantes,Prive,0.5890216007341579,10,42.77
13836,M,Agriculteur,0,Nancy,Prive,0.6671680215834199,12,94.96
13837,F,Professions_intermediaires,0,Paris,Prive,0.3806067869045386,12,77.83
13838,F,Cadre,0,Bordeaux,Public,0.5814797569049245,13,84.14
13839,M,Cadre,0,Lille,Prive,0.6721570461870726,12,79.0
13840,M,Employe,0,Nantes,Public,0.7160925535207407,11,68.96
13841,M,Employe,1,Nancy,Public,0.5740135356935444,11,46.75
13842,M,Retraite,0,Paris,Public,0.8418938901162532,12,69.08
13843,F,Agriculteur,0,Paris,Public,0.5094648644959042,10,65.25
13844,M,Professions_intermediaires,0,Nantes,Public,0.3033943157049005,10,62.27
13845,M,Agriculteur,0,Toulouse,Public,0.4563034662916643,13,75.2
13846,F,Cadre,1,Toulouse,Public,0.7424126148166098,13,83.55
13847,F,Employe,0,Bordeaux,Public,0.321312674521088,13,56.81
13848,M,Retraite,1,Lille,Prive,0.051616649718472685,12,33.69
13849,M,Retraite,1,Toulouse,Public,0.5919481462211053,13,29.83
13850,F,Employe,0,Nancy,Public,0.41122267504456883,11,61.64
13851,F,Agriculteur,0,Nancy,Prive,0.9496232188458272,10,97.12
13852,F,Cadre,1,Toulouse,Prive,0.5532961566573309,12,77.47
13853,F,Agriculteur,0,Bordeaux,Public,0.7474344339546397,10,80.51
13854,F,Ouvrier,1,Lyon,Public,0.4018981946165847,13,28.94
13855,M,Cadre,0,Marseille,Prive,0.6187825765780218,12,80.34
13856,M,Ouvrier,0,Toulouse,Public,0.5743041270061371,12,56.99
13857,F,Agriculteur,0,Nancy,Prive,0.7758890219929433,12,84.76
13858,F,Cadre,0,Toulouse,Public,0.5382700192362746,11,98.05
13859,F,Employe,0,Toulouse,Public,0.395271454689344,12,66.27
13860,M,Agriculteur,0,Lille,Public,0.7077245676830696,11,80.75
13861,M,Retraite,0,Nantes,Prive,0.35715878341924545,10,54.32
13862,F,Cadre,0,Lille,Public,0.33653146364120934,10,84.88
13863,F,Agriculteur,0,Nancy,Prive,0.4911893103975077,10,78.84
13864,M,Agriculteur,1,Toulouse,Prive,0.43477445576400514,13,61.02
13865,M,Cadre,1,Toulouse,Public,0.5033441752955735,11,53.74
13866,M,Agriculteur,0,Nantes,Prive,0.36641200492686526,12,78.23
13867,F,Ouvrier,1,Bordeaux,Prive,0.723996595939484,10,68.25
13868,M,Retraite,0,Nantes,Public,0.7211018092264048,11,56.22
13869,M,Cadre,0,Nantes,Public,0.6661283850509676,11,73.55
13870,M,Ouvrier,0,Lille,Public,0.6463711928704174,13,78.05
13871,F,Retraite,1,Nancy,Public,0.13039079078695082,13,34.19
13872,M,Agriculteur,0,Marseille,Prive,0.5232600003586065,12,67.14
13873,F,Agriculteur,1,Lille,Public,0.6715613348530336,11,66.975
13874,M,Ouvrier,0,Lyon,Public,0.7681384312954308,10,58.58
13875,M,Agriculteur,0,Marseille,Prive,0.45922192902691805,13,70.2
13876,M,Agriculteur,0,Lille,Public,0.7607020373829323,12,62.16
13877,M,Retraite,0,Bordeaux,Public,0.5614719365818595,11,73.92
13878,F,Cadre,0,Nancy,Prive,-0.01659660871827706,13,82.66
13879,M,Retraite,1,Nancy,Prive,0.4801568937068673,12,45.91
13880,F,Agriculteur,0,Toulouse,Prive,0.3319706232614569,13,66.73
13881,F,Employe,0,Lille,Prive,0.37757460590703285,11,66.49
13882,M,Employe,0,Toulouse,Public,0.7104070188423063,11,70.9
13883,M,Retraite,0,Toulouse,Prive,0.5594932835021145,11,65.46
13884,F,Professions_intermediaires,1,Paris,Prive,0.3963179469925279,13,66.975
13885,M,Ouvrier,0,Paris,Prive,0.3646751315303308,13,41.77
13886,M,Ouvrier,0,Lyon,Public,0.5876096595615459,11,79.25
13887,F,Agriculteur,0,Marseille,Public,0.46312814993287327,12,71.19
13888,M,Employe,0,Marseille,Prive,0.639317577254559,11,91.14
13889,M,Employe,0,Bordeaux,Prive,0.33473502821961776,11,66.44
13890,F,Professions_intermediaires,0,Nancy,Public,0.4238856083404948,12,74.73
13891,M,Retraite,0,Paris,Public,0.2760876563924167,13,65.52
13892,M,Cadre,0,Nancy,Prive,0.3892988851545587,10,71.13
13893,M,Professions_intermediaires,0,Paris,Prive,0.9355553755513906,11,74.78
13894,M,Agriculteur,0,Nancy,Prive,0.35270930110236687,11,63.76
13895,M,Professions_intermediaires,0,Paris,Public,0.4053129166425583,12,73.4
13896,M,Agriculteur,0,Paris,Public,0.33518538320306746,12,66.975
13897,M,Employe,0,Nantes,Prive,0.46334888946969155,13,67.7
13898,M,Professions_intermediaires,0,Paris,Prive,0.4855228274866601,10,87.55
13899,M,Ouvrier,0,Lille,Public,0.7436626588968629,12,42.07
13900,M,Agriculteur,0,Toulouse,Public,0.4188628437188178,11,83.29
13901,M,Agriculteur,1,Nantes,Prive,0.5228406306808787,10,45.61
13902,M,Agriculteur,0,Lyon,Prive,0.12518239574747614,13,66.7
13903,M,Ouvrier,0,Toulouse,Prive,0.3270463683404323,10,67.79
13904,M,Retraite,0,Lille,Public,0.7171454314234658,13,57.73
13905,F,Cadre,0,Paris,Public,0.3288378472441716,11,95.54
13906,F,Ouvrier,0,Toulouse,Public,0.6535216685334387,10,72.46
13907,M,Professions_intermediaires,0,Paris,Prive,0.31487273858498793,11,86.7
13908,M,Professions_intermediaires,0,Marseille,Prive,0.4654132449511902,13,74.73
13909,F,Cadre,0,Lille,Prive,0.8429784315521641,13,93.81
13910,M,Agriculteur,0,Nancy,Public,0.6490120697593655,11,65.4
13911,F,Professions_intermediaires,0,Marseille,Public,0.10956740536439985,11,61.36
13912,F,Employe,0,Bordeaux,Public,1.1442726567236612,10,82.89
13913,F,Professions_intermediaires,0,Marseille,Prive,0.292277792528973,12,76.98
13914,F,Employe,0,Paris,Prive,0.8732561991931385,13,84.27
13915,M,Ouvrier,0,Nancy,Public,0.41075325687898456,10,49.74
13916,M,Employe,0,Bordeaux,Prive,0.2542382358833319,10,61.47
13917,F,Retraite,0,Lyon,Public,0.4097754099482993,13,66.34
13918,F,Professions_intermediaires,0,Lyon,Public,0.36933644629212803,12,54.03
13919,F,Employe,1,Nancy,Prive,0.39036702985045885,11,54.61
13920,M,Cadre,0,Toulouse,Public,0.5119488533172919,12,82.69
13921,F,Retraite,0,Lille,Prive,0.5956084076036565,12,68.48
13922,F,Professions_intermediaires,0,Marseille,Prive,0.7840824513936955,12,95.61
13923,F,Agriculteur,0,Toulouse,Prive,0.5428814391960636,10,62.23
13924,F,Professions_intermediaires,0,Nancy,Prive,0.5154985051006623,13,68.74
13925,M,Retraite,0,Lille,Prive,0.3554789692677066,13,40.95
13926,M,Professions_intermediaires,0,Bordeaux,Prive,0.44394573001609927,13,72.79
13927,F,Cadre,0,Bordeaux,Prive,0.3991758735456521,10,93.78
13928,F,Employe,0,Nantes,Prive,0.22535890877116277,11,44.11
13929,M,Ouvrier,0,Nantes,Public,1.0101799475080029,11,62.54
13930,F,Agriculteur,0,Nancy,Prive,0.5484795879808313,12,72.66
13931,M,Retraite,0,Marseille,Prive,0.5510051144728235,11,61.57
13932,M,Professions_intermediaires,1,Lyon,Public,0.743536183912352,11,55.89
13933,F,Cadre,0,Nancy,Prive,-0.016309991849187244,13,76.13
13934,M,Ouvrier,0,Bordeaux,Public,0.9477460099062294,12,86.98
13935,M,Professions_intermediaires,1,Marseille,Public,0.32822037241467816,13,51.2
13936,F,Employe,0,Toulouse,Prive,0.32333115653075417,12,67.38
13937,M,Professions_intermediaires,0,Toulouse,Public,0.39142569703447766,12,76.55
13938,M,Employe,0,Nancy,Public,0.6968632820132671,11,54.4
13939,M,Retraite,0,Nantes,Prive,0.9288715743200369,11,76.96
13940,M,Retraite,0,Toulouse,Public,0.8279092451672411,11,57.94
13941,M,Employe,0,Nancy,Public,0.4036148991573984,13,65.73
13942,M,Employe,0,Toulouse,Public,0.14034607187498604,12,69.54
13943,M,Retraite,0,Marseille,Public,0.4171291422788014,11,59.03
13944,F,Ouvrier,0,Bordeaux,Prive,0.3720931594671385,13,68.96
13945,M,Professions_intermediaires,0,Nancy,Prive,0.17103315900717697,13,51.82
13946,F,Ouvrier,0,Nancy,Prive,0.6165706118023719,10,67.16
13947,M,Cadre,0,Marseille,Prive,0.5008842463321026,11,87.25
13948,M,Ouvrier,0,Nantes,Prive,0.6001115714138597,12,38.53
13949,F,Ouvrier,0,Nantes,Public,0.64633679440226,13,69.93
13950,M,Cadre,0,Bordeaux,Public,0.6369445796842943,13,60.73
13951,M,Ouvrier,0,Nantes,Prive,0.4871221842091811,10,61.83
13952,F,Agriculteur,0,Toulouse,Prive,0.8279908437875396,11,81.3
13953,M,Professions_intermediaires,0,Bordeaux,Prive,0.40199978198887504,10,68.57
13954,M,Cadre,0,Lyon,Public,0.3722953751143939,10,83.26
13955,M,Cadre,0,Nantes,Public,0.4536466717006848,11,100.0
13956,F,Retraite,0,Paris,Prive,0.607598305751974,13,63.49
13957,M,Retraite,1,Nancy,Public,0.6364549029322937,11,37.02
13958,M,Ouvrier,0,Lyon,Prive,0.4319425097174189,10,77.43
13959,F,Agriculteur,0,Nancy,Prive,0.436107247102428,10,70.37
13960,M,Cadre,0,Marseille,Public,0.760950719399616,12,100.0
13961,M,Agriculteur,0,Lille,Public,0.2384686177758341,12,47.97
13962,M,Agriculteur,0,Paris,Prive,1.049414031369004,11,58.26
13963,F,Agriculteur,0,Nantes,Prive,0.4398684231782709,11,60.67
13964,M,Agriculteur,0,Bordeaux,Public,0.45911270765803736,13,65.8
13965,M,Employe,0,Lille,Public,0.5739560065011101,10,64.21
13966,F,Retraite,1,Marseille,Public,0.6063988145359013,13,43.4
13967,F,Agriculteur,0,Bordeaux,Public,0.3690178984298912,13,50.04
13968,M,Employe,0,Paris,Prive,0.5676759032081362,13,70.73
13969,M,Employe,1,Bordeaux,Prive,0.3132673231852353,12,40.78
13970,F,Professions_intermediaires,0,Toulouse,Prive,0.38022536870982304,12,53.29
13971,M,Cadre,0,Bordeaux,Prive,0.17904345010100742,13,156.81505576370225
13972,M,Agriculteur,1,Nantes,Prive,0.5281490541800146,10,47.64
13973,F,Cadre,0,Toulouse,Public,0.4647387945518743,13,94.48
13974,M,Employe,0,Marseille,Public,0.09725325770031623,10,53.52
13975,M,Cadre,0,Bordeaux,Prive,0.36380346650509743,10,89.97
13976,F,Agriculteur,0,Lille,Public,0.49425015721032883,10,77.33
13977,F,Agriculteur,1,Marseille,Public,0.6718656847330187,10,46.08
13978,F,Employe,0,Nantes,Public,0.2436259760852001,12,69.12
13979,M,Agriculteur,0,Toulouse,Prive,0.43980386273167144,10,77.15
13980,F,Ouvrier,0,Lille,Prive,0.2799654386600805,12,66.68
13981,M,Retraite,0,Bordeaux,Prive,0.6450331838406216,10,70.52
13982,F,Agriculteur,0,Bordeaux,Prive,0.3663429301280722,10,65.74
13983,F,Ouvrier,0,Bordeaux,Prive,0.603760627247071,11,51.62
13984,F,Agriculteur,0,Nantes,Prive,0.428329638005615,13,78.73
13985,M,Cadre,0,Nantes,Public,0.15922195686550955,10,63.45
13986,M,Retraite,0,Toulouse,Public,0.4860080206687131,11,62.31
13987,F,Employe,0,Bordeaux,Public,0.2631150530690468,10,73.15
13988,M,Retraite,0,Bordeaux,Prive,0.7238801354391602,10,60.02
13989,M,Retraite,0,Nancy,Public,0.8636421014555216,12,72.0
13990,M,Employe,1,Lyon,Prive,0.6275406469790923,13,35.67
13991,F,Cadre,0,Toulouse,Prive,0.37187726031815954,12,79.47
13992,M,Professions_intermediaires,0,Lyon,Public,0.5044566080375285,12,65.16
13993,M,Employe,0,Lyon,Public,0.5580227800982706,11,61.24
13994,M,Retraite,0,Lille,Public,0.7169241296078573,10,73.96
13995,M,Employe,0,Bordeaux,Prive,0.46233104547631065,12,72.17
13996,F,Employe,0,Nancy,Prive,0.5816333936950879,13,65.18
13997,M,Professions_intermediaires,0,Toulouse,Prive,0.1641669667746724,12,69.14
13998,M,Cadre,1,Paris,Public,0.5483535716526273,10,60.99
13999,M,Ouvrier,0,Marseille,Public,0.3279281169093382,13,53.09
14000,M,Retraite,0,Lyon,Prive,0.5085645365178797,10,53.85
14001,F,Employe,0,Nancy,Prive,0.29237033562332443,12,59.3
14002,M,Ouvrier,0,Toulouse,Public,0.5822925022757922,13,44.14
14003,F,Professions_intermediaires,0,Lille,Prive,0.6276038249867055,13,97.33
14004,M,Retraite,0,Nantes,Public,0.4534002765455411,12,73.86
14005,M,Ouvrier,1,Nancy,Public,0.3267954153473953,13,58.3
14006,M,Cadre,1,Lille,Prive,0.6147812243254196,11,76.78
14007,F,Retraite,1,Marseille,Public,0.81145297164505,10,55.2
14008,M,Retraite,1,Paris,Public,0.8843263685857762,10,32.86
14009,F,Employe,0,Nancy,Prive,0.5791773477368092,13,66.975
14010,M,Professions_intermediaires,0,Paris,Prive,0.5556436908000467,10,87.47
14011,M,Retraite,0,Lille,Public,0.2369560506838363,13,48.08
14012,F,Agriculteur,0,Paris,Public,0.7627757651791768,11,80.43
14013,M,Professions_intermediaires,0,Nantes,Prive,0.03543381203644003,13,65.28
14014,M,Agriculteur,0,Bordeaux,Public,0.7383260516415017,13,72.74
14015,F,Cadre,0,Lyon,Public,0.5053263444876255,10,90.69
14016,F,Ouvrier,0,Nancy,Public,0.013610358025422431,12,55.13
14017,F,Professions_intermediaires,0,Nancy,Public,0.5673234033000853,10,68.15
14018,F,Professions_intermediaires,1,Bordeaux,Prive,0.4687084275324332,11,63.66
14019,M,Retraite,0,Toulouse,Public,0.4102540725717117,13,66.975
14020,M,Retraite,0,Nancy,Public,0.44602671538913274,13,67.32
14021,M,Cadre,0,Toulouse,Prive,0.4962040382743981,10,86.69
14022,F,Retraite,1,Paris,Public,0.495612679119707,13,38.75
14023,M,Ouvrier,0,Bordeaux,Public,0.20486738375415348,10,64.86
14024,M,Retraite,0,Marseille,Public,0.5805798398999755,11,48.85
14025,M,Ouvrier,0,Marseille,Public,0.4240734733594938,12,60.87
14026,F,Professions_intermediaires,0,Marseille,Prive,0.8173738349947193,10,84.35
14027,F,Agriculteur,1,Nancy,Prive,0.6720125563613532,10,67.63
14028,M,Professions_intermediaires,0,Bordeaux,Public,0.6945160684511371,10,84.3
14029,M,Retraite,0,Nantes,Public,0.872321597485342,10,52.27
14030,F,Professions_intermediaires,0,Nancy,Prive,0.6472008389793186,12,66.975
14031,M,Ouvrier,0,Toulouse,Public,0.47074406010306175,12,73.98
14032,M,Professions_intermediaires,0,Lille,Public,-0.011703499967195996,11,61.36
14033,M,Employe,0,Toulouse,Prive,0.5481799062507758,13,58.08
14034,F,Professions_intermediaires,0,Lyon,Public,0.8461521604809158,13,82.66
14035,M,Cadre,0,Nantes,Prive,0.6789273202609499,11,100.0
14036,F,Ouvrier,0,Lille,Public,0.3984934173757862,11,66.975
14037,M,Professions_intermediaires,1,Marseille,Prive,0.5119729726951249,11,44.83
14038,F,Ouvrier,0,Lyon,Public,0.3888325846582924,12,66.975
14039,F,Employe,0,Marseille,Public,0.5611468526253828,13,64.0
14040,M,Professions_intermediaires,0,Marseille,Prive,0.39791984853356616,10,78.39
14041,M,Retraite,1,Lyon,Prive,0.7878736477160182,11,47.16
14042,M,Employe,0,Paris,Prive,0.5240656076692447,11,70.69
14043,M,Employe,0,Lyon,Prive,0.551520499859308,11,82.8
14044,M,Employe,0,Marseille,Prive,0.33435062248207326,12,54.82
14045,M,Professions_intermediaires,0,Lyon,Prive,0.4164556467045104,10,81.49
14046,F,Employe,1,Lyon,Prive,0.26888840263366565,13,51.56
14047,M,Professions_intermediaires,0,Lille,Prive,0.7834280495059824,11,69.06
14048,F,Agriculteur,0,Lyon,Prive,0.3973424500746982,11,79.63
14049,M,Ouvrier,0,Nantes,Public,0.5319411555367606,11,66.975
14050,F,Retraite,0,Nancy,Public,0.19020617242790178,13,45.58
14051,F,Professions_intermediaires,0,Toulouse,Public,0.253616669685809,10,62.52
14052,M,Professions_intermediaires,0,Nantes,Public,0.44993048972420996,12,65.66
14053,F,Professions_intermediaires,0,Paris,Public,0.4377334609189953,12,71.01
14054,M,Retraite,1,Bordeaux,Prive,0.5489474897119393,13,35.1
14055,F,Professions_intermediaires,1,Toulouse,Public,0.9022226599926875,12,69.47
14056,F,Retraite,0,Nantes,Prive,0.0965456245113423,12,55.45
14057,M,Employe,1,Lille,Prive,0.6956911524948344,11,52.96
14058,M,Employe,0,Bordeaux,Prive,0.599639687373256,10,75.3
14059,M,Professions_intermediaires,0,Paris,Prive,0.3763768592253198,10,84.99
14060,M,Ouvrier,0,Lille,Prive,0.4132713329471541,10,54.19
14061,M,Ouvrier,1,Nantes,Prive,0.7240142445053032,12,39.4
14062,F,Employe,0,Paris,Public,0.4875421843502254,12,75.43
14063,M,Employe,0,Lyon,Prive,0.43560877800002673,12,76.88
14064,F,Ouvrier,0,Lille,Prive,0.29026964476436423,12,57.6
14065,F,Agriculteur,0,Nantes,Public,0.3327843712129316,13,66.46
14066,F,Professions_intermediaires,0,Toulouse,Prive,0.25673705791560164,12,68.26
14067,F,Employe,0,Lille,Public,0.6769002422062875,11,66.84
14068,F,Employe,0,Toulouse,Prive,0.343162339642742,10,61.5
14069,M,Retraite,1,Nantes,Prive,0.2611908071942478,10,38.02
14070,F,Retraite,0,Nancy,Prive,0.5349362962029433,10,72.23
14071,M,Ouvrier,1,Bordeaux,Public,0.3367544587799769,10,43.95
14072,M,Professions_intermediaires,0,Paris,Public,0.8093472131213186,12,72.56
14073,F,Employe,1,Lille,Prive,0.5082200891939419,12,49.25
14074,F,Cadre,0,Lyon,Prive,0.5410122299043985,12,79.95
14075,M,Professions_intermediaires,1,Lyon,Prive,0.5415624395636676,12,52.6
14076,M,Retraite,0,Toulouse,Public,0.6141844373931459,12,67.68
14077,F,Professions_intermediaires,0,Nantes,Prive,0.6420811932116846,11,87.26
14078,M,Retraite,0,Nantes,Public,0.50586098883425,10,62.87
14079,F,Agriculteur,0,Bordeaux,Prive,0.29681334950045335,13,69.03
14080,M,Agriculteur,0,Nantes,Prive,0.4692693494617078,12,57.71
14081,F,Agriculteur,0,Bordeaux,Public,0.5118662651964766,13,59.55
14082,M,Agriculteur,0,Lyon,Prive,0.1735705266278582,13,58.49
14083,F,Employe,0,Nantes,Prive,0.07904890104677448,11,66.975
14084,F,Retraite,1,Marseille,Prive,0.2574605946553354,11,33.09
14085,F,Retraite,0,Nancy,Public,0.10981029721067892,11,58.29
14086,F,Professions_intermediaires,1,Nancy,Public,0.40270700289820577,10,57.03
14087,F,Agriculteur,0,Toulouse,Prive,0.34542312484853355,10,66.39
14088,F,Retraite,0,Marseille,Public,0.51773146043649,11,60.51
14089,F,Ouvrier,0,Marseille,Prive,0.6418463547972232,13,69.62
14090,M,Ouvrier,1,Marseille,Public,0.557869914378265,10,33.08
14091,M,Retraite,1,Lille,Public,0.5868894915579574,10,49.33
14092,M,Professions_intermediaires,0,Toulouse,Prive,0.6891890143335266,12,72.92
14093,F,Agriculteur,0,Toulouse,Prive,0.4347766204989076,11,77.03
14094,F,Professions_intermediaires,0,Bordeaux,Prive,-0.021362024480699016,10,47.93
14095,F,Professions_intermediaires,0,Lyon,Prive,0.15111648863255822,11,66.83
14096,F,Ouvrier,0,Lyon,Prive,0.5996786092128078,10,53.63
14097,F,Employe,0,Lyon,Public,0.5392358509876711,11,76.8
14098,M,Ouvrier,0,Paris,Public,0.6390278761423075,13,70.62
14099,F,Cadre,1,Toulouse,Prive,1.0684981059284635,12,54.37
14100,F,Ouvrier,0,Paris,Prive,0.543879604407296,13,51.28
14101,M,Agriculteur,0,Toulouse,Public,0.4808990044607085,13,75.96
14102,M,Employe,0,Nancy,Public,0.5692218998477804,13,66.975
14103,F,Agriculteur,0,Marseille,Public,0.2619579109744983,13,66.975
14104,F,Ouvrier,0,Marseille,Prive,0.6509784688452525,12,64.66
14105,M,Ouvrier,1,Nancy,Prive,0.46573114460425447,10,40.69
14106,F,Cadre,0,Nancy,Prive,0.8365523550387579,11,100.0
14107,M,Agriculteur,0,Nantes,Prive,0.1798944185485858,13,50.23
14108,F,Agriculteur,0,Lille,Public,0.5009082427981076,10,65.54
14109,F,Professions_intermediaires,0,Lyon,Public,0.37448416990471034,13,66.975
14110,F,Professions_intermediaires,0,Marseille,Public,0.2867063689819431,11,66.975
14111,F,Agriculteur,1,Nancy,Public,0.6245319089041118,13,40.47
14112,F,Agriculteur,0,Lyon,Prive,0.4364917320287082,10,76.41
14113,F,Agriculteur,1,Bordeaux,Public,0.7661073065466121,11,50.54
14114,M,Ouvrier,0,Paris,Public,0.3938244007332504,13,62.27
14115,M,Cadre,1,Marseille,Prive,0.4214817371676837,11,55.6
14116,F,Retraite,1,Lille,Public,0.9029284783062523,13,61.63
14117,M,Cadre,0,Bordeaux,Prive,0.22982383699981673,11,88.74
14118,M,Ouvrier,0,Nancy,Prive,0.34327348217653253,11,63.41
14119,F,Professions_intermediaires,1,Paris,Public,-0.11796723569205281,12,33.96
14120,F,Employe,1,Nantes,Public,0.4106275421695993,11,59.67
14121,F,Professions_intermediaires,0,Toulouse,Prive,0.6381543656282248,13,84.76
14122,F,Professions_intermediaires,1,Nantes,Prive,0.581958064625435,12,51.58
14123,M,Agriculteur,1,Nantes,Public,0.5288438297841498,13,51.14
14124,F,Retraite,0,Lille,Public,0.324743444889784,12,75.47
14125,F,Agriculteur,0,Paris,Public,0.4619209719684254,13,60.6
14126,F,Retraite,0,Nantes,Public,0.4204883760257481,12,55.43
14127,F,Ouvrier,0,Bordeaux,Public,0.49890494703219196,11,60.32
14128,F,Agriculteur,1,Marseille,Public,0.5348406339288968,13,37.66
14129,F,Cadre,1,Nantes,Public,0.42984172717340247,11,64.94
14130,F,Agriculteur,0,Nancy,Prive,0.5047644256009259,11,76.18
14131,F,Ouvrier,0,Bordeaux,Public,0.4804394969406374,13,62.61
14132,M,Professions_intermediaires,0,Lille,Prive,0.36500537492911145,11,64.5
14133,M,Ouvrier,0,Nancy,Public,0.5159029178444928,10,68.52
14134,M,Professions_intermediaires,0,Bordeaux,Public,0.24457931708923852,10,66.84
14135,M,Employe,0,Nantes,Public,0.5362740747581766,12,60.69
14136,M,Ouvrier,0,Nantes,Prive,0.2778467539854272,10,57.44
14137,F,Ouvrier,0,Bordeaux,Public,0.49489515490939434,11,72.23
14138,F,Employe,1,Lille,Prive,0.5930846148478135,11,45.33
14139,F,Retraite,0,Lille,Prive,0.3148196501411872,11,75.83
14140,M,Retraite,0,Nancy,Prive,0.706568626327077,13,69.24
14141,F,Ouvrier,1,Paris,Public,0.8576517724654613,13,50.51
14142,M,Retraite,1,Bordeaux,Prive,0.3699910103432922,10,42.17
14143,M,Professions_intermediaires,0,Marseille,Prive,0.4710508531314273,10,68.38
14144,F,Employe,0,Nancy,Prive,0.7423853631593007,12,62.43
14145,M,Retraite,0,Toulouse,Prive,0.1403780659477913,13,73.69
14146,F,Employe,0,Marseille,Prive,0.506677574417213,11,58.03
14147,F,Employe,0,Lille,Prive,0.43958930069670177,11,78.36
14148,M,Employe,0,Lyon,Prive,0.6800927139114026,13,86.53
14149,F,Ouvrier,0,Lyon,Public,0.4509736755547918,11,54.0
14150,M,Cadre,0,Bordeaux,Prive,0.5903935511235097,12,91.56
14151,F,Ouvrier,1,Bordeaux,Prive,0.33536715837627684,13,44.09
14152,F,Employe,0,Lille,Public,0.690318353669967,10,78.92
14153,M,Cadre,0,Paris,Prive,0.2756801212655404,10,73.39
14154,F,Professions_intermediaires,0,Lille,Public,0.674163432274251,10,75.84
14155,F,Retraite,0,Nantes,Prive,0.5152388076008011,12,73.07
14156,M,Ouvrier,0,Lyon,Prive,0.029112523351576325,13,34.88
14157,F,Professions_intermediaires,0,Nantes,Prive,0.5126078394845706,10,57.77
14158,F,Ouvrier,1,Nantes,Public,0.6213917787586786,12,45.11
14159,F,Retraite,1,Paris,Public,0.2541284716891573,10,38.93
14160,M,Employe,1,Paris,Public,0.3306000671800497,10,44.69
14161,M,Retraite,0,Bordeaux,Public,0.5177655658104924,13,57.89
14162,M,Agriculteur,1,Nancy,Prive,0.3976897618814143,11,52.81
14163,F,Employe,0,Nantes,Prive,0.5659162860440617,11,77.59
14164,M,Employe,0,Lille,Prive,0.45815009097549586,11,67.55
14165,F,Employe,0,Paris,Prive,0.23606028256623868,11,50.79
14166,M,Cadre,0,Lille,Prive,0.9656757135681631,11,100.0
14167,M,Cadre,0,Nantes,Prive,0.432031434531599,10,66.69
14168,F,Professions_intermediaires,1,Nancy,Public,0.5248533132687864,10,44.69
14169,M,Cadre,0,Marseille,Public,0.8544810137139017,12,98.63
14170,M,Agriculteur,1,Bordeaux,Public,0.6725788683841453,12,41.66
14171,M,Cadre,0,Nancy,Public,0.6095016765649571,12,79.78
14172,M,Employe,0,Toulouse,Public,0.7115596553307804,10,72.85
14173,F,Employe,0,Paris,Prive,0.6102898888619979,12,66.975
14174,M,Agriculteur,0,Bordeaux,Prive,0.6102825448445808,12,75.65
14175,F,Ouvrier,1,Marseille,Public,0.6134271224804034,11,55.89
14176,F,Employe,0,Lyon,Public,0.466250731653584,12,63.71
14177,F,Employe,0,Toulouse,Prive,0.7149589598806898,11,65.43
14178,F,Professions_intermediaires,0,Paris,Prive,0.6348878597921611,13,66.93
14179,M,Ouvrier,0,Toulouse,Public,0.04007245535247406,13,50.89
14180,F,Cadre,0,Nantes,Public,0.6701648164546757,12,91.71
14181,F,Agriculteur,0,Bordeaux,Public,0.34131199307919435,10,88.04
14182,F,Retraite,0,Paris,Public,0.5485839173662707,13,72.09
14183,M,Cadre,0,Marseille,Prive,0.165546922518289,12,61.22
14184,M,Retraite,0,Bordeaux,Prive,0.38334037246985364,13,66.975
14185,M,Professions_intermediaires,0,Lille,Public,0.4271305358041281,12,66.975
14186,M,Agriculteur,0,Toulouse,Prive,0.6073324713116908,12,58.55
14187,F,Employe,0,Lille,Prive,0.38245979429622384,11,75.23
14188,M,Retraite,0,Paris,Prive,0.06682570328161946,12,62.04
14189,M,Employe,0,Lille,Prive,0.40193644372204074,10,74.65
14190,M,Ouvrier,0,Lyon,Public,0.42388744131682315,11,52.71
14191,F,Ouvrier,0,Bordeaux,Prive,0.6266143110056017,12,84.3
14192,F,Professions_intermediaires,0,Paris,Public,0.5296138353442542,13,84.4
14193,M,Professions_intermediaires,0,Lille,Prive,0.34666829392328247,12,62.07
14194,F,Employe,0,Lyon,Prive,0.5554089310544705,13,89.68
14195,F,Retraite,1,Marseille,Public,0.8667336022523,11,58.77
14196,F,Employe,1,Bordeaux,Public,0.7340691780602666,10,53.5
14197,F,Professions_intermediaires,0,Paris,Public,0.11810283031701718,10,62.07
14198,F,Professions_intermediaires,0,Nancy,Public,0.9950228583979334,11,57.46
14199,M,Professions_intermediaires,0,Marseille,Public,0.7367610205944285,10,86.09
14200,F,Agriculteur,0,Toulouse,Public,0.8170783326585296,12,70.89
14201,M,Retraite,0,Marseille,Prive,0.19602589652847824,10,55.19
14202,F,Agriculteur,1,Nantes,Public,0.4171473004902828,11,46.79
14203,M,Retraite,0,Toulouse,Prive,0.6177014185914669,13,58.82
14204,F,Retraite,0,Nantes,Prive,0.2756851450165405,13,65.22
14205,M,Cadre,0,Paris,Public,0.6055672433877648,13,78.75
14206,M,Professions_intermediaires,0,Bordeaux,Prive,0.8266521087315031,13,66.76
14207,M,Employe,1,Toulouse,Prive,0.43336205620140605,12,46.12
14208,F,Retraite,0,Nancy,Prive,0.8406731515260237,10,67.77
14209,M,Retraite,0,Nantes,Prive,0.6404990057050729,10,49.46
14210,F,Retraite,0,Bordeaux,Prive,0.12826437589908873,12,46.26
14211,F,Agriculteur,0,Marseille,Prive,0.32621909511167907,10,67.18
14212,F,Retraite,0,Lyon,Prive,0.721651857929247,13,71.63
14213,M,Agriculteur,0,Lille,Prive,0.2935582205170384,11,75.98
14214,M,Employe,0,Marseille,Prive,0.7158435467440862,12,66.975
14215,M,Employe,0,Paris,Prive,0.6223167379606112,10,73.65
14216,M,Professions_intermediaires,0,Marseille,Prive,0.5624948838925588,10,69.03
14217,F,Cadre,1,Paris,Public,0.38454482298415704,13,58.05
14218,F,Agriculteur,0,Bordeaux,Public,0.5602276980290164,13,74.77
14219,F,Agriculteur,0,Lille,Public,0.8364932976979795,12,85.84
14220,F,Retraite,1,Toulouse,Public,0.42199086553461823,10,48.68
14221,M,Agriculteur,0,Nancy,Public,0.6220230168722228,11,66.46
14222,M,Ouvrier,1,Lille,Public,0.9012628579760746,11,50.7
14223,M,Cadre,0,Lille,Public,0.5524613017463016,11,82.84
14224,M,Employe,1,Paris,Prive,0.4018730657236269,13,25.82
14225,M,Professions_intermediaires,0,Paris,Public,0.39969600751271506,11,69.88
14226,M,Cadre,1,Toulouse,Public,0.08325626380092277,13,51.14
14227,F,Retraite,0,Marseille,Public,0.25771230794168665,12,67.33
14228,M,Employe,0,Lyon,Public,0.5676538317761821,12,58.55
14229,M,Cadre,1,Lyon,Public,0.6939662584916486,13,59.37
14230,M,Agriculteur,0,Nantes,Prive,0.414779702198635,10,75.64
14231,M,Cadre,0,Lyon,Public,0.6913935624130516,12,79.92
14232,M,Ouvrier,0,Toulouse,Prive,0.6788179092163891,11,57.73
14233,M,Employe,0,Paris,Public,0.3458425884691996,10,68.08
14234,F,Cadre,0,Nancy,Public,0.38084413412301993,10,89.3
14235,F,Professions_intermediaires,0,Bordeaux,Prive,0.230772469891332,10,82.15
14236,M,Agriculteur,0,Nancy,Prive,0.6487891139063335,12,68.08
14237,M,Professions_intermediaires,0,Marseille,Prive,0.5007488475502856,12,71.34
14238,F,Cadre,1,Paris,Prive,0.6775373445945521,13,67.94
14239,F,Professions_intermediaires,0,Toulouse,Public,0.48805937897962337,13,69.81
14240,M,Ouvrier,0,Nantes,Public,0.31188645546851423,12,59.77
14241,M,Employe,0,Paris,Public,0.6559499395923349,11,67.47
14242,F,Professions_intermediaires,1,Nantes,Public,0.10369715073978925,12,35.78
14243,M,Retraite,0,Lille,Prive,0.43257573017386297,12,46.62
14244,F,Professions_intermediaires,0,Nancy,Public,0.3451313974926177,11,70.96
14245,F,Ouvrier,0,Nantes,Prive,0.8051086951887793,13,73.8
14246,M,Retraite,0,Marseille,Prive,0.8499523883715674,11,65.52
14247,M,Employe,0,Nancy,Public,0.5846303539133597,11,57.11
14248,M,Agriculteur,0,Bordeaux,Public,0.3842350787439811,13,79.26
14249,F,Retraite,0,Bordeaux,Prive,0.844233946903729,11,69.88
14250,F,Retraite,0,Bordeaux,Prive,0.3603244958825098,13,70.52
14251,M,Ouvrier,0,Lyon,Prive,0.22318656108322005,11,66.975
14252,M,Employe,0,Lille,Public,0.10257618265389712,12,71.85
14253,M,Professions_intermediaires,0,Bordeaux,Public,0.5204691155832756,13,73.94
14254,F,Agriculteur,1,Paris,Public,0.15700298549735492,13,29.09
14255,M,Retraite,0,Bordeaux,Public,0.783774450874748,10,53.03
14256,F,Professions_intermediaires,0,Lille,Prive,0.383910657739068,12,70.56
14257,M,Ouvrier,0,Paris,Public,0.24272243822645995,10,69.61
14258,M,Agriculteur,0,Lille,Public,0.7231310819971473,12,146.78519131721018
14259,F,Agriculteur,1,Marseille,Public,0.6751746221963826,12,65.57
14260,F,Cadre,0,Marseille,Public,0.8326829380696801,13,84.08
14261,M,Professions_intermediaires,0,Toulouse,Prive,0.16009648649501368,13,79.6
14262,F,Employe,0,Bordeaux,Prive,0.11797545184008945,10,66.17
14263,F,Agriculteur,1,Paris,Prive,0.8121407508447027,10,57.54
14264,M,Ouvrier,0,Marseille,Prive,-0.06124586863327808,13,56.1
14265,M,Retraite,0,Nantes,Public,0.2569022779457465,12,53.53
14266,F,Retraite,0,Lyon,Prive,0.5110650979397785,11,69.91
14267,M,Agriculteur,0,Marseille,Public,0.23411149977075368,11,54.54
14268,F,Agriculteur,1,Bordeaux,Prive,0.5422586942834898,10,44.93
14269,F,Retraite,1,Marseille,Public,0.2702670334292582,13,32.19
14270,F,Ouvrier,1,Paris,Prive,0.758016063474469,10,39.13
14271,F,Professions_intermediaires,1,Nancy,Public,0.643561602007142,12,43.03
14272,M,Professions_intermediaires,1,Paris,Public,0.5550178638678092,12,75.69
14273,M,Retraite,0,Toulouse,Public,0.42900215887302773,13,51.62
14274,F,Agriculteur,1,Bordeaux,Public,0.2933040565340701,12,54.25
14275,F,Professions_intermediaires,0,Bordeaux,Public,0.4730587006337831,13,59.71
14276,F,Professions_intermediaires,0,Lille,Prive,0.25362902341733035,12,64.88
14277,F,Ouvrier,0,Nantes,Prive,0.8833923326053461,12,66.71
14278,M,Employe,0,Paris,Prive,0.5638543115701589,12,81.2
14279,M,Cadre,0,Toulouse,Prive,0.3259787040717669,13,66.975
14280,F,Retraite,0,Paris,Public,0.8131720149756709,12,62.74
14281,M,Retraite,0,Nantes,Public,0.49076733928253646,13,66.975
14282,F,Professions_intermediaires,0,Paris,Prive,0.7797526882164063,12,92.33
14283,F,Ouvrier,0,Nantes,Prive,0.7736969058759444,12,76.97
14284,M,Agriculteur,0,Paris,Public,0.587295721949573,10,63.9
14285,F,Cadre,0,Paris,Prive,0.24611976498754112,12,66.68
14286,M,Professions_intermediaires,0,Lille,Public,0.38389989150284753,10,65.67
14287,F,Cadre,0,Lyon,Prive,1.2178204962964108,12,100.0
14288,F,Agriculteur,0,Toulouse,Public,0.38976447433251443,10,51.28
14289,M,Employe,0,Nancy,Prive,0.4485294593341614,11,64.31
14290,M,Ouvrier,0,Bordeaux,Prive,0.4056229103698474,12,46.95
14291,M,Employe,0,Lille,Public,0.3120770105058248,11,58.49
14292,M,Retraite,0,Toulouse,Public,0.6407900561983588,11,71.7
14293,F,Ouvrier,1,Nancy,Prive,0.23221922851787263,10,35.03
14294,F,Employe,0,Lille,Public,0.3338399275184465,13,71.1
14295,F,Cadre,1,Paris,Public,0.5617357678058555,10,66.975
14296,M,Retraite,0,Toulouse,Prive,0.449879291634268,11,96.47
14297,F,Cadre,0,Marseille,Public,0.5326177929240073,13,94.39
14298,M,Retraite,0,Lille,Prive,0.4937965498646205,12,69.28
14299,F,Retraite,1,Nancy,Prive,0.26555692282135,11,34.44
14300,M,Professions_intermediaires,1,Bordeaux,Public,0.7929162329619206,11,68.49
14301,F,Cadre,0,Lyon,Prive,0.7286027953492928,10,100.0
14302,M,Professions_intermediaires,0,Lille,Prive,0.30887952391368867,11,63.72
14303,F,Agriculteur,0,Paris,Prive,0.5953527439540252,12,66.56
14304,M,Ouvrier,0,Toulouse,Prive,0.40188137782479694,11,52.01
14305,F,Agriculteur,0,Bordeaux,Public,0.7166724535659776,11,62.36
14306,M,Cadre,1,Lille,Prive,0.6717884639857057,12,67.64
14307,M,Retraite,0,Marseille,Prive,0.751212532452709,11,57.39
14308,M,Professions_intermediaires,0,Marseille,Prive,0.31054385785643746,11,68.94
14309,M,Retraite,0,Paris,Prive,0.22904103516241253,13,60.92
14310,M,Ouvrier,0,Bordeaux,Public,0.12830181662070372,10,54.37
14311,F,Ouvrier,0,Lyon,Prive,1.035037438185431,12,66.975
14312,M,Ouvrier,0,Nancy,Public,0.6812265898136789,10,50.05
14313,F,Retraite,0,Paris,Public,0.7489917633265231,10,81.95
14314,M,Retraite,0,Toulouse,Public,0.21324903293160208,12,41.78
14315,M,Retraite,1,Toulouse,Public,0.6270980731406695,10,47.85
14316,M,Employe,0,Nancy,Prive,0.15567101356455748,11,72.8
14317,F,Employe,0,Marseille,Public,0.5910245562022132,11,71.33
14318,F,Cadre,0,Lyon,Public,0.5040940322920188,13,97.1
14319,F,Agriculteur,0,Nantes,Prive,0.4403429913853847,10,72.78
14320,F,Employe,0,Lille,Prive,0.39158418984235366,10,53.57
14321,M,Professions_intermediaires,1,Marseille,Public,0.7351571217104048,10,70.98
14322,M,Professions_intermediaires,1,Toulouse,Public,0.3954125040517593,11,46.4
14323,F,Cadre,0,Paris,Public,0.7706728471906811,10,87.6
14324,F,Cadre,0,Lyon,Public,0.4905284472077308,12,91.45
14325,F,Professions_intermediaires,1,Marseille,Prive,0.574732738522165,10,48.61
14326,M,Agriculteur,0,Bordeaux,Prive,0.6100554314231953,12,78.88
14327,F,Employe,1,Bordeaux,Public,0.5919337024976249,10,54.32
14328,M,Professions_intermediaires,1,Bordeaux,Public,0.5456916984827079,10,69.9
14329,F,Ouvrier,0,Paris,Prive,0.9305204187713612,11,81.3
14330,M,Ouvrier,0,Paris,Public,0.7257588851633603,10,63.12
14331,F,Professions_intermediaires,0,Marseille,Public,-0.011335894197095686,12,60.5
14332,F,Cadre,0,Marseille,Public,0.45835617543770896,10,78.0
14333,F,Employe,0,Nancy,Public,0.7972124001047355,13,72.79
14334,M,Ouvrier,0,Nancy,Prive,0.3373778452339068,13,48.31
14335,M,Retraite,0,Lyon,Public,0.500929226574791,11,61.24
14336,F,Agriculteur,0,Nantes,Prive,0.5158674504155649,13,58.46
14337,F,Retraite,0,Bordeaux,Prive,0.8184153448040968,13,63.74
14338,M,Ouvrier,0,Marseille,Prive,0.2906574898062182,13,67.7
14339,F,Ouvrier,0,Bordeaux,Public,0.31934597610012705,11,45.46
14340,F,Employe,0,Marseille,Public,0.6011037873566601,10,57.87
14341,F,Ouvrier,0,Paris,Prive,0.5689404886344931,12,56.49
14342,M,Cadre,1,Bordeaux,Prive,0.6044128396236272,12,78.59
14343,F,Professions_intermediaires,0,Paris,Public,0.5644523906517531,11,68.45
14344,M,Employe,0,Lyon,Public,0.47629983380389057,12,63.7
14345,F,Cadre,0,Marseille,Public,0.6120604485313428,11,90.49
14346,M,Professions_intermediaires,0,Lille,Prive,0.541071188691119,13,79.63
14347,F,Employe,0,Nancy,Prive,0.45018080990243464,13,66.41
14348,M,Cadre,0,Nantes,Public,0.4873192779484536,10,66.975
14349,M,Professions_intermediaires,0,Lille,Public,0.39207324208112165,13,80.29
14350,F,Retraite,0,Lille,Prive,0.3584141620091411,10,50.78
14351,F,Employe,0,Nancy,Prive,0.6115154980757596,12,64.81
14352,F,Ouvrier,0,Marseille,Prive,0.23863142876709392,10,48.17
14353,F,Retraite,0,Toulouse,Public,0.6377768765492824,10,65.19
14354,F,Professions_intermediaires,1,Lyon,Public,0.4472346557885324,12,65.5
14355,M,Cadre,0,Nancy,Prive,0.4793666782294771,11,92.3
14356,M,Agriculteur,0,Nancy,Public,0.46454843278747976,13,66.44
14357,M,Retraite,1,Lille,Public,0.6006468476888784,12,53.45
14358,M,Ouvrier,0,Lyon,Public,0.7960334580215669,10,85.56
14359,M,Retraite,0,Nantes,Public,0.8607098095390202,11,60.71
14360,F,Professions_intermediaires,1,Marseille,Public,0.709523677066362,12,54.12
14361,F,Professions_intermediaires,0,Paris,Prive,0.5157058288715952,10,73.4
14362,F,Retraite,0,Toulouse,Prive,0.6598793963276406,10,72.4
14363,M,Employe,0,Lille,Public,0.0956096455236185,10,62.74
14364,F,Agriculteur,1,Toulouse,Prive,0.6215777440534065,10,42.62
14365,F,Professions_intermediaires,0,Lyon,Public,0.5779351997170253,13,78.82
14366,M,Retraite,0,Marseille,Public,0.19105814436132418,12,64.82
14367,F,Cadre,0,Bordeaux,Prive,0.38377937472642293,11,71.96
14368,F,Agriculteur,0,Marseille,Public,0.5555209684172299,11,72.07
14369,F,Cadre,0,Lyon,Prive,0.5763358279187781,12,81.65
14370,F,Cadre,0,Lyon,Public,0.6914389977865062,12,76.72
14371,F,Cadre,0,Paris,Public,0.8339405176986278,11,100.0
14372,F,Retraite,0,Bordeaux,Public,0.4701620518031398,11,69.04
14373,M,Retraite,0,Marseille,Public,0.27240541998640966,11,50.91
14374,F,Employe,0,Marseille,Public,0.6643867071978837,10,80.36
14375,M,Retraite,0,Marseille,Public,0.7575711212958214,10,88.75
14376,F,Professions_intermediaires,0,Bordeaux,Public,0.7535063329550861,12,82.03
14377,F,Ouvrier,0,Nantes,Prive,0.5941507988324528,13,51.13
14378,F,Agriculteur,0,Bordeaux,Public,0.8999682438274818,12,75.59
14379,M,Ouvrier,1,Nancy,Prive,0.4452174264636225,13,21.33
14380,M,Retraite,0,Bordeaux,Public,0.8198667293164579,13,69.96
14381,F,Cadre,0,Lyon,Prive,0.2679523654401422,12,76.94
14382,M,Retraite,1,Lille,Prive,0.04677277009713232,12,41.07
14383,F,Cadre,0,Nancy,Public,0.2646284427830864,11,74.94
14384,F,Ouvrier,0,Lille,Prive,0.38509175120536354,10,67.03
14385,M,Agriculteur,0,Marseille,Prive,0.5001392222028056,11,60.8
14386,M,Agriculteur,1,Lyon,Public,0.31347121066332806,13,42.82
14387,F,Employe,0,Bordeaux,Prive,0.5255543602360631,12,56.41
14388,F,Employe,0,Marseille,Public,0.6293627972473506,12,61.73
14389,F,Retraite,0,Lyon,Public,0.5705342035710063,12,74.1
14390,M,Agriculteur,0,Nantes,Prive,0.47244749652779905,10,77.03
14391,F,Employe,0,Nancy,Public,0.7405247403353601,10,67.91
14392,M,Agriculteur,1,Nantes,Public,0.33991166697141373,13,49.15
14393,M,Employe,1,Lyon,Public,0.45176021451589443,13,52.96
14394,F,Employe,0,Paris,Prive,0.3900041676430465,13,56.47
14395,F,Professions_intermediaires,1,Toulouse,Public,0.6305552864575141,10,62.43
14396,M,Agriculteur,0,Lille,Prive,0.4149032734153693,13,66.24
14397,F,Retraite,1,Nancy,Prive,0.5800325164845525,11,50.42
14398,M,Cadre,1,Nantes,Prive,0.6632664765940424,11,66.5
14399,M,Ouvrier,1,Nantes,Prive,0.398625849149849,11,18.59
14400,M,Professions_intermediaires,0,Lille,Public,0.1803322300305331,13,68.47
14401,F,Agriculteur,0,Toulouse,Public,0.45495482443842816,12,67.02
14402,F,Retraite,0,Lyon,Public,0.3408758191005141,12,59.0
14403,F,Ouvrier,0,Lille,Public,0.371521433468462,10,43.9
14404,F,Professions_intermediaires,1,Nancy,Public,0.0057667602055531675,11,53.64
14405,M,Professions_intermediaires,1,Marseille,Public,0.17591797524918268,10,47.24
14406,F,Professions_intermediaires,1,Toulouse,Public,0.6599957456529311,10,66.975
14407,M,Ouvrier,1,Nantes,Public,0.3125157449700099,12,48.12
14408,M,Ouvrier,0,Marseille,Prive,0.7311869932068545,11,68.92
14409,M,Professions_intermediaires,0,Nantes,Prive,0.35687554537910504,13,79.15
14410,M,Employe,0,Lyon,Prive,0.5972610182434815,10,66.47
14411,M,Professions_intermediaires,0,Marseille,Public,0.4493591506619319,13,72.77
14412,F,Ouvrier,0,Lyon,Prive,0.6299272664731259,11,73.94
14413,M,Agriculteur,0,Nantes,Public,0.4493067091103319,12,70.8
14414,M,Employe,0,Nantes,Public,0.5426517984015558,13,66.69
14415,F,Cadre,0,Lyon,Public,0.7461664186787225,10,85.17
14416,F,Cadre,0,Nancy,Prive,0.5942117628036974,11,64.52
14417,M,Cadre,0,Nantes,Prive,0.362358562624162,11,89.2
14418,F,Professions_intermediaires,1,Nancy,Prive,0.12536561961112191,13,55.76
14419,F,Professions_intermediaires,0,Bordeaux,Public,0.478211095664087,13,81.74
14420,M,Agriculteur,0,Marseille,Public,0.586060290967723,10,80.17
14421,M,Retraite,0,Paris,Public,0.5307956010397212,13,56.34
14422,M,Employe,0,Lille,Prive,0.32443238405278024,11,60.03
14423,M,Retraite,0,Lille,Prive,0.530333196778677,12,60.39
14424,M,Professions_intermediaires,0,Lille,Prive,0.6319668119619227,12,59.29
14425,M,Employe,1,Paris,Prive,0.7787087699870987,12,47.76
14426,M,Retraite,0,Bordeaux,Prive,0.4548071884366009,13,64.54
14427,M,Agriculteur,0,Marseille,Public,0.9913904356785854,10,88.24
14428,M,Employe,1,Marseille,Prive,0.7906507463709187,10,58.07
14429,M,Employe,1,Toulouse,Prive,0.5336555754095338,12,42.08
14430,M,Professions_intermediaires,0,Lyon,Prive,0.5523252056849125,13,83.76
14431,M,Agriculteur,0,Nancy,Prive,0.7777851521811325,10,76.87
14432,F,Ouvrier,0,Nancy,Prive,0.3073500995464104,13,42.58
14433,M,Professions_intermediaires,1,Lille,Prive,0.3395348587232073,10,52.36
14434,M,Professions_intermediaires,0,Nantes,Public,0.24240896018894192,10,75.67
14435,M,Retraite,0,Bordeaux,Public,0.44897094409342286,13,67.96
14436,M,Agriculteur,1,Lille,Public,0.3279965409212702,10,33.92
14437,M,Retraite,0,Toulouse,Public,0.42900911871025615,13,54.25
14438,F,Ouvrier,0,Paris,Prive,0.4930635561502098,10,80.28
14439,F,Agriculteur,1,Lille,Public,0.22430938942386425,10,35.6
14440,F,Cadre,0,Marseille,Public,0.7732459205651895,10,92.35
14441,F,Professions_intermediaires,0,Toulouse,Prive,0.7383779520377591,13,58.36
14442,F,Retraite,0,Toulouse,Public,0.40801490233202575,10,75.61
14443,F,Retraite,0,Lille,Public,0.7963710024603308,12,79.47
14444,F,Employe,0,Marseille,Public,0.5776940815227896,12,86.1
14445,F,Employe,0,Bordeaux,Public,0.7198289602426406,12,64.2
14446,M,Agriculteur,0,Bordeaux,Public,0.22869363872848936,11,73.35
14447,M,Retraite,0,Nancy,Public,0.4327293296633442,13,53.49
14448,F,Professions_intermediaires,1,Nancy,Public,0.6256436234288977,12,72.55
14449,M,Ouvrier,0,Paris,Prive,0.46721450116150837,12,37.92
14450,M,Ouvrier,0,Lille,Public,0.4648254072295891,12,68.96
14451,M,Agriculteur,1,Marseille,Public,0.47786577809477515,11,48.19
14452,F,Agriculteur,0,Lyon,Prive,0.5746917828389051,11,77.62
14453,M,Retraite,0,Lyon,Prive,0.5222929071517355,13,69.91
14454,F,Professions_intermediaires,0,Toulouse,Prive,0.8116170606004194,13,66.975
14455,F,Cadre,0,Nancy,Prive,0.3021155134077873,10,100.0
14456,F,Ouvrier,0,Nancy,Prive,0.5189041109301411,12,78.83
14457,M,Agriculteur,0,Nantes,Public,0.6407837416097261,12,76.7
14458,F,Retraite,1,Nantes,Prive,0.25126577287006113,11,42.34
14459,M,Ouvrier,0,Marseille,Public,0.4312603748616012,10,72.29
14460,M,Cadre,0,Nantes,Public,0.5347720578669214,10,99.22
14461,M,Cadre,1,Bordeaux,Public,0.8005782991337941,10,72.12
14462,F,Agriculteur,1,Nantes,Public,0.5272780830867511,12,51.16
14463,F,Agriculteur,0,Paris,Prive,0.6515985019696889,11,64.72
14464,F,Employe,0,Nancy,Public,0.6646917957223187,12,75.47
14465,M,Retraite,0,Bordeaux,Public,-0.05116015335245572,13,54.39
14466,F,Ouvrier,0,Lyon,Prive,0.5160763567809555,12,71.24
14467,M,Agriculteur,0,Bordeaux,Prive,0.4128603897771817,11,82.91
14468,F,Agriculteur,0,Bordeaux,Prive,0.800632059796029,13,87.76
14469,M,Ouvrier,0,Lyon,Public,0.6397323293985456,13,73.1
14470,M,Agriculteur,0,Lille,Prive,0.6749482681045352,13,70.34
14471,M,Employe,1,Lille,Prive,0.6039258684538944,12,46.16
14472,M,Employe,0,Marseille,Prive,0.5209565976683357,12,74.73
14473,M,Ouvrier,0,Lyon,Prive,0.6671126297244806,11,69.44
14474,F,Agriculteur,1,Lyon,Public,0.4957341151995062,11,56.24
14475,M,Agriculteur,0,Paris,Public,0.7568552169724783,13,65.33
14476,M,Professions_intermediaires,0,Paris,Prive,0.2861963214838691,13,60.93
14477,M,Agriculteur,0,Marseille,Public,0.7075725340404323,13,68.42
14478,F,Cadre,0,Bordeaux,Prive,0.4274491445563914,11,90.81
14479,F,Professions_intermediaires,0,Bordeaux,Prive,0.6358912292379679,13,78.93
14480,M,Agriculteur,0,Nancy,Public,0.1856531596272432,10,75.31
14481,M,Cadre,0,Bordeaux,Public,0.5539393095217355,13,76.44
14482,M,Professions_intermediaires,1,Lyon,Prive,0.4697758437305831,13,66.975
14483,F,Ouvrier,0,Lille,Public,0.4909318853778541,12,59.66
14484,F,Professions_intermediaires,1,Lyon,Prive,0.14649231234500443,10,43.05
14485,F,Retraite,1,Marseille,Prive,0.5065767795349833,13,38.56
14486,M,Agriculteur,0,Bordeaux,Public,0.5259375520551715,10,69.48
14487,M,Employe,0,Lyon,Public,0.1436785178576392,10,60.38
14488,M,Professions_intermediaires,1,Toulouse,Public,0.26986069296059256,10,37.73
14489,F,Professions_intermediaires,0,Lille,Prive,0.5315379687273558,11,70.98
14490,F,Retraite,0,Lyon,Prive,0.5813810675073898,10,73.86
14491,M,Agriculteur,0,Nancy,Public,0.48987685302324796,12,65.44
14492,M,Agriculteur,0,Nancy,Prive,0.5089857634377764,11,60.89
14493,F,Agriculteur,0,Paris,Prive,0.5053799465747418,13,66.45
14494,M,Cadre,1,Paris,Public,0.39103005649413214,12,50.65
14495,F,Cadre,0,Lyon,Public,0.46435264886738964,12,100.0
14496,F,Cadre,0,Paris,Public,0.21968430421782115,10,87.35
14497,M,Cadre,0,Nancy,Prive,0.38306818166209344,12,100.0
14498,M,Retraite,0,Marseille,Public,0.4915156513275866,13,64.73
14499,M,Retraite,0,Nancy,Prive,0.7471875517173852,12,66.31
14500,M,Retraite,0,Marseille,Prive,0.47567037859472155,11,55.72
14501,M,Professions_intermediaires,0,Marseille,Prive,0.9122882598128481,12,87.2
14502,M,Employe,0,Paris,Prive,0.8859924093699365,11,71.46
14503,M,Ouvrier,0,Nantes,Public,0.5139403288313984,10,51.67
14504,M,Employe,0,Paris,Prive,0.4172473531404326,12,77.1
14505,F,Professions_intermediaires,0,Lille,Public,0.953205421262505,11,85.82
14506,M,Cadre,0,Lyon,Public,0.649200002752453,10,89.64
14507,F,Professions_intermediaires,0,Lille,Prive,0.5877246938665825,13,79.41
14508,M,Retraite,0,Bordeaux,Public,0.3557012606688038,11,64.54
14509,M,Cadre,0,Nantes,Prive,0.4144985243481622,13,66.38
14510,M,Retraite,0,Nantes,Public,0.2999019653760015,12,49.24
14511,M,Professions_intermediaires,0,Toulouse,Public,0.7975989295469479,12,97.13
14512,F,Agriculteur,0,Lyon,Prive,0.600308454672776,11,71.29
14513,F,Ouvrier,0,Bordeaux,Public,0.43794093430751146,13,63.85
14514,F,Employe,0,Bordeaux,Prive,0.40554432905205995,10,73.6
14515,F,Retraite,0,Nantes,Prive,0.30174344663163016,10,57.76
14516,M,Retraite,1,Lyon,Public,0.4860327214297084,11,34.07
14517,M,Professions_intermediaires,0,Nantes,Public,0.5341410469800629,10,62.45
14518,M,Ouvrier,0,Lille,Public,0.04489936305265957,10,40.91
14519,F,Ouvrier,0,Bordeaux,Prive,0.30716151992990126,10,51.06
14520,F,Cadre,1,Marseille,Public,0.36468766196176605,13,55.67
14521,M,Retraite,0,Lyon,Prive,0.7170967214288824,10,57.18
14522,M,Cadre,0,Lyon,Prive,0.38924480559770636,10,89.85
14523,F,Retraite,1,Nantes,Public,0.14112704744375515,13,50.87
14524,M,Professions_intermediaires,0,Toulouse,Public,0.2798100738467177,10,60.74
14525,M,Ouvrier,0,Marseille,Prive,0.844889266962934,11,52.18
14526,M,Professions_intermediaires,0,Lyon,Prive,0.42544450604738243,12,72.9
14527,F,Cadre,1,Toulouse,Public,0.2923076003961249,10,74.56
14528,F,Employe,0,Lyon,Public,0.1652843726839912,10,49.16
14529,M,Agriculteur,1,Nantes,Public,0.5048814845896984,13,36.38
14530,M,Employe,0,Marseille,Public,0.5259478359712338,13,46.26
14531,F,Retraite,1,Toulouse,Public,0.5882213404649729,12,49.77
14532,F,Agriculteur,0,Bordeaux,Prive,1.0453512976464152,10,72.5
14533,M,Agriculteur,0,Bordeaux,Prive,0.2527492855952296,13,70.48
14534,F,Ouvrier,0,Paris,Public,0.42615542154526487,11,66.4
14535,F,Retraite,1,Paris,Public,0.5584869918529218,11,60.24
14536,M,Cadre,0,Marseille,Public,0.41248518476098206,13,91.94
14537,F,Agriculteur,0,Bordeaux,Public,0.08687136530077966,12,46.15
14538,M,Employe,0,Nantes,Public,0.6022648408199064,10,66.74
14539,M,Agriculteur,0,Lille,Prive,0.3737295031386711,12,75.48
14540,F,Employe,0,Marseille,Prive,0.287206579757569,13,51.5
14541,F,Agriculteur,0,Nantes,Prive,0.32130898766412935,12,62.17
14542,M,Employe,0,Lyon,Prive,0.8102330469063153,13,74.45
14543,M,Retraite,0,Lyon,Prive,0.7598059844515114,12,69.27
14544,M,Agriculteur,0,Nancy,Public,0.28176908163076575,11,65.86
14545,F,Cadre,1,Paris,Prive,0.15364176992465373,10,51.76
14546,F,Cadre,0,Paris,Prive,0.6796727400957538,11,81.02
14547,M,Ouvrier,0,Lille,Public,0.9116412568053116,11,73.11
14548,F,Employe,0,Nantes,Public,0.9665381725960196,10,77.15
14549,M,Agriculteur,0,Bordeaux,Prive,0.2168091778166345,12,80.79
14550,M,Agriculteur,0,Lyon,Prive,0.7715702051287684,11,63.98
14551,F,Retraite,1,Paris,Public,0.498928055213697,12,44.95
14552,M,Ouvrier,0,Lyon,Prive,0.11404085297334404,11,39.59
14553,F,Employe,0,Toulouse,Prive,0.3280801086248156,10,68.01
14554,F,Agriculteur,0,Nantes,Public,0.34284512734788153,11,64.17
14555,F,Cadre,1,Nancy,Prive,0.5950961917043986,10,72.31
14556,M,Employe,0,Nantes,Prive,0.22661778670801164,13,54.56
14557,M,Employe,1,Lille,Public,0.6888028003875972,12,34.6
14558,M,Retraite,0,Bordeaux,Public,0.5950931346712129,13,77.58
14559,F,Retraite,0,Paris,Public,0.7040156420666062,12,78.08
14560,M,Ouvrier,1,Lyon,Public,0.36796031571902854,11,45.58
14561,F,Retraite,0,Marseille,Public,0.5793025816145132,13,75.25
14562,M,Professions_intermediaires,0,Nancy,Prive,0.2928243142863193,10,70.34
14563,F,Retraite,1,Nantes,Public,0.6353406074128674,12,53.98
14564,F,Professions_intermediaires,0,Lille,Prive,0.45253800466690275,10,66.3
14565,M,Agriculteur,0,Lille,Prive,0.4721639695183906,12,63.64
14566,F,Professions_intermediaires,1,Toulouse,Public,0.4934552616942827,13,65.57
14567,M,Agriculteur,0,Lille,Prive,0.15172436420382762,12,78.61
14568,F,Agriculteur,1,Lille,Public,0.7379668113807363,10,57.69
14569,F,Professions_intermediaires,1,Lyon,Prive,0.516572987970315,10,26.1
14570,M,Ouvrier,0,Bordeaux,Prive,0.7387726624458841,12,68.45
14571,F,Ouvrier,0,Toulouse,Prive,0.7240284737681622,11,79.2
14572,M,Cadre,0,Nantes,Prive,0.3373428336503433,10,77.69
14573,F,Cadre,0,Nantes,Prive,0.4460282361811119,12,75.28
14574,M,Retraite,0,Lyon,Prive,0.18983804633659795,13,65.82
14575,M,Ouvrier,1,Nancy,Public,0.7451922340935471,12,42.2
14576,F,Retraite,1,Lille,Public,0.5649232944976881,11,43.67
14577,F,Ouvrier,1,Bordeaux,Public,0.5402325450514651,13,27.36
14578,M,Cadre,1,Nantes,Prive,0.4447868429356818,11,47.94
14579,M,Cadre,0,Bordeaux,Public,0.3060479889016452,13,87.26
14580,F,Professions_intermediaires,0,Nantes,Public,0.7565414784633393,10,70.02
14581,F,Ouvrier,0,Nantes,Public,0.901095976841704,10,86.24
14582,F,Agriculteur,0,Lille,Public,0.7643098392001664,13,150.54463523195915
14583,F,Ouvrier,1,Lyon,Prive,0.46652403735288006,10,66.975
14584,F,Agriculteur,1,Nantes,Public,0.5780330411211285,11,45.0
14585,F,Professions_intermediaires,1,Toulouse,Public,0.7139860405568764,12,66.55
14586,M,Retraite,0,Nancy,Prive,0.5188187525432791,10,78.16
14587,M,Retraite,0,Bordeaux,Public,0.8889208911449172,10,74.08
14588,F,Retraite,0,Bordeaux,Public,0.7496756953873068,10,65.13
14589,M,Cadre,0,Lyon,Prive,1.057097384249555,12,92.78
14590,M,Cadre,0,Nantes,Public,0.5388463264756412,12,85.86
14591,M,Professions_intermediaires,0,Bordeaux,Prive,0.01703487121232694,12,58.54
14592,M,Professions_intermediaires,0,Bordeaux,Public,0.5143702537113002,10,85.29
14593,M,Agriculteur,0,Nancy,Public,0.42407110275354887,13,60.09
14594,M,Cadre,1,Nancy,Prive,0.5345484944789447,11,68.89
14595,F,Cadre,0,Marseille,Prive,0.8566095821369764,11,100.0
14596,F,Ouvrier,0,Nancy,Prive,0.3916312165491632,10,59.2
14597,M,Employe,1,Marseille,Prive,0.33368207504878844,11,41.31
14598,M,Agriculteur,1,Lille,Public,0.3706324172341005,11,44.94
14599,F,Retraite,0,Paris,Public,0.9308273929460877,13,67.14
14600,M,Professions_intermediaires,0,Paris,Prive,0.40784760426014777,13,78.95
14601,F,Cadre,0,Bordeaux,Public,0.551889679703412,12,85.47
14602,F,Ouvrier,0,Bordeaux,Public,0.8692934292612478,10,67.36
14603,M,Ouvrier,0,Nancy,Public,0.6327219153016681,11,53.06
14604,M,Agriculteur,0,Nancy,Public,0.04909834407028729,10,66.975
14605,F,Professions_intermediaires,0,Paris,Prive,0.40336431845921017,12,81.09
14606,M,Employe,0,Nantes,Public,0.3694369960714854,13,50.99
14607,M,Employe,0,Nantes,Prive,0.15145146224715433,13,64.42
14608,F,Ouvrier,0,Lyon,Public,0.4047422708858838,12,53.92
14609,F,Agriculteur,0,Paris,Public,-0.04443336837774292,10,49.34
14610,M,Professions_intermediaires,0,Nancy,Prive,0.5650070276599551,13,68.84
14611,M,Employe,0,Marseille,Prive,0.5014885725151342,12,71.7
14612,F,Agriculteur,0,Lyon,Prive,0.35837080618856587,10,65.09
14613,F,Retraite,0,Paris,Public,0.13811173209881367,10,57.08
14614,F,Professions_intermediaires,0,Bordeaux,Public,0.7788987758817802,13,84.19
14615,M,Employe,0,Marseille,Prive,0.3863291901185982,10,72.95
14616,M,Ouvrier,0,Nantes,Prive,0.7195158381901546,13,85.64
14617,M,Agriculteur,0,Marseille,Public,0.47484213407275894,10,65.08
14618,F,Professions_intermediaires,0,Nancy,Prive,0.7918651599507969,10,78.1
14619,F,Cadre,1,Marseille,Prive,0.6168886464251787,10,66.975
14620,F,Ouvrier,0,Nancy,Public,0.5222993742565782,11,68.34
14621,F,Agriculteur,0,Bordeaux,Public,0.33206068384705184,13,75.68
14622,F,Retraite,0,Marseille,Prive,0.7598084064323394,11,62.26
14623,M,Cadre,0,Lille,Public,0.458914152169624,11,100.0
14624,F,Employe,0,Bordeaux,Prive,0.33701770447931334,13,54.31
14625,F,Professions_intermediaires,0,Lyon,Public,0.46854751142012263,12,82.83
14626,F,Retraite,0,Lille,Prive,0.4907672633697546,12,72.06
14627,M,Professions_intermediaires,0,Toulouse,Prive,0.6748270564054769,12,65.23
14628,M,Ouvrier,0,Bordeaux,Public,0.12358003064984024,12,54.14
14629,F,Employe,0,Marseille,Public,0.9766216579189122,10,63.27
14630,F,Ouvrier,1,Paris,Public,0.5926700761286908,13,36.07
14631,M,Cadre,0,Nancy,Public,0.4968210162741913,12,83.33
14632,F,Cadre,0,Nancy,Prive,0.5887997449317084,11,88.73
14633,M,Professions_intermediaires,0,Bordeaux,Public,0.19370642022478052,12,78.47
14634,M,Agriculteur,0,Bordeaux,Prive,0.5248064264603697,10,62.31
14635,F,Ouvrier,0,Bordeaux,Public,0.6300693904966332,13,67.64
14636,M,Retraite,0,Nancy,Prive,0.44108440951683264,11,71.04
14637,F,Employe,0,Paris,Prive,0.6047173185015937,10,70.28
14638,F,Professions_intermediaires,0,Nancy,Prive,0.6586195110704176,13,78.94
14639,M,Employe,0,Lille,Prive,0.35430928889922364,11,50.68
14640,F,Cadre,0,Lille,Prive,0.7497548370222322,12,76.43
14641,F,Agriculteur,0,Paris,Prive,0.48794900123757406,13,66.975
14642,F,Ouvrier,0,Nantes,Public,0.8813047630730377,10,82.42
14643,M,Cadre,0,Lyon,Prive,0.7618849344624761,11,100.0
14644,F,Professions_intermediaires,0,Paris,Public,0.581287171898189,13,88.52
14645,F,Professions_intermediaires,0,Paris,Prive,0.3376362357426917,12,75.27
14646,F,Cadre,1,Nancy,Public,0.477694034247822,12,69.71
14647,M,Cadre,0,Lyon,Prive,0.7015676369383451,13,84.74
14648,M,Retraite,0,Nancy,Public,0.3880756070637418,11,58.19
14649,M,Employe,0,Toulouse,Prive,0.5866929880013487,11,50.62
14650,M,Cadre,0,Nantes,Public,0.6092921451373834,11,88.29
14651,M,Cadre,0,Lyon,Prive,0.4775075604709281,13,87.75
14652,F,Agriculteur,1,Marseille,Public,0.33566451009498227,12,40.34
14653,F,Agriculteur,1,Nancy,Public,0.8195175248247397,12,64.74
14654,M,Retraite,0,Lyon,Public,0.5950133306086035,13,77.15
14655,F,Ouvrier,1,Toulouse,Prive,0.4396309691094678,10,30.06
14656,F,Ouvrier,0,Nancy,Prive,0.341964317090852,11,78.81
14657,F,Cadre,0,Nancy,Public,0.6797039209650754,12,94.35
14658,F,Cadre,0,Toulouse,Public,0.48611897175711405,12,99.16
14659,M,Ouvrier,0,Paris,Prive,0.6954912531577201,10,58.11
14660,F,Retraite,0,Marseille,Public,0.3155689703411846,10,74.5
14661,M,Retraite,0,Paris,Public,0.5605216796666928,11,71.29
14662,F,Cadre,0,Lille,Prive,0.404040675687,11,80.75
14663,F,Agriculteur,0,Nancy,Public,0.8482979461861263,11,67.26
14664,M,Professions_intermediaires,0,Marseille,Public,0.5736451315061778,13,75.71
14665,F,Professions_intermediaires,0,Marseille,Prive,0.30084268340485115,10,78.13
14666,F,Retraite,0,Paris,Prive,0.6869927211664758,13,70.31
14667,F,Ouvrier,1,Toulouse,Public,0.7469422219705362,13,47.73
14668,M,Employe,0,Paris,Prive,0.43259247649793664,13,61.13
14669,M,Cadre,0,Bordeaux,Public,0.3380420662587086,13,68.53
14670,F,Retraite,1,Lyon,Public,0.05941824478613644,10,37.4
14671,M,Professions_intermediaires,0,Paris,Prive,0.7201572538005248,12,70.47
14672,M,Cadre,0,Paris,Public,0.14939935310232105,11,84.85
14673,F,Ouvrier,1,Paris,Prive,0.4903303966031172,13,48.85
14674,M,Professions_intermediaires,0,Toulouse,Public,0.1549602174293077,12,81.43
14675,M,Employe,0,Paris,Public,0.8602010655006702,10,71.53
14676,F,Employe,0,Paris,Prive,0.7669109190471244,10,73.99
14677,F,Retraite,0,Lyon,Prive,0.5600273382487474,12,53.57
14678,F,Professions_intermediaires,0,Nancy,Prive,0.7095401401930788,12,75.12
14679,M,Ouvrier,0,Lyon,Prive,0.47355930762490045,11,59.37
14680,M,Ouvrier,0,Toulouse,Public,0.3350515713862863,11,57.07
14681,F,Cadre,0,Toulouse,Public,0.16471014784848564,13,74.7
14682,M,Ouvrier,0,Nancy,Public,0.6583998003136067,10,57.85
14683,F,Cadre,0,Paris,Prive,0.2981227742530638,10,83.25
14684,F,Cadre,0,Lille,Prive,1.0053088169784092,10,93.93
14685,M,Retraite,0,Paris,Prive,0.2775276632628386,12,70.9
14686,M,Cadre,0,Lille,Prive,0.7024143595680487,11,90.73
14687,F,Employe,0,Marseille,Prive,0.755200380072228,13,69.31
14688,F,Professions_intermediaires,1,Toulouse,Public,0.23204325309112167,10,59.36
14689,F,Professions_intermediaires,0,Paris,Prive,0.41006803700793326,11,64.47
14690,F,Ouvrier,0,Marseille,Prive,0.4540160998709841,11,56.97
14691,M,Ouvrier,0,Lille,Public,1.1965204585721776,13,65.89
14692,M,Employe,0,Bordeaux,Prive,0.4509291248239311,13,63.63
14693,F,Agriculteur,0,Nancy,Prive,0.27236307240087204,10,66.975
14694,F,Employe,0,Marseille,Public,0.5983489379747985,11,72.35
14695,M,Retraite,0,Lille,Public,0.2904967847979594,12,66.975
14696,F,Cadre,0,Nantes,Prive,0.487691192114767,12,81.78
14697,M,Retraite,0,Marseille,Public,0.40901203937641606,10,64.4
14698,F,Employe,0,Nancy,Prive,0.6036024908820661,11,73.39
14699,F,Cadre,0,Toulouse,Public,0.38775766005041906,12,81.46
14700,F,Ouvrier,0,Lyon,Public,0.36077415504262544,10,65.36
14701,F,Retraite,1,Bordeaux,Prive,0.7158084527531412,12,55.52
14702,F,Professions_intermediaires,0,Toulouse,Prive,0.557812520231581,13,75.41
14703,M,Ouvrier,0,Paris,Public,0.5056479963833608,13,66.975
14704,F,Agriculteur,0,Nantes,Prive,0.1150087116899089,12,59.76
14705,M,Retraite,0,Nancy,Prive,0.6243665274383214,11,67.24
14706,M,Agriculteur,0,Nancy,Prive,0.40586690692174576,11,67.65
14707,M,Agriculteur,1,Lille,Public,0.5556824155203596,13,58.37
14708,M,Employe,0,Bordeaux,Prive,0.13114121284223257,10,66.975
14709,F,Cadre,0,Lille,Public,0.55544362454394,12,86.75
14710,F,Retraite,1,Bordeaux,Prive,0.5386222232804803,12,42.71
14711,M,Professions_intermediaires,0,Lyon,Prive,0.45409202050960634,10,78.96
14712,F,Professions_intermediaires,1,Toulouse,Prive,0.3227943019374749,11,54.46
14713,M,Agriculteur,0,Nancy,Prive,0.7332088448923793,11,72.27
14714,M,Professions_intermediaires,0,Marseille,Public,0.3506922589133544,11,67.97
14715,F,Ouvrier,0,Marseille,Prive,0.6820397509674652,12,66.1
14716,F,Employe,0,Nancy,Public,0.7094315806936907,11,67.1
14717,F,Agriculteur,0,Toulouse,Prive,0.3335559904888209,10,52.86
14718,F,Employe,0,Paris,Public,0.649610884404788,11,85.95
14719,F,Professions_intermediaires,0,Nancy,Public,0.4140586796415111,13,155.07124412896624
14720,M,Cadre,0,Nancy,Public,0.6277051013019854,13,88.17
14721,M,Professions_intermediaires,0,Nantes,Prive,0.31282083250855186,11,74.74
14722,F,Employe,1,Paris,Prive,0.4769805732130848,11,46.07
14723,M,Employe,0,Toulouse,Prive,0.5154115742895217,11,72.05
14724,M,Agriculteur,0,Lille,Prive,0.494120723415075,11,68.99
14725,M,Employe,0,Marseille,Public,0.576240887321778,11,70.58
14726,M,Employe,0,Bordeaux,Public,0.3382424136423395,12,54.77
14727,F,Retraite,0,Marseille,Public,0.3895282277999999,12,79.3
14728,M,Ouvrier,0,Lyon,Prive,0.6427682826185732,11,53.35
14729,F,Professions_intermediaires,0,Bordeaux,Prive,0.4175311240398688,12,81.45
14730,F,Ouvrier,0,Nantes,Prive,0.4005454266999709,13,52.32
14731,F,Agriculteur,0,Lille,Prive,0.33163569087980416,12,48.28
14732,F,Ouvrier,0,Bordeaux,Public,0.4079917348259874,10,68.19
14733,M,Professions_intermediaires,0,Marseille,Prive,0.2945887842411342,11,71.22
14734,F,Cadre,1,Bordeaux,Prive,0.6458600261294944,10,56.69
14735,M,Agriculteur,0,Paris,Public,0.4101872929548478,11,72.26
14736,M,Ouvrier,0,Marseille,Public,0.28326579302532084,12,52.27
14737,F,Professions_intermediaires,1,Lyon,Public,0.45936631577442893,13,71.29
14738,M,Professions_intermediaires,0,Nancy,Public,0.22070322004640952,12,150.07206904622834
14739,M,Employe,0,Bordeaux,Public,0.3288454125022997,10,57.85
14740,M,Employe,0,Nancy,Public,0.7708981712602034,11,80.65
14741,F,Agriculteur,0,Lyon,Prive,0.2823735474201826,12,61.18
14742,F,Professions_intermediaires,0,Toulouse,Prive,0.47131395722652486,10,67.83
14743,F,Professions_intermediaires,0,Paris,Prive,0.9412788545314825,10,87.56
14744,M,Retraite,1,Nancy,Prive,0.5498507768921661,10,55.3
14745,M,Cadre,0,Bordeaux,Prive,0.39784164950863765,13,81.59
14746,M,Retraite,0,Lyon,Prive,0.10246642851479848,10,53.64
14747,F,Retraite,1,Nancy,Prive,0.5333841715032754,11,39.71
14748,M,Professions_intermediaires,0,Nantes,Prive,0.3464595171535278,11,66.86
14749,F,Employe,1,Paris,Prive,0.6115601936776416,12,41.22
14750,M,Cadre,1,Lille,Prive,0.3647497857804957,12,72.33
14751,M,Ouvrier,1,Marseille,Public,0.555432672651892,11,47.89
14752,F,Agriculteur,0,Marseille,Public,0.7892752464688169,12,64.56
14753,F,Employe,0,Bordeaux,Prive,0.6342532222068437,13,66.6
14754,F,Retraite,1,Marseille,Public,0.23633331268914942,12,46.72
14755,M,Professions_intermediaires,0,Toulouse,Prive,0.5177933102575979,11,80.55
14756,M,Cadre,0,Lyon,Public,0.692696031823001,10,87.63
14757,F,Employe,0,Lyon,Prive,0.19607640202763005,12,59.83
14758,F,Ouvrier,0,Nantes,Public,0.837445151174962,12,69.16
14759,F,Agriculteur,1,Paris,Public,0.5281840543004014,10,46.36
14760,F,Agriculteur,1,Lyon,Prive,0.6152901765164999,10,61.98
14761,M,Employe,0,Nantes,Prive,0.43123423771575764,10,72.06
14762,F,Ouvrier,0,Nantes,Prive,0.5092640596078397,12,64.56
14763,M,Employe,0,Lyon,Prive,0.32111033234211966,11,53.51
14764,F,Agriculteur,0,Nantes,Prive,0.8094151170197927,11,71.05
14765,M,Professions_intermediaires,0,Bordeaux,Public,0.8586106974724027,13,76.51
14766,M,Ouvrier,0,Marseille,Prive,0.9293330451450554,12,66.42
14767,F,Ouvrier,0,Paris,Public,0.14685290137502505,10,55.58
14768,F,Ouvrier,0,Nantes,Prive,0.5659084350746966,11,77.4
14769,M,Agriculteur,0,Bordeaux,Prive,0.5864235429898531,11,71.73
14770,F,Agriculteur,0,Toulouse,Prive,0.35888880958975333,13,54.24
14771,F,Cadre,0,Marseille,Public,0.5745630157581312,12,93.5
14772,M,Agriculteur,0,Marseille,Prive,0.2126785136041272,10,49.78
14773,F,Ouvrier,0,Marseille,Prive,0.7943186640179797,11,72.3
14774,M,Professions_intermediaires,0,Lille,Public,0.19336550342401182,12,63.55
14775,M,Employe,0,Lyon,Prive,0.5500862697855734,11,73.49
14776,F,Agriculteur,0,Toulouse,Public,0.6578381906428508,11,77.94
14777,F,Cadre,1,Bordeaux,Public,0.38010004341135883,13,64.62
14778,F,Retraite,0,Paris,Prive,0.7745208665271806,10,62.37
14779,F,Professions_intermediaires,0,Nancy,Prive,0.13500053072855228,11,62.08
14780,F,Cadre,0,Bordeaux,Public,0.4938730678873004,12,90.17
14781,M,Retraite,0,Nancy,Public,0.16267285448101598,13,58.4
14782,F,Retraite,0,Bordeaux,Prive,0.3453426166410271,13,78.69
14783,F,Cadre,1,Toulouse,Public,0.4012358835722093,10,64.77
14784,F,Cadre,0,Bordeaux,Prive,0.3890303242021309,12,90.25
14785,F,Professions_intermediaires,0,Lille,Public,0.7541790872630958,12,77.67
14786,F,Employe,0,Marseille,Prive,0.26552120096385673,10,55.82
14787,F,Cadre,0,Marseille,Prive,0.18914498980756483,12,89.14
14788,M,Retraite,0,Bordeaux,Public,0.413786837261466,12,55.78
14789,M,Retraite,0,Paris,Prive,0.5226666416220128,10,51.77
14790,M,Cadre,0,Marseille,Public,0.600639064785532,12,74.28
14791,M,Cadre,0,Lyon,Public,0.7307640726181882,11,92.41
14792,M,Retraite,0,Toulouse,Prive,0.06999685491401414,10,48.53
14793,F,Employe,0,Paris,Prive,0.8377277542726198,11,62.34
14794,F,Ouvrier,0,Lyon,Prive,0.33631405376947576,11,75.22
14795,M,Ouvrier,0,Toulouse,Public,0.4443057170314244,12,39.12
14796,F,Ouvrier,1,Nancy,Public,0.5046338904212431,11,37.91
14797,M,Retraite,0,Toulouse,Public,0.065924190847227,13,69.05
14798,M,Ouvrier,0,Nantes,Prive,0.4135133405101567,12,58.63
14799,F,Employe,0,Nantes,Prive,0.6984096148309004,12,95.03
14800,M,Professions_intermediaires,0,Paris,Prive,0.6262850324556284,11,83.82
14801,M,Professions_intermediaires,0,Bordeaux,Public,0.39990961567975714,10,61.19
14802,M,Agriculteur,0,Paris,Public,0.5426075965847588,10,75.69
14803,F,Retraite,0,Lyon,Prive,0.5923065636372622,11,62.43
14804,F,Cadre,0,Nantes,Public,0.4482436948973095,12,82.08
14805,F,Employe,0,Nancy,Public,0.598497849032706,13,61.63
14806,F,Ouvrier,0,Marseille,Prive,0.33991099622284615,13,52.1
14807,M,Retraite,0,Lyon,Prive,0.3109311946538905,13,66.37
14808,M,Cadre,0,Marseille,Prive,0.4406018652974263,11,74.53
14809,F,Retraite,0,Nantes,Prive,0.0171425587919935,10,37.46
14810,M,Cadre,0,Nancy,Prive,0.6386549723403184,13,90.74
14811,M,Agriculteur,0,Lyon,Prive,0.5166291226947011,13,66.16
14812,F,Professions_intermediaires,0,Toulouse,Prive,0.45556456709553533,12,82.8
14813,F,Agriculteur,1,Lyon,Public,0.6593100961877083,11,46.1
14814,M,Professions_intermediaires,0,Paris,Prive,0.5774220080364018,10,66.975
14815,M,Employe,0,Paris,Public,0.7127601263638024,13,148.84118536842786
14816,M,Ouvrier,1,Nantes,Public,0.8159682749844832,13,51.6
14817,M,Ouvrier,0,Lyon,Public,0.5661120357001146,11,49.31
14818,M,Cadre,0,Lyon,Public,0.35605156591033627,12,80.3
14819,M,Retraite,0,Nantes,Public,0.6449780854903345,10,75.31
14820,F,Professions_intermediaires,0,Nantes,Prive,0.35671304031664974,10,67.37
14821,M,Agriculteur,0,Nancy,Public,0.34754889773867276,12,45.76
14822,M,Employe,0,Nantes,Public,0.44146778221523036,11,59.62
14823,F,Cadre,0,Paris,Prive,0.7316257039057505,10,82.06
14824,M,Cadre,0,Lyon,Public,0.6500379169617649,11,81.84
14825,M,Ouvrier,0,Marseille,Public,0.6771687140011905,12,50.89
14826,F,Professions_intermediaires,0,Nantes,Prive,0.5245782237663885,10,83.01
14827,F,Cadre,0,Paris,Prive,0.6138810655752228,11,93.48
14828,M,Cadre,1,Bordeaux,Prive,0.620176384570231,13,58.47
14829,M,Professions_intermediaires,0,Paris,Public,0.36233992932335074,10,67.07
14830,M,Ouvrier,0,Lille,Public,0.6176568385624188,10,54.73
14831,F,Retraite,0,Lyon,Public,0.4992129895589355,13,69.86
14832,M,Employe,1,Bordeaux,Public,0.4190055316080974,10,36.2
14833,F,Agriculteur,0,Nancy,Public,0.42860251737753574,12,60.23
14834,F,Agriculteur,0,Toulouse,Prive,0.3895151253614989,12,67.97
14835,F,Ouvrier,1,Nantes,Public,0.44381467810115727,12,32.64
14836,M,Employe,0,Nancy,Public,0.49837782779956846,13,82.05
14837,M,Cadre,0,Toulouse,Public,0.6330025958859725,12,80.45
14838,F,Agriculteur,0,Bordeaux,Public,0.8018579346317807,13,82.73
14839,F,Professions_intermediaires,1,Marseille,Prive,0.6136993429562223,12,65.94
14840,F,Cadre,0,Bordeaux,Prive,0.5234316515843515,10,73.38
14841,F,Retraite,0,Bordeaux,Public,0.09997422622516428,12,66.975
14842,F,Cadre,0,Toulouse,Prive,0.9837859595133974,10,88.31
14843,M,Retraite,1,Bordeaux,Public,0.35840936706220705,11,49.03
14844,F,Agriculteur,1,Nantes,Public,0.36487526860713015,12,45.83
14845,F,Employe,0,Bordeaux,Prive,0.7528353970282246,13,82.08
14846,F,Cadre,0,Marseille,Prive,0.2797578433696514,11,95.34
14847,M,Ouvrier,0,Marseille,Prive,0.574356914016134,10,77.17
14848,F,Employe,0,Lille,Public,0.40742001561824487,10,56.81
14849,F,Ouvrier,0,Nantes,Prive,0.44946221226378524,11,49.77
14850,M,Ouvrier,0,Marseille,Public,0.5099412469992742,10,49.59
14851,F,Ouvrier,0,Bordeaux,Prive,0.26127019550666264,11,66.46
14852,F,Agriculteur,0,Paris,Prive,0.4753030294232292,13,75.72
14853,M,Cadre,0,Bordeaux,Public,0.705190725361179,11,94.63
14854,M,Cadre,1,Lyon,Prive,0.48507700343354965,12,68.61
14855,M,Agriculteur,0,Marseille,Public,1.1997146682822541,10,79.71
14856,F,Agriculteur,0,Lille,Prive,0.5183222989744973,11,70.71
14857,F,Professions_intermediaires,1,Lyon,Public,0.2606827653552972,11,53.26
14858,M,Cadre,0,Nantes,Public,0.39569102102073395,12,82.72
14859,M,Professions_intermediaires,0,Toulouse,Public,0.11309883504036838,12,59.66
14860,M,Cadre,0,Toulouse,Prive,0.7155223284795853,13,100.0
14861,M,Cadre,0,Toulouse,Public,0.8210929203009303,13,80.26
14862,M,Employe,0,Lille,Public,0.6685895632309398,13,66.94
14863,M,Employe,0,Nancy,Public,0.33197394772799216,13,76.46
14864,M,Employe,0,Lyon,Public,0.32551055984861543,12,150.4800979716339
14865,M,Professions_intermediaires,1,Paris,Prive,0.64732727016635,12,45.82
14866,M,Agriculteur,0,Lyon,Prive,0.39581128875428023,13,45.98
14867,M,Cadre,0,Lyon,Public,0.3278692323238008,12,70.94
14868,F,Ouvrier,0,Lyon,Prive,0.30550733858955464,13,58.29
14869,M,Professions_intermediaires,1,Lille,Public,0.873810759967933,12,62.77
14870,F,Retraite,1,Toulouse,Prive,0.4071739030478677,12,43.16
14871,F,Professions_intermediaires,0,Lille,Prive,0.6663373236546235,11,84.34
14872,F,Ouvrier,0,Nancy,Public,0.6099149140638832,11,64.16
14873,M,Ouvrier,0,Lyon,Public,0.33026744953105136,11,64.85
14874,F,Professions_intermediaires,0,Lyon,Prive,0.5081089065554977,13,82.5
14875,F,Retraite,1,Nantes,Prive,0.29977059916202886,10,21.67
14876,F,Ouvrier,0,Paris,Public,0.7895890052809844,10,68.66
14877,F,Agriculteur,0,Paris,Prive,0.31784098773982405,11,63.56
14878,F,Agriculteur,0,Toulouse,Prive,0.5730546225146551,12,73.57
14879,F,Ouvrier,0,Marseille,Prive,0.4011605225474679,10,57.15
14880,M,Employe,0,Lyon,Prive,0.31502023527533535,10,48.43
14881,F,Ouvrier,0,Nancy,Prive,0.7154626172546283,11,70.36
14882,M,Professions_intermediaires,0,Nancy,Prive,0.39576505587188104,10,77.96
14883,M,Employe,0,Toulouse,Prive,0.1340775283839335,13,66.975
14884,M,Retraite,0,Nancy,Public,0.5848621667170033,10,81.42
14885,M,Ouvrier,0,Bordeaux,Prive,0.358501202083247,13,65.34
14886,M,Professions_intermediaires,1,Lyon,Prive,0.531519656981233,11,46.6
14887,M,Agriculteur,0,Marseille,Prive,0.6712241651795949,12,61.88
14888,F,Employe,0,Paris,Public,0.5713258652553769,13,71.89
14889,M,Employe,0,Lille,Public,0.6777608374184693,11,72.07
14890,F,Agriculteur,1,Bordeaux,Public,0.24036876075181418,10,49.37
14891,M,Ouvrier,0,Nantes,Public,0.7396920209615547,13,69.7
14892,M,Cadre,1,Nantes,Public,0.4405103617162395,13,67.97
14893,M,Employe,0,Paris,Prive,0.21467077549197794,12,50.72
14894,M,Ouvrier,0,Toulouse,Public,0.009083881598885457,13,47.94
14895,F,Cadre,0,Nantes,Prive,0.43832248622210807,12,87.23
14896,F,Cadre,0,Nancy,Prive,0.34275903140939845,12,79.91
14897,M,Cadre,0,Nancy,Public,0.3458590943818415,13,86.43
14898,F,Agriculteur,0,Lille,Public,0.5668723550975915,13,80.66
14899,F,Ouvrier,0,Bordeaux,Prive,0.8440540388471112,12,61.61
14900,F,Cadre,0,Nantes,Prive,0.31966916116633104,12,81.22
14901,M,Employe,0,Nantes,Public,0.5184063766878788,13,62.65
14902,F,Agriculteur,0,Marseille,Public,0.38644432087014763,11,63.18
14903,M,Professions_intermediaires,0,Lille,Prive,0.30260910729874246,12,54.87
14904,F,Agriculteur,0,Nantes,Prive,0.296813101251605,11,68.75
14905,F,Ouvrier,0,Paris,Prive,0.8284569778186828,11,94.52
14906,F,Cadre,0,Nancy,Public,0.5026543859881363,12,89.32
14907,F,Ouvrier,1,Lyon,Public,0.46198241210906443,13,61.26
14908,M,Employe,0,Nancy,Public,0.3629412929230567,10,66.975
14909,M,Retraite,0,Nantes,Public,0.5134474831908467,13,57.52
14910,M,Agriculteur,0,Bordeaux,Prive,0.3723952091129602,11,69.01
14911,F,Ouvrier,0,Nantes,Prive,0.886007549388721,12,77.06
14912,M,Cadre,0,Toulouse,Public,0.5503625731932945,10,91.71
14913,M,Retraite,0,Paris,Public,0.5278918917203277,13,58.12
14914,M,Employe,0,Lille,Public,0.5233615940016165,12,69.41
14915,M,Agriculteur,0,Paris,Prive,0.7615616131959508,12,88.8
14916,M,Employe,0,Lyon,Prive,0.4955857862795128,10,52.91
14917,M,Cadre,0,Bordeaux,Public,0.40470677414528344,12,91.21
14918,F,Retraite,0,Toulouse,Public,0.5322120049834078,13,76.84
14919,F,Agriculteur,0,Toulouse,Prive,0.6582681688425012,11,57.56
14920,M,Employe,0,Paris,Prive,0.7365924264163776,11,66.975
14921,M,Ouvrier,0,Lyon,Prive,0.5430021002485032,12,58.46
14922,F,Employe,0,Bordeaux,Public,0.5458755073126971,12,77.39
14923,F,Cadre,0,Nancy,Prive,0.6985478031207885,12,89.93
14924,M,Ouvrier,1,Marseille,Prive,-0.04683115889326539,11,23.01
14925,M,Retraite,0,Toulouse,Prive,0.5176417734154053,11,65.1
14926,F,Ouvrier,0,Toulouse,Public,0.3831142471844575,13,62.83
14927,M,Professions_intermediaires,0,Lille,Public,0.5116086740302278,10,72.81
14928,M,Retraite,0,Lille,Prive,0.5711404225184449,13,80.2
14929,M,Cadre,0,Toulouse,Prive,0.7490006785484684,11,89.78
14930,M,Professions_intermediaires,1,Lyon,Public,0.22309812392978023,11,54.58
14931,F,Ouvrier,0,Nancy,Public,0.35614678835257996,10,48.82
14932,F,Agriculteur,0,Paris,Prive,0.3221094298973603,11,68.85
14933,M,Retraite,0,Bordeaux,Prive,0.3786289857908993,11,56.77
14934,F,Agriculteur,0,Nancy,Public,0.2259575272682064,12,66.975
14935,F,Ouvrier,0,Lille,Prive,0.92748804166417,13,84.78
14936,F,Cadre,0,Toulouse,Prive,0.6741472000878734,13,83.41
14937,M,Agriculteur,0,Nancy,Public,0.34492249285495635,13,59.97
14938,M,Agriculteur,0,Paris,Public,0.5030997089480516,10,52.51
14939,F,Cadre,1,Nantes,Prive,0.4130504640427635,11,55.62
14940,M,Retraite,0,Marseille,Public,0.5312249270748794,12,49.41
14941,F,Employe,0,Nantes,Public,0.3464532198118191,12,75.73
14942,F,Agriculteur,0,Lyon,Public,0.19539344204670428,10,66.11
14943,M,Cadre,1,Marseille,Prive,0.38555113745311675,13,68.74
14944,M,Agriculteur,0,Marseille,Public,0.7762640956052871,13,78.26
14945,F,Professions_intermediaires,0,Lille,Prive,0.2030035849185115,13,60.33
14946,F,Cadre,0,Nantes,Public,0.7194250281120425,13,97.68
14947,M,Agriculteur,0,Bordeaux,Public,0.6119897422375953,12,68.73
14948,F,Retraite,0,Marseille,Prive,0.4200728559423803,13,68.96
14949,F,Agriculteur,0,Bordeaux,Public,0.6500118867432567,10,48.22
14950,F,Ouvrier,1,Toulouse,Public,0.5417230960387905,10,31.67
14951,F,Cadre,0,Bordeaux,Prive,0.07251086997804773,12,69.75
14952,M,Agriculteur,0,Marseille,Prive,0.41909194573324815,10,68.97
14953,F,Retraite,0,Nancy,Public,0.4249518668305225,11,49.67
14954,F,Cadre,0,Lille,Public,0.7889996772085708,11,100.0
14955,F,Agriculteur,1,Paris,Prive,0.41983500614237634,13,59.1
14956,F,Professions_intermediaires,0,Nantes,Prive,0.4578274574873912,10,86.29
14957,F,Employe,0,Bordeaux,Public,0.2677534251573481,13,76.33
14958,F,Retraite,0,Toulouse,Prive,0.48734118654422015,10,70.13
14959,F,Cadre,0,Lille,Public,0.2622223121404117,13,70.11
14960,M,Professions_intermediaires,1,Bordeaux,Public,0.7172083946691967,10,62.91
14961,M,Employe,0,Nancy,Public,0.41589268614765074,13,60.72
14962,M,Ouvrier,0,Marseille,Prive,0.2617427215195951,10,52.67
14963,F,Cadre,0,Bordeaux,Prive,0.7451018901027997,13,98.59
14964,M,Agriculteur,0,Paris,Public,0.23879272581374983,10,57.18
14965,F,Employe,0,Marseille,Prive,0.5510698640400622,11,64.08
14966,M,Retraite,0,Toulouse,Public,0.20254301686499276,11,66.1
14967,F,Agriculteur,0,Lyon,Prive,0.5586036783794207,11,63.42
14968,M,Professions_intermediaires,0,Nancy,Prive,0.7135107565635945,12,146.85042408087705
14969,F,Agriculteur,0,Nantes,Public,0.37035780386410566,13,65.89
14970,F,Retraite,0,Marseille,Prive,0.2640413428825925,10,65.54
14971,F,Agriculteur,0,Toulouse,Public,0.2702653504424969,10,71.03
14972,M,Agriculteur,0,Toulouse,Prive,0.4889268652255906,12,61.78
14973,F,Agriculteur,0,Bordeaux,Public,0.885599864427989,10,62.93
14974,F,Retraite,0,Bordeaux,Public,0.7135918884531147,12,81.71
14975,M,Ouvrier,0,Lyon,Public,0.7340957221641637,10,44.9
14976,F,Cadre,0,Lille,Prive,0.28601708397147124,11,84.45
14977,F,Retraite,0,Bordeaux,Prive,0.7193834040689884,12,69.9
14978,F,Cadre,0,Lille,Prive,0.6974136522223542,11,92.2
14979,F,Ouvrier,0,Lille,Prive,0.5610005207998711,12,65.62
14980,F,Retraite,0,Nancy,Prive,0.37368928874055884,13,60.58
14981,F,Professions_intermediaires,0,Bordeaux,Public,0.6944381421847086,11,79.03
14982,M,Retraite,0,Bordeaux,Prive,0.364427902946574,11,64.02
14983,F,Ouvrier,0,Nancy,Public,0.6314437666482006,10,66.79
14984,M,Ouvrier,0,Nancy,Public,0.4238588246206032,13,33.3
14985,F,Professions_intermediaires,0,Lyon,Public,0.3028964920680174,13,70.54
14986,M,Employe,0,Marseille,Public,0.41894885731601283,10,72.42
14987,F,Professions_intermediaires,0,Bordeaux,Public,0.8935809181026442,10,77.66
14988,F,Cadre,0,Bordeaux,Prive,0.2668216270802355,10,84.53
14989,F,Employe,1,Toulouse,Prive,0.6983040152649961,12,62.05
14990,M,Agriculteur,0,Paris,Prive,0.6680528305006999,13,72.54
14991,M,Ouvrier,0,Lyon,Prive,0.46312323824959956,10,60.3
14992,M,Retraite,1,Lille,Public,0.38957972865266177,12,29.36
14993,M,Ouvrier,0,Lyon,Prive,0.25033169579892517,12,53.67
14994,F,Professions_intermediaires,0,Marseille,Prive,0.7577230941733095,13,85.65
14995,M,Retraite,1,Paris,Public,0.26206781447597205,12,34.83
14996,M,Ouvrier,0,Lyon,Prive,-0.05767105072254364,12,44.26
14997,M,Retraite,0,Nantes,Public,0.5615890730755096,11,70.03
14998,M,Employe,0,Marseille,Public,0.2298480589258785,13,64.26
14999,F,Agriculteur,1,Nantes,Prive,0.47805403597427043,11,53.21
15000,F,Retraite,0,Nantes,Public,0.23123956460048106,10,45.46
10274,F,Ouvrier,0,Nancy,Prive,0.5087018380906101,10,59.99
12504,F,Professions_intermediaires,0,Toulouse,Public,0.586973649308889,11,82.59
3611,M,Agriculteur,0,Bordeaux,Public,0.4181952446461618,13,73.68
1802,F,Professions_intermediaires,0,Toulouse,Public,0.7327142018501952,13,67.13
5279,F,Retraite,0,Lille,Public,0.4676516414896858,12,56.27
5957,F,Agriculteur,0,Marseille,Prive,-0.014814076531906806,11,52.54
3777,M,Employe,0,Lyon,Public,0.6154437801887837,12,74.55
10685,M,Professions_intermediaires,0,Nantes,Prive,0.5423120707655757,10,63.77
6163,F,Retraite,0,Lyon,Public,0.1324717511401618,12,60.72
7652,M,Cadre,0,Toulouse,Public,0.7695533161269075,10,94.43
6464,F,Ouvrier,1,Lille,Public,0.6231484869955217,12,66.975
2930,M,Cadre,0,Nancy,Prive,0.247724713995153,11,93.05
1266,F,Agriculteur,0,Nancy,Prive,0.33042969733254995,12,65.19
5545,F,Retraite,0,Nantes,Public,0.6047412366582277,13,57.66
11119,F,Ouvrier,0,Nancy,Public,0.4826409619904366,11,66.975
